[INFO] Global config file: /usr/local/.phasar-config/glibc_function_list_v1-04.05.17.conf
[INFO] Global config file: /usr/local/.phasar-config/llvm_intrinsics_function_list_v1-04.05.17.conf
[DEBUG] IFDSTaintAnalysis::createZeroValue()
[INFO] Construct type hierarchy
[DEBUG] Target name: main
[DEBUG] Target name: __psrCRuntimeGlobalDtorsModel
[DEBUG] Target name: _Z11source_funcB5cxx11v
[DEBUG] Target name: _ZNSt7__cxx1112basic_stringIcSt11char_traitsIcESaIcEEC1ERKS4_
[DEBUG] Target name: _Z9sink_funcNSt7__cxx1112basic_stringIcSt11char_traitsIcESaIcEEE
[DEBUG] Target name: _ZNSt7__cxx1112basic_stringIcSt11char_traitsIcESaIcEED1Ev
[DEBUG] Target name: _ZNSt7__cxx1112basic_stringIcSt11char_traitsIcESaIcEED1Ev
[DEBUG] Target name: _ZNSt7__cxx1112basic_stringIcSt11char_traitsIcESaIcEED1Ev
[DEBUG] Target name: _ZNSt7__cxx1112basic_stringIcSt11char_traitsIcESaIcEEC1EPKcRKS3_
[DEBUG] Target name: _ZNSt15__new_allocatorIcED2Ev
[DEBUG] Target name: _ZNSt15__new_allocatorIcED2Ev
[DEBUG] IFDSTaintAnalysis::initialSeeds()
[INFO] IDE solver is solving the specified problem
[INFO] Submit initial seeds, construct exploded super graph
[DEBUG] Number of initial seeds: 3
[DEBUG] List of initial seeds: 
[DEBUG] Start point: %argc.addr = alloca i32, align 4, !psr.id !42 | ID: 38
[DEBUG] 	Fact: i32 %argc | ID: main.0
[DEBUG] 	Value: TOP
[DEBUG] 	Fact: i8** %argv | ID: main.1
[DEBUG] 	Value: TOP
[DEBUG] 	Fact: @zero_value = constant i2 0, align 4 | ID: -1
[DEBUG] 	Value: TOP
[DEBUG] Submit seed at: %argc.addr = alloca i32, align 4, !psr.id !42 | ID: 38
[DEBUG] 	Fact: i32 %argc | ID: main.0
[DEBUG] 	Value: TOP
[DEBUG] Propagate flow
[DEBUG] Source value  : i32 %argc | ID: main.0
[DEBUG] Target        : %argc.addr = alloca i32, align 4, !psr.id !42 | ID: 38
[DEBUG] Target value  : i32 %argc | ID: main.0
[DEBUG] Edge function : psr::EdgeIdentity<psr::BinaryDomain> (result of previous compose)
[DEBUG] Join: psr::AllTop<psr::BinaryDomain> & psr::EdgeIdentity<psr::BinaryDomain> 
[DEBUG]     = psr::EdgeIdentity<psr::BinaryDomain> (new jump func)
[DEBUG]  
[DEBUG] Start adding new jump function
[DEBUG] Fact at source : i32 %argc | ID: main.0
[DEBUG] Fact at target : i32 %argc | ID: main.0
[DEBUG] Destination    : %argc.addr = alloca i32, align 4, !psr.id !42 | ID: 38
[DEBUG] Edge Function  : psr::EdgeIdentity<psr::BinaryDomain>
[DEBUG] End adding new jump function
[DEBUG] -------------------------------------------- 1. Path Edge --------------------------------------------
[DEBUG]  
[DEBUG] Process 1. path edge:
[DEBUG] < D source: i32 %argc | ID: main.0 ;
[DEBUG]   N target: %argc.addr = alloca i32, align 4, !psr.id !42 | ID: 38 ;
[DEBUG]   D target: i32 %argc | ID: main.0 >
[DEBUG]  
[DEBUG] Process normal at target: %argc.addr = alloca i32, align 4, !psr.id !42 | ID: 38
[DEBUG] JumpFunctions Forward-Lookup:
[DEBUG]    Source D: i32 %argc | ID: main.0
[DEBUG]    Target N: %argc.addr = alloca i32, align 4, !psr.id !42 | ID: 38
[DEBUG]    Target D: i32 %argc | ID: main.0
[DEBUG]   => EdgeFn: psr::EdgeIdentity<psr::BinaryDomain>
[DEBUG] Normal flow function factory call
[DEBUG] (N) Curr Inst : %argc.addr = alloca i32, align 4, !psr.id !42 | ID: 38
[DEBUG] (N) Succ Inst : %argv.addr = alloca i8**, align 8, !psr.id !43 | ID: 39
[DEBUG] Flow function constructed
[DEBUG] Normal edge function factory call
[DEBUG] (N) Curr Inst : %argc.addr = alloca i32, align 4, !psr.id !42 | ID: 38
[DEBUG] (D) Curr Node : i32 %argc | ID: main.0
[DEBUG] (N) Succ Inst : %argv.addr = alloca i8**, align 8, !psr.id !43 | ID: 39
[DEBUG] (D) Succ Node : i32 %argc | ID: main.0
[DEBUG] Edge function constructed
[DEBUG] Provide Edge Function: psr::EdgeIdentity<psr::BinaryDomain>
[DEBUG] Queried Normal Edge Function: psr::EdgeIdentity<psr::BinaryDomain>
[DEBUG] Compose: psr::EdgeIdentity<psr::BinaryDomain> * psr::EdgeIdentity<psr::BinaryDomain> = psr::EdgeIdentity<psr::BinaryDomain>
[DEBUG] Propagate flow
[DEBUG] Source value  : i32 %argc | ID: main.0
[DEBUG] Target        : %argv.addr = alloca i8**, align 8, !psr.id !43 | ID: 39
[DEBUG] Target value  : i32 %argc | ID: main.0
[DEBUG] Edge function : psr::EdgeIdentity<psr::BinaryDomain> (result of previous compose)
[DEBUG] Join: psr::AllTop<psr::BinaryDomain> & psr::EdgeIdentity<psr::BinaryDomain> 
[DEBUG]     = psr::EdgeIdentity<psr::BinaryDomain> (new jump func)
[DEBUG]  
[DEBUG] Start adding new jump function
[DEBUG] Fact at source : i32 %argc | ID: main.0
[DEBUG] Fact at target : i32 %argc | ID: main.0
[DEBUG] Destination    : %argv.addr = alloca i8**, align 8, !psr.id !43 | ID: 39
[DEBUG] Edge Function  : psr::EdgeIdentity<psr::BinaryDomain>
[DEBUG] End adding new jump function
[DEBUG] -------------------------------------------- 2. Path Edge --------------------------------------------
[DEBUG]  
[DEBUG] Process 2. path edge:
[DEBUG] < D source: i32 %argc | ID: main.0 ;
[DEBUG]   N target: %argv.addr = alloca i8**, align 8, !psr.id !43 | ID: 39 ;
[DEBUG]   D target: i32 %argc | ID: main.0 >
[DEBUG]  
[DEBUG] Process normal at target: %argv.addr = alloca i8**, align 8, !psr.id !43 | ID: 39
[DEBUG] JumpFunctions Forward-Lookup:
[DEBUG]    Source D: i32 %argc | ID: main.0
[DEBUG]    Target N: %argv.addr = alloca i8**, align 8, !psr.id !43 | ID: 39
[DEBUG]    Target D: i32 %argc | ID: main.0
[DEBUG]   => EdgeFn: psr::EdgeIdentity<psr::BinaryDomain>
[DEBUG] Normal flow function factory call
[DEBUG] (N) Curr Inst : %argv.addr = alloca i8**, align 8, !psr.id !43 | ID: 39
[DEBUG] (N) Succ Inst : %conspicuous_x = alloca %"class.std::__cxx11::basic_string", align 8, !psr.id !44 | ID: 40
[DEBUG] Flow function constructed
[DEBUG] Normal edge function factory call
[DEBUG] (N) Curr Inst : %argv.addr = alloca i8**, align 8, !psr.id !43 | ID: 39
[DEBUG] (D) Curr Node : i32 %argc | ID: main.0
[DEBUG] (N) Succ Inst : %conspicuous_x = alloca %"class.std::__cxx11::basic_string", align 8, !psr.id !44 | ID: 40
[DEBUG] (D) Succ Node : i32 %argc | ID: main.0
[DEBUG] Edge function constructed
[DEBUG] Provide Edge Function: psr::EdgeIdentity<psr::BinaryDomain>
[DEBUG] Queried Normal Edge Function: psr::EdgeIdentity<psr::BinaryDomain>
[DEBUG] Compose: psr::EdgeIdentity<psr::BinaryDomain> * psr::EdgeIdentity<psr::BinaryDomain> = psr::EdgeIdentity<psr::BinaryDomain>
[DEBUG] Propagate flow
[DEBUG] Source value  : i32 %argc | ID: main.0
[DEBUG] Target        : %conspicuous_x = alloca %"class.std::__cxx11::basic_string", align 8, !psr.id !44 | ID: 40
[DEBUG] Target value  : i32 %argc | ID: main.0
[DEBUG] Edge function : psr::EdgeIdentity<psr::BinaryDomain> (result of previous compose)
[DEBUG] Join: psr::AllTop<psr::BinaryDomain> & psr::EdgeIdentity<psr::BinaryDomain> 
[DEBUG]     = psr::EdgeIdentity<psr::BinaryDomain> (new jump func)
[DEBUG]  
[DEBUG] Start adding new jump function
[DEBUG] Fact at source : i32 %argc | ID: main.0
[DEBUG] Fact at target : i32 %argc | ID: main.0
[DEBUG] Destination    : %conspicuous_x = alloca %"class.std::__cxx11::basic_string", align 8, !psr.id !44 | ID: 40
[DEBUG] Edge Function  : psr::EdgeIdentity<psr::BinaryDomain>
[DEBUG] End adding new jump function
[DEBUG] -------------------------------------------- 3. Path Edge --------------------------------------------
[DEBUG]  
[DEBUG] Process 3. path edge:
[DEBUG] < D source: i32 %argc | ID: main.0 ;
[DEBUG]   N target: %conspicuous_x = alloca %"class.std::__cxx11::basic_string", align 8, !psr.id !44 | ID: 40 ;
[DEBUG]   D target: i32 %argc | ID: main.0 >
[DEBUG]  
[DEBUG] Process normal at target: %conspicuous_x = alloca %"class.std::__cxx11::basic_string", align 8, !psr.id !44 | ID: 40
[DEBUG] JumpFunctions Forward-Lookup:
[DEBUG]    Source D: i32 %argc | ID: main.0
[DEBUG]    Target N: %conspicuous_x = alloca %"class.std::__cxx11::basic_string", align 8, !psr.id !44 | ID: 40
[DEBUG]    Target D: i32 %argc | ID: main.0
[DEBUG]   => EdgeFn: psr::EdgeIdentity<psr::BinaryDomain>
[DEBUG] Normal flow function factory call
[DEBUG] (N) Curr Inst : %conspicuous_x = alloca %"class.std::__cxx11::basic_string", align 8, !psr.id !44 | ID: 40
[DEBUG] (N) Succ Inst : %agg.tmp = alloca %"class.std::__cxx11::basic_string", align 8, !psr.id !45 | ID: 41
[DEBUG] Flow function constructed
[DEBUG] Normal edge function factory call
[DEBUG] (N) Curr Inst : %conspicuous_x = alloca %"class.std::__cxx11::basic_string", align 8, !psr.id !44 | ID: 40
[DEBUG] (D) Curr Node : i32 %argc | ID: main.0
[DEBUG] (N) Succ Inst : %agg.tmp = alloca %"class.std::__cxx11::basic_string", align 8, !psr.id !45 | ID: 41
[DEBUG] (D) Succ Node : i32 %argc | ID: main.0
[DEBUG] Edge function constructed
[DEBUG] Provide Edge Function: psr::EdgeIdentity<psr::BinaryDomain>
[DEBUG] Queried Normal Edge Function: psr::EdgeIdentity<psr::BinaryDomain>
[DEBUG] Compose: psr::EdgeIdentity<psr::BinaryDomain> * psr::EdgeIdentity<psr::BinaryDomain> = psr::EdgeIdentity<psr::BinaryDomain>
[DEBUG] Propagate flow
[DEBUG] Source value  : i32 %argc | ID: main.0
[DEBUG] Target        : %agg.tmp = alloca %"class.std::__cxx11::basic_string", align 8, !psr.id !45 | ID: 41
[DEBUG] Target value  : i32 %argc | ID: main.0
[DEBUG] Edge function : psr::EdgeIdentity<psr::BinaryDomain> (result of previous compose)
[DEBUG] Join: psr::AllTop<psr::BinaryDomain> & psr::EdgeIdentity<psr::BinaryDomain> 
[DEBUG]     = psr::EdgeIdentity<psr::BinaryDomain> (new jump func)
[DEBUG]  
[DEBUG] Start adding new jump function
[DEBUG] Fact at source : i32 %argc | ID: main.0
[DEBUG] Fact at target : i32 %argc | ID: main.0
[DEBUG] Destination    : %agg.tmp = alloca %"class.std::__cxx11::basic_string", align 8, !psr.id !45 | ID: 41
[DEBUG] Edge Function  : psr::EdgeIdentity<psr::BinaryDomain>
[DEBUG] End adding new jump function
[DEBUG] -------------------------------------------- 4. Path Edge --------------------------------------------
[DEBUG]  
[DEBUG] Process 4. path edge:
[DEBUG] < D source: i32 %argc | ID: main.0 ;
[DEBUG]   N target: %agg.tmp = alloca %"class.std::__cxx11::basic_string", align 8, !psr.id !45 | ID: 41 ;
[DEBUG]   D target: i32 %argc | ID: main.0 >
[DEBUG]  
[DEBUG] Process normal at target: %agg.tmp = alloca %"class.std::__cxx11::basic_string", align 8, !psr.id !45 | ID: 41
[DEBUG] JumpFunctions Forward-Lookup:
[DEBUG]    Source D: i32 %argc | ID: main.0
[DEBUG]    Target N: %agg.tmp = alloca %"class.std::__cxx11::basic_string", align 8, !psr.id !45 | ID: 41
[DEBUG]    Target D: i32 %argc | ID: main.0
[DEBUG]   => EdgeFn: psr::EdgeIdentity<psr::BinaryDomain>
[DEBUG] Normal flow function factory call
[DEBUG] (N) Curr Inst : %agg.tmp = alloca %"class.std::__cxx11::basic_string", align 8, !psr.id !45 | ID: 41
[DEBUG] (N) Succ Inst : %exn.slot = alloca i8*, align 8, !psr.id !46 | ID: 42
[DEBUG] Flow function constructed
[DEBUG] Normal edge function factory call
[DEBUG] (N) Curr Inst : %agg.tmp = alloca %"class.std::__cxx11::basic_string", align 8, !psr.id !45 | ID: 41
[DEBUG] (D) Curr Node : i32 %argc | ID: main.0
[DEBUG] (N) Succ Inst : %exn.slot = alloca i8*, align 8, !psr.id !46 | ID: 42
[DEBUG] (D) Succ Node : i32 %argc | ID: main.0
[DEBUG] Edge function constructed
[DEBUG] Provide Edge Function: psr::EdgeIdentity<psr::BinaryDomain>
[DEBUG] Queried Normal Edge Function: psr::EdgeIdentity<psr::BinaryDomain>
[DEBUG] Compose: psr::EdgeIdentity<psr::BinaryDomain> * psr::EdgeIdentity<psr::BinaryDomain> = psr::EdgeIdentity<psr::BinaryDomain>
[DEBUG] Propagate flow
[DEBUG] Source value  : i32 %argc | ID: main.0
[DEBUG] Target        : %exn.slot = alloca i8*, align 8, !psr.id !46 | ID: 42
[DEBUG] Target value  : i32 %argc | ID: main.0
[DEBUG] Edge function : psr::EdgeIdentity<psr::BinaryDomain> (result of previous compose)
[DEBUG] Join: psr::AllTop<psr::BinaryDomain> & psr::EdgeIdentity<psr::BinaryDomain> 
[DEBUG]     = psr::EdgeIdentity<psr::BinaryDomain> (new jump func)
[DEBUG]  
[DEBUG] Start adding new jump function
[DEBUG] Fact at source : i32 %argc | ID: main.0
[DEBUG] Fact at target : i32 %argc | ID: main.0
[DEBUG] Destination    : %exn.slot = alloca i8*, align 8, !psr.id !46 | ID: 42
[DEBUG] Edge Function  : psr::EdgeIdentity<psr::BinaryDomain>
[DEBUG] End adding new jump function
[DEBUG] -------------------------------------------- 5. Path Edge --------------------------------------------
[DEBUG]  
[DEBUG] Process 5. path edge:
[DEBUG] < D source: i32 %argc | ID: main.0 ;
[DEBUG]   N target: %exn.slot = alloca i8*, align 8, !psr.id !46 | ID: 42 ;
[DEBUG]   D target: i32 %argc | ID: main.0 >
[DEBUG]  
[DEBUG] Process normal at target: %exn.slot = alloca i8*, align 8, !psr.id !46 | ID: 42
[DEBUG] JumpFunctions Forward-Lookup:
[DEBUG]    Source D: i32 %argc | ID: main.0
[DEBUG]    Target N: %exn.slot = alloca i8*, align 8, !psr.id !46 | ID: 42
[DEBUG]    Target D: i32 %argc | ID: main.0
[DEBUG]   => EdgeFn: psr::EdgeIdentity<psr::BinaryDomain>
[DEBUG] Normal flow function factory call
[DEBUG] (N) Curr Inst : %exn.slot = alloca i8*, align 8, !psr.id !46 | ID: 42
[DEBUG] (N) Succ Inst : %ehselector.slot = alloca i32, align 4, !psr.id !47 | ID: 43
[DEBUG] Flow function constructed
[DEBUG] Normal edge function factory call
[DEBUG] (N) Curr Inst : %exn.slot = alloca i8*, align 8, !psr.id !46 | ID: 42
[DEBUG] (D) Curr Node : i32 %argc | ID: main.0
[DEBUG] (N) Succ Inst : %ehselector.slot = alloca i32, align 4, !psr.id !47 | ID: 43
[DEBUG] (D) Succ Node : i32 %argc | ID: main.0
[DEBUG] Edge function constructed
[DEBUG] Provide Edge Function: psr::EdgeIdentity<psr::BinaryDomain>
[DEBUG] Queried Normal Edge Function: psr::EdgeIdentity<psr::BinaryDomain>
[DEBUG] Compose: psr::EdgeIdentity<psr::BinaryDomain> * psr::EdgeIdentity<psr::BinaryDomain> = psr::EdgeIdentity<psr::BinaryDomain>
[DEBUG] Propagate flow
[DEBUG] Source value  : i32 %argc | ID: main.0
[DEBUG] Target        : %ehselector.slot = alloca i32, align 4, !psr.id !47 | ID: 43
[DEBUG] Target value  : i32 %argc | ID: main.0
[DEBUG] Edge function : psr::EdgeIdentity<psr::BinaryDomain> (result of previous compose)
[DEBUG] Join: psr::AllTop<psr::BinaryDomain> & psr::EdgeIdentity<psr::BinaryDomain> 
[DEBUG]     = psr::EdgeIdentity<psr::BinaryDomain> (new jump func)
[DEBUG]  
[DEBUG] Start adding new jump function
[DEBUG] Fact at source : i32 %argc | ID: main.0
[DEBUG] Fact at target : i32 %argc | ID: main.0
[DEBUG] Destination    : %ehselector.slot = alloca i32, align 4, !psr.id !47 | ID: 43
[DEBUG] Edge Function  : psr::EdgeIdentity<psr::BinaryDomain>
[DEBUG] End adding new jump function
[DEBUG] -------------------------------------------- 6. Path Edge --------------------------------------------
[DEBUG]  
[DEBUG] Process 6. path edge:
[DEBUG] < D source: i32 %argc | ID: main.0 ;
[DEBUG]   N target: %ehselector.slot = alloca i32, align 4, !psr.id !47 | ID: 43 ;
[DEBUG]   D target: i32 %argc | ID: main.0 >
[DEBUG]  
[DEBUG] Process normal at target: %ehselector.slot = alloca i32, align 4, !psr.id !47 | ID: 43
[DEBUG] JumpFunctions Forward-Lookup:
[DEBUG]    Source D: i32 %argc | ID: main.0
[DEBUG]    Target N: %ehselector.slot = alloca i32, align 4, !psr.id !47 | ID: 43
[DEBUG]    Target D: i32 %argc | ID: main.0
[DEBUG]   => EdgeFn: psr::EdgeIdentity<psr::BinaryDomain>
[DEBUG] Normal flow function factory call
[DEBUG] (N) Curr Inst : %ehselector.slot = alloca i32, align 4, !psr.id !47 | ID: 43
[DEBUG] (N) Succ Inst : store i32 %argc, i32* %argc.addr, align 4, !psr.id !48 | ID: 44
[DEBUG] Flow function constructed
[DEBUG] Normal edge function factory call
[DEBUG] (N) Curr Inst : %ehselector.slot = alloca i32, align 4, !psr.id !47 | ID: 43
[DEBUG] (D) Curr Node : i32 %argc | ID: main.0
[DEBUG] (N) Succ Inst : store i32 %argc, i32* %argc.addr, align 4, !psr.id !48 | ID: 44
[DEBUG] (D) Succ Node : i32 %argc | ID: main.0
[DEBUG] Edge function constructed
[DEBUG] Provide Edge Function: psr::EdgeIdentity<psr::BinaryDomain>
[DEBUG] Queried Normal Edge Function: psr::EdgeIdentity<psr::BinaryDomain>
[DEBUG] Compose: psr::EdgeIdentity<psr::BinaryDomain> * psr::EdgeIdentity<psr::BinaryDomain> = psr::EdgeIdentity<psr::BinaryDomain>
[DEBUG] Propagate flow
[DEBUG] Source value  : i32 %argc | ID: main.0
[DEBUG] Target        : store i32 %argc, i32* %argc.addr, align 4, !psr.id !48 | ID: 44
[DEBUG] Target value  : i32 %argc | ID: main.0
[DEBUG] Edge function : psr::EdgeIdentity<psr::BinaryDomain> (result of previous compose)
[DEBUG] Join: psr::AllTop<psr::BinaryDomain> & psr::EdgeIdentity<psr::BinaryDomain> 
[DEBUG]     = psr::EdgeIdentity<psr::BinaryDomain> (new jump func)
[DEBUG]  
[DEBUG] Start adding new jump function
[DEBUG] Fact at source : i32 %argc | ID: main.0
[DEBUG] Fact at target : i32 %argc | ID: main.0
[DEBUG] Destination    : store i32 %argc, i32* %argc.addr, align 4, !psr.id !48 | ID: 44
[DEBUG] Edge Function  : psr::EdgeIdentity<psr::BinaryDomain>
[DEBUG] End adding new jump function
[DEBUG] -------------------------------------------- 7. Path Edge --------------------------------------------
[DEBUG]  
[DEBUG] Process 7. path edge:
[DEBUG] < D source: i32 %argc | ID: main.0 ;
[DEBUG]   N target: store i32 %argc, i32* %argc.addr, align 4, !psr.id !48 | ID: 44 ;
[DEBUG]   D target: i32 %argc | ID: main.0 >
[DEBUG]  
[DEBUG] Process normal at target: store i32 %argc, i32* %argc.addr, align 4, !psr.id !48 | ID: 44
[DEBUG] JumpFunctions Forward-Lookup:
[DEBUG]    Source D: i32 %argc | ID: main.0
[DEBUG]    Target N: store i32 %argc, i32* %argc.addr, align 4, !psr.id !48 | ID: 44
[DEBUG]    Target D: i32 %argc | ID: main.0
[DEBUG]   => EdgeFn: psr::EdgeIdentity<psr::BinaryDomain>
[DEBUG] Normal flow function factory call
[DEBUG] (N) Curr Inst : store i32 %argc, i32* %argc.addr, align 4, !psr.id !48 | ID: 44
[DEBUG] (N) Succ Inst : store i8** %argv, i8*** %argv.addr, align 8, !psr.id !49 | ID: 45
[DEBUG] Flow function constructed
[DEBUG] Normal edge function factory call
[DEBUG] (N) Curr Inst : store i32 %argc, i32* %argc.addr, align 4, !psr.id !48 | ID: 44
[DEBUG] (D) Curr Node : i32 %argc | ID: main.0
[DEBUG] (N) Succ Inst : store i8** %argv, i8*** %argv.addr, align 8, !psr.id !49 | ID: 45
[DEBUG] (D) Succ Node : i32 %argc | ID: main.0
[DEBUG] Edge function constructed
[DEBUG] Provide Edge Function: psr::EdgeIdentity<psr::BinaryDomain>
[DEBUG] Queried Normal Edge Function: psr::EdgeIdentity<psr::BinaryDomain>
[DEBUG] Compose: psr::EdgeIdentity<psr::BinaryDomain> * psr::EdgeIdentity<psr::BinaryDomain> = psr::EdgeIdentity<psr::BinaryDomain>
[DEBUG] Propagate flow
[DEBUG] Source value  : i32 %argc | ID: main.0
[DEBUG] Target        : store i8** %argv, i8*** %argv.addr, align 8, !psr.id !49 | ID: 45
[DEBUG] Target value  : i32 %argc | ID: main.0
[DEBUG] Edge function : psr::EdgeIdentity<psr::BinaryDomain> (result of previous compose)
[DEBUG] Join: psr::AllTop<psr::BinaryDomain> & psr::EdgeIdentity<psr::BinaryDomain> 
[DEBUG]     = psr::EdgeIdentity<psr::BinaryDomain> (new jump func)
[DEBUG]  
[DEBUG] Start adding new jump function
[DEBUG] Fact at source : i32 %argc | ID: main.0
[DEBUG] Fact at target : i32 %argc | ID: main.0
[DEBUG] Destination    : store i8** %argv, i8*** %argv.addr, align 8, !psr.id !49 | ID: 45
[DEBUG] Edge Function  : psr::EdgeIdentity<psr::BinaryDomain>
[DEBUG] End adding new jump function
[DEBUG] -------------------------------------------- 8. Path Edge --------------------------------------------
[DEBUG]  
[DEBUG] Process 8. path edge:
[DEBUG] < D source: i32 %argc | ID: main.0 ;
[DEBUG]   N target: store i8** %argv, i8*** %argv.addr, align 8, !psr.id !49 | ID: 45 ;
[DEBUG]   D target: i32 %argc | ID: main.0 >
[DEBUG]  
[DEBUG] Process normal at target: store i8** %argv, i8*** %argv.addr, align 8, !psr.id !49 | ID: 45
[DEBUG] JumpFunctions Forward-Lookup:
[DEBUG]    Source D: i32 %argc | ID: main.0
[DEBUG]    Target N: store i8** %argv, i8*** %argv.addr, align 8, !psr.id !49 | ID: 45
[DEBUG]    Target D: i32 %argc | ID: main.0
[DEBUG]   => EdgeFn: psr::EdgeIdentity<psr::BinaryDomain>
[DEBUG] Normal flow function factory call
[DEBUG] (N) Curr Inst : store i8** %argv, i8*** %argv.addr, align 8, !psr.id !49 | ID: 45
[DEBUG] (N) Succ Inst : call void @_Z11source_funcB5cxx11v(%"class.std::__cxx11::basic_string"* sret(%"class.std::__cxx11::basic_string") align 8 %conspicuous_x), !psr.id !50 | ID: 46
[DEBUG] Flow function constructed
[DEBUG] Normal edge function factory call
[DEBUG] (N) Curr Inst : store i8** %argv, i8*** %argv.addr, align 8, !psr.id !49 | ID: 45
[DEBUG] (D) Curr Node : i32 %argc | ID: main.0
[DEBUG] (N) Succ Inst : call void @_Z11source_funcB5cxx11v(%"class.std::__cxx11::basic_string"* sret(%"class.std::__cxx11::basic_string") align 8 %conspicuous_x), !psr.id !50 | ID: 46
[DEBUG] (D) Succ Node : i32 %argc | ID: main.0
[DEBUG] Edge function constructed
[DEBUG] Provide Edge Function: psr::EdgeIdentity<psr::BinaryDomain>
[DEBUG] Queried Normal Edge Function: psr::EdgeIdentity<psr::BinaryDomain>
[DEBUG] Compose: psr::EdgeIdentity<psr::BinaryDomain> * psr::EdgeIdentity<psr::BinaryDomain> = psr::EdgeIdentity<psr::BinaryDomain>
[DEBUG] Propagate flow
[DEBUG] Source value  : i32 %argc | ID: main.0
[DEBUG] Target        : call void @_Z11source_funcB5cxx11v(%"class.std::__cxx11::basic_string"* sret(%"class.std::__cxx11::basic_string") align 8 %conspicuous_x), !psr.id !50 | ID: 46
[DEBUG] Target value  : i32 %argc | ID: main.0
[DEBUG] Edge function : psr::EdgeIdentity<psr::BinaryDomain> (result of previous compose)
[DEBUG] Join: psr::AllTop<psr::BinaryDomain> & psr::EdgeIdentity<psr::BinaryDomain> 
[DEBUG]     = psr::EdgeIdentity<psr::BinaryDomain> (new jump func)
[DEBUG]  
[DEBUG] Start adding new jump function
[DEBUG] Fact at source : i32 %argc | ID: main.0
[DEBUG] Fact at target : i32 %argc | ID: main.0
[DEBUG] Destination    : call void @_Z11source_funcB5cxx11v(%"class.std::__cxx11::basic_string"* sret(%"class.std::__cxx11::basic_string") align 8 %conspicuous_x), !psr.id !50 | ID: 46
[DEBUG] Edge Function  : psr::EdgeIdentity<psr::BinaryDomain>
[DEBUG] End adding new jump function
[DEBUG] -------------------------------------------- 9. Path Edge --------------------------------------------
[DEBUG]  
[DEBUG] Process 9. path edge:
[DEBUG] < D source: i32 %argc | ID: main.0 ;
[DEBUG]   N target: call void @_Z11source_funcB5cxx11v(%"class.std::__cxx11::basic_string"* sret(%"class.std::__cxx11::basic_string") align 8 %conspicuous_x), !psr.id !50 | ID: 46 ;
[DEBUG]   D target: i32 %argc | ID: main.0 >
[DEBUG]  
[DEBUG] Process call at target: call void @_Z11source_funcB5cxx11v(%"class.std::__cxx11::basic_string"* sret(%"class.std::__cxx11::basic_string") align 8 %conspicuous_x), !psr.id !50 | ID: 46
[DEBUG] JumpFunctions Forward-Lookup:
[DEBUG]    Source D: i32 %argc | ID: main.0
[DEBUG]    Target N: call void @_Z11source_funcB5cxx11v(%"class.std::__cxx11::basic_string"* sret(%"class.std::__cxx11::basic_string") align 8 %conspicuous_x), !psr.id !50 | ID: 46
[DEBUG]    Target D: i32 %argc | ID: main.0
[DEBUG]   => EdgeFn: psr::EdgeIdentity<psr::BinaryDomain>
[DEBUG] Possible callees:
[DEBUG]   _Z11source_funcB5cxx11v
[DEBUG] Possible return sites:
[DEBUG]   invoke void @_ZNSt7__cxx1112basic_stringIcSt11char_traitsIcESaIcEEC1ERKS4_(%"class.std::__cxx11::basic_string"* noundef nonnull align 8 dereferenceable(32) %agg.tmp, %"class.std::__cxx11::basic_string"* noundef nonnull align 8 dereferenceable(32) %conspicuous_x)
          to label %invoke.cont unwind label %lpad, !psr.id !51 | ID: 47
[DEBUG] Summary flow function factory call
[DEBUG] (N) Call Stmt : call void @_Z11source_funcB5cxx11v(%"class.std::__cxx11::basic_string"* sret(%"class.std::__cxx11::basic_string") align 8 %conspicuous_x), !psr.id !50 | ID: 46
[DEBUG] (F) Dest Mthd : _Z11source_funcB5cxx11v
[DEBUG]  
[DEBUG] Call flow function factory call
[DEBUG] (N) Call Stmt : call void @_Z11source_funcB5cxx11v(%"class.std::__cxx11::basic_string"* sret(%"class.std::__cxx11::basic_string") align 8 %conspicuous_x), !psr.id !50 | ID: 46
[DEBUG] (F) Dest Fun : _Z11source_funcB5cxx11v
[DEBUG] Flow function constructed
[DEBUG] Call-to-Return flow function factory call
[DEBUG] (N) Call Site : call void @_Z11source_funcB5cxx11v(%"class.std::__cxx11::basic_string"* sret(%"class.std::__cxx11::basic_string") align 8 %conspicuous_x), !psr.id !50 | ID: 46
[DEBUG] (N) Ret Site  : invoke void @_ZNSt7__cxx1112basic_stringIcSt11char_traitsIcESaIcEEC1ERKS4_(%"class.std::__cxx11::basic_string"* noundef nonnull align 8 dereferenceable(32) %agg.tmp, %"class.std::__cxx11::basic_string"* noundef nonnull align 8 dereferenceable(32) %conspicuous_x)
          to label %invoke.cont unwind label %lpad, !psr.id !51 | ID: 47
[DEBUG] (F) Callee's  : 
[DEBUG]   _Z11source_funcB5cxx11v
[DEBUG] Flow function constructed
[DEBUG] Call-to-Return edge function factory call
[DEBUG] (N) Call Site : call void @_Z11source_funcB5cxx11v(%"class.std::__cxx11::basic_string"* sret(%"class.std::__cxx11::basic_string") align 8 %conspicuous_x), !psr.id !50 | ID: 46
[DEBUG] (D) Call Node : i32 %argc | ID: main.0
[DEBUG] (N) Ret Site  : invoke void @_ZNSt7__cxx1112basic_stringIcSt11char_traitsIcESaIcEEC1ERKS4_(%"class.std::__cxx11::basic_string"* noundef nonnull align 8 dereferenceable(32) %agg.tmp, %"class.std::__cxx11::basic_string"* noundef nonnull align 8 dereferenceable(32) %conspicuous_x)
          to label %invoke.cont unwind label %lpad, !psr.id !51 | ID: 47
[DEBUG] (D) Ret Node  : i32 %argc | ID: main.0
[DEBUG] (F) Callee's  : 
[DEBUG]   _Z11source_funcB5cxx11v
[DEBUG] Edge function constructed
[DEBUG] Provide Edge Function: psr::EdgeIdentity<psr::BinaryDomain>
[DEBUG] Queried Call-to-Return Edge Function: psr::EdgeIdentity<psr::BinaryDomain>
[DEBUG] Compose: psr::EdgeIdentity<psr::BinaryDomain> * psr::EdgeIdentity<psr::BinaryDomain> = psr::EdgeIdentity<psr::BinaryDomain>
[DEBUG] Propagate flow
[DEBUG] Source value  : i32 %argc | ID: main.0
[DEBUG] Target        : invoke void @_ZNSt7__cxx1112basic_stringIcSt11char_traitsIcESaIcEEC1ERKS4_(%"class.std::__cxx11::basic_string"* noundef nonnull align 8 dereferenceable(32) %agg.tmp, %"class.std::__cxx11::basic_string"* noundef nonnull align 8 dereferenceable(32) %conspicuous_x)
          to label %invoke.cont unwind label %lpad, !psr.id !51 | ID: 47
[DEBUG] Target value  : i32 %argc | ID: main.0
[DEBUG] Edge function : psr::EdgeIdentity<psr::BinaryDomain> (result of previous compose)
[DEBUG] Join: psr::AllTop<psr::BinaryDomain> & psr::EdgeIdentity<psr::BinaryDomain> 
[DEBUG]     = psr::EdgeIdentity<psr::BinaryDomain> (new jump func)
[DEBUG]  
[DEBUG] Start adding new jump function
[DEBUG] Fact at source : i32 %argc | ID: main.0
[DEBUG] Fact at target : i32 %argc | ID: main.0
[DEBUG] Destination    : invoke void @_ZNSt7__cxx1112basic_stringIcSt11char_traitsIcESaIcEEC1ERKS4_(%"class.std::__cxx11::basic_string"* noundef nonnull align 8 dereferenceable(32) %agg.tmp, %"class.std::__cxx11::basic_string"* noundef nonnull align 8 dereferenceable(32) %conspicuous_x)
          to label %invoke.cont unwind label %lpad, !psr.id !51 | ID: 47
[DEBUG] Edge Function  : psr::EdgeIdentity<psr::BinaryDomain>
[DEBUG] End adding new jump function
[DEBUG] -------------------------------------------- 10. Path Edge --------------------------------------------
[DEBUG]  
[DEBUG] Process 10. path edge:
[DEBUG] < D source: i32 %argc | ID: main.0 ;
[DEBUG]   N target: invoke void @_ZNSt7__cxx1112basic_stringIcSt11char_traitsIcESaIcEEC1ERKS4_(%"class.std::__cxx11::basic_string"* noundef nonnull align 8 dereferenceable(32) %agg.tmp, %"class.std::__cxx11::basic_string"* noundef nonnull align 8 dereferenceable(32) %conspicuous_x)
          to label %invoke.cont unwind label %lpad, !psr.id !51 | ID: 47 ;
[DEBUG]   D target: i32 %argc | ID: main.0 >
[DEBUG]  
[DEBUG] Process call at target: invoke void @_ZNSt7__cxx1112basic_stringIcSt11char_traitsIcESaIcEEC1ERKS4_(%"class.std::__cxx11::basic_string"* noundef nonnull align 8 dereferenceable(32) %agg.tmp, %"class.std::__cxx11::basic_string"* noundef nonnull align 8 dereferenceable(32) %conspicuous_x)
          to label %invoke.cont unwind label %lpad, !psr.id !51 | ID: 47
[DEBUG] JumpFunctions Forward-Lookup:
[DEBUG]    Source D: i32 %argc | ID: main.0
[DEBUG]    Target N: invoke void @_ZNSt7__cxx1112basic_stringIcSt11char_traitsIcESaIcEEC1ERKS4_(%"class.std::__cxx11::basic_string"* noundef nonnull align 8 dereferenceable(32) %agg.tmp, %"class.std::__cxx11::basic_string"* noundef nonnull align 8 dereferenceable(32) %conspicuous_x)
          to label %invoke.cont unwind label %lpad, !psr.id !51 | ID: 47
[DEBUG]    Target D: i32 %argc | ID: main.0
[DEBUG]   => EdgeFn: psr::EdgeIdentity<psr::BinaryDomain>
[DEBUG] Possible callees:
[DEBUG]   _ZNSt7__cxx1112basic_stringIcSt11char_traitsIcESaIcEEC1ERKS4_
[DEBUG] Possible return sites:
[DEBUG]   call void @_Z9sink_funcNSt7__cxx1112basic_stringIcSt11char_traitsIcESaIcEEE(%"class.std::__cxx11::basic_string"* noundef %agg.tmp), !psr.id !52 | ID: 48
[DEBUG]   %0 = landingpad { i8*, i32 }
          cleanup, !psr.id !56 | ID: 52
[DEBUG] Summary flow function factory call
[DEBUG] (N) Call Stmt : invoke void @_ZNSt7__cxx1112basic_stringIcSt11char_traitsIcESaIcEEC1ERKS4_(%"class.std::__cxx11::basic_string"* noundef nonnull align 8 dereferenceable(32) %agg.tmp, %"class.std::__cxx11::basic_string"* noundef nonnull align 8 dereferenceable(32) %conspicuous_x)
          to label %invoke.cont unwind label %lpad, !psr.id !51 | ID: 47
[DEBUG] (F) Dest Mthd : _ZNSt7__cxx1112basic_stringIcSt11char_traitsIcESaIcEEC1ERKS4_
[DEBUG]  
[DEBUG] Call flow function factory call
[DEBUG] (N) Call Stmt : invoke void @_ZNSt7__cxx1112basic_stringIcSt11char_traitsIcESaIcEEC1ERKS4_(%"class.std::__cxx11::basic_string"* noundef nonnull align 8 dereferenceable(32) %agg.tmp, %"class.std::__cxx11::basic_string"* noundef nonnull align 8 dereferenceable(32) %conspicuous_x)
          to label %invoke.cont unwind label %lpad, !psr.id !51 | ID: 47
[DEBUG] (F) Dest Fun : _ZNSt7__cxx1112basic_stringIcSt11char_traitsIcESaIcEEC1ERKS4_
[DEBUG] Flow function constructed
[DEBUG] Start points of '_ZNSt7__cxx1112basic_stringIcSt11char_traitsIcESaIcEEC1ERKS4_' currently not available!
[DEBUG] Call-to-Return flow function factory call
[DEBUG] (N) Call Site : invoke void @_ZNSt7__cxx1112basic_stringIcSt11char_traitsIcESaIcEEC1ERKS4_(%"class.std::__cxx11::basic_string"* noundef nonnull align 8 dereferenceable(32) %agg.tmp, %"class.std::__cxx11::basic_string"* noundef nonnull align 8 dereferenceable(32) %conspicuous_x)
          to label %invoke.cont unwind label %lpad, !psr.id !51 | ID: 47
[DEBUG] (N) Ret Site  : call void @_Z9sink_funcNSt7__cxx1112basic_stringIcSt11char_traitsIcESaIcEEE(%"class.std::__cxx11::basic_string"* noundef %agg.tmp), !psr.id !52 | ID: 48
[DEBUG] (F) Callee's  : 
[DEBUG]   _ZNSt7__cxx1112basic_stringIcSt11char_traitsIcESaIcEEC1ERKS4_
[DEBUG] Flow function constructed
[DEBUG] Call-to-Return edge function factory call
[DEBUG] (N) Call Site : invoke void @_ZNSt7__cxx1112basic_stringIcSt11char_traitsIcESaIcEEC1ERKS4_(%"class.std::__cxx11::basic_string"* noundef nonnull align 8 dereferenceable(32) %agg.tmp, %"class.std::__cxx11::basic_string"* noundef nonnull align 8 dereferenceable(32) %conspicuous_x)
          to label %invoke.cont unwind label %lpad, !psr.id !51 | ID: 47
[DEBUG] (D) Call Node : i32 %argc | ID: main.0
[DEBUG] (N) Ret Site  : call void @_Z9sink_funcNSt7__cxx1112basic_stringIcSt11char_traitsIcESaIcEEE(%"class.std::__cxx11::basic_string"* noundef %agg.tmp), !psr.id !52 | ID: 48
[DEBUG] (D) Ret Node  : i32 %argc | ID: main.0
[DEBUG] (F) Callee's  : 
[DEBUG]   _ZNSt7__cxx1112basic_stringIcSt11char_traitsIcESaIcEEC1ERKS4_
[DEBUG] Edge function constructed
[DEBUG] Provide Edge Function: psr::EdgeIdentity<psr::BinaryDomain>
[DEBUG] Queried Call-to-Return Edge Function: psr::EdgeIdentity<psr::BinaryDomain>
[DEBUG] Compose: psr::EdgeIdentity<psr::BinaryDomain> * psr::EdgeIdentity<psr::BinaryDomain> = psr::EdgeIdentity<psr::BinaryDomain>
[DEBUG] Propagate flow
[DEBUG] Source value  : i32 %argc | ID: main.0
[DEBUG] Target        : call void @_Z9sink_funcNSt7__cxx1112basic_stringIcSt11char_traitsIcESaIcEEE(%"class.std::__cxx11::basic_string"* noundef %agg.tmp), !psr.id !52 | ID: 48
[DEBUG] Target value  : i32 %argc | ID: main.0
[DEBUG] Edge function : psr::EdgeIdentity<psr::BinaryDomain> (result of previous compose)
[DEBUG] Join: psr::AllTop<psr::BinaryDomain> & psr::EdgeIdentity<psr::BinaryDomain> 
[DEBUG]     = psr::EdgeIdentity<psr::BinaryDomain> (new jump func)
[DEBUG]  
[DEBUG] Start adding new jump function
[DEBUG] Fact at source : i32 %argc | ID: main.0
[DEBUG] Fact at target : i32 %argc | ID: main.0
[DEBUG] Destination    : call void @_Z9sink_funcNSt7__cxx1112basic_stringIcSt11char_traitsIcESaIcEEE(%"class.std::__cxx11::basic_string"* noundef %agg.tmp), !psr.id !52 | ID: 48
[DEBUG] Edge Function  : psr::EdgeIdentity<psr::BinaryDomain>
[DEBUG] End adding new jump function
[DEBUG] -------------------------------------------- 11. Path Edge --------------------------------------------
[DEBUG]  
[DEBUG] Process 11. path edge:
[DEBUG] < D source: i32 %argc | ID: main.0 ;
[DEBUG]   N target: call void @_Z9sink_funcNSt7__cxx1112basic_stringIcSt11char_traitsIcESaIcEEE(%"class.std::__cxx11::basic_string"* noundef %agg.tmp), !psr.id !52 | ID: 48 ;
[DEBUG]   D target: i32 %argc | ID: main.0 >
[DEBUG]  
[DEBUG] Process call at target: call void @_Z9sink_funcNSt7__cxx1112basic_stringIcSt11char_traitsIcESaIcEEE(%"class.std::__cxx11::basic_string"* noundef %agg.tmp), !psr.id !52 | ID: 48
[DEBUG] JumpFunctions Forward-Lookup:
[DEBUG]    Source D: i32 %argc | ID: main.0
[DEBUG]    Target N: call void @_Z9sink_funcNSt7__cxx1112basic_stringIcSt11char_traitsIcESaIcEEE(%"class.std::__cxx11::basic_string"* noundef %agg.tmp), !psr.id !52 | ID: 48
[DEBUG]    Target D: i32 %argc | ID: main.0
[DEBUG]   => EdgeFn: psr::EdgeIdentity<psr::BinaryDomain>
[DEBUG] Possible callees:
[DEBUG]   _Z9sink_funcNSt7__cxx1112basic_stringIcSt11char_traitsIcESaIcEEE
[DEBUG] Possible return sites:
[DEBUG]   call void @_ZNSt7__cxx1112basic_stringIcSt11char_traitsIcESaIcEED1Ev(%"class.std::__cxx11::basic_string"* noundef nonnull align 8 dereferenceable(32) %agg.tmp) #6, !psr.id !53 | ID: 49
[DEBUG] Summary flow function factory call
[DEBUG] (N) Call Stmt : call void @_Z9sink_funcNSt7__cxx1112basic_stringIcSt11char_traitsIcESaIcEEE(%"class.std::__cxx11::basic_string"* noundef %agg.tmp), !psr.id !52 | ID: 48
[DEBUG] (F) Dest Mthd : _Z9sink_funcNSt7__cxx1112basic_stringIcSt11char_traitsIcESaIcEEE
[DEBUG]  
[DEBUG] Call flow function factory call
[DEBUG] (N) Call Stmt : call void @_Z9sink_funcNSt7__cxx1112basic_stringIcSt11char_traitsIcESaIcEEE(%"class.std::__cxx11::basic_string"* noundef %agg.tmp), !psr.id !52 | ID: 48
[DEBUG] (F) Dest Fun : _Z9sink_funcNSt7__cxx1112basic_stringIcSt11char_traitsIcESaIcEEE
[DEBUG] Flow function constructed
[DEBUG] Create initial self-loop with D: i32 %argc | ID: main.0
[DEBUG] Propagate flow
[DEBUG] Source value  : i32 %argc | ID: main.0
[DEBUG] Target        : ret void, !psr.id !41 | ID: 37
[DEBUG] Target value  : i32 %argc | ID: main.0
[DEBUG] Edge function : psr::EdgeIdentity<psr::BinaryDomain> (result of previous compose)
[DEBUG] Join: psr::AllTop<psr::BinaryDomain> & psr::EdgeIdentity<psr::BinaryDomain> 
[DEBUG]     = psr::EdgeIdentity<psr::BinaryDomain> (new jump func)
[DEBUG]  
[DEBUG] Start adding new jump function
[DEBUG] Fact at source : i32 %argc | ID: main.0
[DEBUG] Fact at target : i32 %argc | ID: main.0
[DEBUG] Destination    : ret void, !psr.id !41 | ID: 37
[DEBUG] Edge Function  : psr::EdgeIdentity<psr::BinaryDomain>
[DEBUG] End adding new jump function
[DEBUG] -------------------------------------------- 12. Path Edge --------------------------------------------
[DEBUG]  
[DEBUG] Process 12. path edge:
[DEBUG] < D source: i32 %argc | ID: main.0 ;
[DEBUG]   N target: ret void, !psr.id !41 | ID: 37 ;
[DEBUG]   D target: i32 %argc | ID: main.0 >
[DEBUG]  
[DEBUG] Process exit at target: ret void, !psr.id !41 | ID: 37
[DEBUG] JumpFunctions Forward-Lookup:
[DEBUG]    Source D: i32 %argc | ID: main.0
[DEBUG]    Target N: ret void, !psr.id !41 | ID: 37
[DEBUG]    Target D: i32 %argc | ID: main.0
[DEBUG]   => EdgeFn: psr::EdgeIdentity<psr::BinaryDomain>
[DEBUG] Start of endsummarytab entry
[DEBUG] sP: ret void, !psr.id !41 | ID: 37
[DEBUG] d1: i32 %argc | ID: main.0
[DEBUG]   eP: ret void, !psr.id !41 | ID: 37
[DEBUG]   d2: i32 %argc | ID: main.0
[DEBUG]   EF: psr::EdgeIdentity<psr::BinaryDomain>
[DEBUG] ---------------
[DEBUG] End of endsummarytab entry
[DEBUG] Start of incomingtab entry
[DEBUG] sP: ret void, !psr.id !41 | ID: 37
[DEBUG] d3: i32 %argc | ID: main.0
[DEBUG] ---------------
[DEBUG] End of incomingtab entry
[DEBUG] EDGE: <F: _Z9sink_funcNSt7__cxx1112basic_stringIcSt11char_traitsIcESaIcEEE, D: i32 %argc | ID: main.0>
[DEBUG]  ---> <N: ret void, !psr.id !41 | ID: 37,
[DEBUG]        D: i32 %argc | ID: main.0,
[DEBUG]       EF: psr::EdgeIdentity<psr::BinaryDomain>>
[DEBUG]  
[DEBUG] Return flow function factory call
[DEBUG] (N) Call Site : call void @_Z9sink_funcNSt7__cxx1112basic_stringIcSt11char_traitsIcESaIcEEE(%"class.std::__cxx11::basic_string"* noundef %agg.tmp), !psr.id !52 | ID: 48
[DEBUG] (F) Callee    : _Z9sink_funcNSt7__cxx1112basic_stringIcSt11char_traitsIcESaIcEEE
[DEBUG] (N) Exit Stmt : ret void, !psr.id !41 | ID: 37
[DEBUG] (N) Ret Site  : call void @_ZNSt7__cxx1112basic_stringIcSt11char_traitsIcESaIcEED1Ev(%"class.std::__cxx11::basic_string"* noundef nonnull align 8 dereferenceable(32) %agg.tmp) #6, !psr.id !53 | ID: 49
[DEBUG] Flow function constructed
[DEBUG] Call-to-Return flow function factory call
[DEBUG] (N) Call Site : call void @_Z9sink_funcNSt7__cxx1112basic_stringIcSt11char_traitsIcESaIcEEE(%"class.std::__cxx11::basic_string"* noundef %agg.tmp), !psr.id !52 | ID: 48
[DEBUG] (N) Ret Site  : call void @_ZNSt7__cxx1112basic_stringIcSt11char_traitsIcESaIcEED1Ev(%"class.std::__cxx11::basic_string"* noundef nonnull align 8 dereferenceable(32) %agg.tmp) #6, !psr.id !53 | ID: 49
[DEBUG] (F) Callee's  : 
[DEBUG]   _Z9sink_funcNSt7__cxx1112basic_stringIcSt11char_traitsIcESaIcEEE
[DEBUG] Flow function constructed
[DEBUG] Call-to-Return edge function factory call
[DEBUG] (N) Call Site : call void @_Z9sink_funcNSt7__cxx1112basic_stringIcSt11char_traitsIcESaIcEEE(%"class.std::__cxx11::basic_string"* noundef %agg.tmp), !psr.id !52 | ID: 48
[DEBUG] (D) Call Node : i32 %argc | ID: main.0
[DEBUG] (N) Ret Site  : call void @_ZNSt7__cxx1112basic_stringIcSt11char_traitsIcESaIcEED1Ev(%"class.std::__cxx11::basic_string"* noundef nonnull align 8 dereferenceable(32) %agg.tmp) #6, !psr.id !53 | ID: 49
[DEBUG] (D) Ret Node  : i32 %argc | ID: main.0
[DEBUG] (F) Callee's  : 
[DEBUG]   _Z9sink_funcNSt7__cxx1112basic_stringIcSt11char_traitsIcESaIcEEE
[DEBUG] Edge function constructed
[DEBUG] Provide Edge Function: psr::EdgeIdentity<psr::BinaryDomain>
[DEBUG] Queried Call-to-Return Edge Function: psr::EdgeIdentity<psr::BinaryDomain>
[DEBUG] Compose: psr::EdgeIdentity<psr::BinaryDomain> * psr::EdgeIdentity<psr::BinaryDomain> = psr::EdgeIdentity<psr::BinaryDomain>
[DEBUG] Propagate flow
[DEBUG] Source value  : i32 %argc | ID: main.0
[DEBUG] Target        : call void @_ZNSt7__cxx1112basic_stringIcSt11char_traitsIcESaIcEED1Ev(%"class.std::__cxx11::basic_string"* noundef nonnull align 8 dereferenceable(32) %agg.tmp) #6, !psr.id !53 | ID: 49
[DEBUG] Target value  : i32 %argc | ID: main.0
[DEBUG] Edge function : psr::EdgeIdentity<psr::BinaryDomain> (result of previous compose)
[DEBUG] Join: psr::AllTop<psr::BinaryDomain> & psr::EdgeIdentity<psr::BinaryDomain> 
[DEBUG]     = psr::EdgeIdentity<psr::BinaryDomain> (new jump func)
[DEBUG]  
[DEBUG] Start adding new jump function
[DEBUG] Fact at source : i32 %argc | ID: main.0
[DEBUG] Fact at target : i32 %argc | ID: main.0
[DEBUG] Destination    : call void @_ZNSt7__cxx1112basic_stringIcSt11char_traitsIcESaIcEED1Ev(%"class.std::__cxx11::basic_string"* noundef nonnull align 8 dereferenceable(32) %agg.tmp) #6, !psr.id !53 | ID: 49
[DEBUG] Edge Function  : psr::EdgeIdentity<psr::BinaryDomain>
[DEBUG] End adding new jump function
[DEBUG] -------------------------------------------- 13. Path Edge --------------------------------------------
[DEBUG]  
[DEBUG] Process 13. path edge:
[DEBUG] < D source: i32 %argc | ID: main.0 ;
[DEBUG]   N target: call void @_ZNSt7__cxx1112basic_stringIcSt11char_traitsIcESaIcEED1Ev(%"class.std::__cxx11::basic_string"* noundef nonnull align 8 dereferenceable(32) %agg.tmp) #6, !psr.id !53 | ID: 49 ;
[DEBUG]   D target: i32 %argc | ID: main.0 >
[DEBUG]  
[DEBUG] Process call at target: call void @_ZNSt7__cxx1112basic_stringIcSt11char_traitsIcESaIcEED1Ev(%"class.std::__cxx11::basic_string"* noundef nonnull align 8 dereferenceable(32) %agg.tmp) #6, !psr.id !53 | ID: 49
[DEBUG] JumpFunctions Forward-Lookup:
[DEBUG]    Source D: i32 %argc | ID: main.0
[DEBUG]    Target N: call void @_ZNSt7__cxx1112basic_stringIcSt11char_traitsIcESaIcEED1Ev(%"class.std::__cxx11::basic_string"* noundef nonnull align 8 dereferenceable(32) %agg.tmp) #6, !psr.id !53 | ID: 49
[DEBUG]    Target D: i32 %argc | ID: main.0
[DEBUG]   => EdgeFn: psr::EdgeIdentity<psr::BinaryDomain>
[DEBUG] Possible callees:
[DEBUG]   _ZNSt7__cxx1112basic_stringIcSt11char_traitsIcESaIcEED1Ev
[DEBUG] Possible return sites:
[DEBUG]   call void @_ZNSt7__cxx1112basic_stringIcSt11char_traitsIcESaIcEED1Ev(%"class.std::__cxx11::basic_string"* noundef nonnull align 8 dereferenceable(32) %conspicuous_x) #6, !psr.id !54 | ID: 50
[DEBUG] Summary flow function factory call
[DEBUG] (N) Call Stmt : call void @_ZNSt7__cxx1112basic_stringIcSt11char_traitsIcESaIcEED1Ev(%"class.std::__cxx11::basic_string"* noundef nonnull align 8 dereferenceable(32) %agg.tmp) #6, !psr.id !53 | ID: 49
[DEBUG] (F) Dest Mthd : _ZNSt7__cxx1112basic_stringIcSt11char_traitsIcESaIcEED1Ev
[DEBUG]  
[DEBUG] Call flow function factory call
[DEBUG] (N) Call Stmt : call void @_ZNSt7__cxx1112basic_stringIcSt11char_traitsIcESaIcEED1Ev(%"class.std::__cxx11::basic_string"* noundef nonnull align 8 dereferenceable(32) %agg.tmp) #6, !psr.id !53 | ID: 49
[DEBUG] (F) Dest Fun : _ZNSt7__cxx1112basic_stringIcSt11char_traitsIcESaIcEED1Ev
[DEBUG] Flow function constructed
[DEBUG] Start points of '_ZNSt7__cxx1112basic_stringIcSt11char_traitsIcESaIcEED1Ev' currently not available!
[DEBUG] Call-to-Return flow function factory call
[DEBUG] (N) Call Site : call void @_ZNSt7__cxx1112basic_stringIcSt11char_traitsIcESaIcEED1Ev(%"class.std::__cxx11::basic_string"* noundef nonnull align 8 dereferenceable(32) %agg.tmp) #6, !psr.id !53 | ID: 49
[DEBUG] (N) Ret Site  : call void @_ZNSt7__cxx1112basic_stringIcSt11char_traitsIcESaIcEED1Ev(%"class.std::__cxx11::basic_string"* noundef nonnull align 8 dereferenceable(32) %conspicuous_x) #6, !psr.id !54 | ID: 50
[DEBUG] (F) Callee's  : 
[DEBUG]   _ZNSt7__cxx1112basic_stringIcSt11char_traitsIcESaIcEED1Ev
[DEBUG] Flow function constructed
[DEBUG] Call-to-Return edge function factory call
[DEBUG] (N) Call Site : call void @_ZNSt7__cxx1112basic_stringIcSt11char_traitsIcESaIcEED1Ev(%"class.std::__cxx11::basic_string"* noundef nonnull align 8 dereferenceable(32) %agg.tmp) #6, !psr.id !53 | ID: 49
[DEBUG] (D) Call Node : i32 %argc | ID: main.0
[DEBUG] (N) Ret Site  : call void @_ZNSt7__cxx1112basic_stringIcSt11char_traitsIcESaIcEED1Ev(%"class.std::__cxx11::basic_string"* noundef nonnull align 8 dereferenceable(32) %conspicuous_x) #6, !psr.id !54 | ID: 50
[DEBUG] (D) Ret Node  : i32 %argc | ID: main.0
[DEBUG] (F) Callee's  : 
[DEBUG]   _ZNSt7__cxx1112basic_stringIcSt11char_traitsIcESaIcEED1Ev
[DEBUG] Edge function constructed
[DEBUG] Provide Edge Function: psr::EdgeIdentity<psr::BinaryDomain>
[DEBUG] Queried Call-to-Return Edge Function: psr::EdgeIdentity<psr::BinaryDomain>
[DEBUG] Compose: psr::EdgeIdentity<psr::BinaryDomain> * psr::EdgeIdentity<psr::BinaryDomain> = psr::EdgeIdentity<psr::BinaryDomain>
[DEBUG] Propagate flow
[DEBUG] Source value  : i32 %argc | ID: main.0
[DEBUG] Target        : call void @_ZNSt7__cxx1112basic_stringIcSt11char_traitsIcESaIcEED1Ev(%"class.std::__cxx11::basic_string"* noundef nonnull align 8 dereferenceable(32) %conspicuous_x) #6, !psr.id !54 | ID: 50
[DEBUG] Target value  : i32 %argc | ID: main.0
[DEBUG] Edge function : psr::EdgeIdentity<psr::BinaryDomain> (result of previous compose)
[DEBUG] Join: psr::AllTop<psr::BinaryDomain> & psr::EdgeIdentity<psr::BinaryDomain> 
[DEBUG]     = psr::EdgeIdentity<psr::BinaryDomain> (new jump func)
[DEBUG]  
[DEBUG] Start adding new jump function
[DEBUG] Fact at source : i32 %argc | ID: main.0
[DEBUG] Fact at target : i32 %argc | ID: main.0
[DEBUG] Destination    : call void @_ZNSt7__cxx1112basic_stringIcSt11char_traitsIcESaIcEED1Ev(%"class.std::__cxx11::basic_string"* noundef nonnull align 8 dereferenceable(32) %conspicuous_x) #6, !psr.id !54 | ID: 50
[DEBUG] Edge Function  : psr::EdgeIdentity<psr::BinaryDomain>
[DEBUG] End adding new jump function
[DEBUG] -------------------------------------------- 14. Path Edge --------------------------------------------
[DEBUG]  
[DEBUG] Process 14. path edge:
[DEBUG] < D source: i32 %argc | ID: main.0 ;
[DEBUG]   N target: call void @_ZNSt7__cxx1112basic_stringIcSt11char_traitsIcESaIcEED1Ev(%"class.std::__cxx11::basic_string"* noundef nonnull align 8 dereferenceable(32) %conspicuous_x) #6, !psr.id !54 | ID: 50 ;
[DEBUG]   D target: i32 %argc | ID: main.0 >
[DEBUG]  
[DEBUG] Process call at target: call void @_ZNSt7__cxx1112basic_stringIcSt11char_traitsIcESaIcEED1Ev(%"class.std::__cxx11::basic_string"* noundef nonnull align 8 dereferenceable(32) %conspicuous_x) #6, !psr.id !54 | ID: 50
[DEBUG] JumpFunctions Forward-Lookup:
[DEBUG]    Source D: i32 %argc | ID: main.0
[DEBUG]    Target N: call void @_ZNSt7__cxx1112basic_stringIcSt11char_traitsIcESaIcEED1Ev(%"class.std::__cxx11::basic_string"* noundef nonnull align 8 dereferenceable(32) %conspicuous_x) #6, !psr.id !54 | ID: 50
[DEBUG]    Target D: i32 %argc | ID: main.0
[DEBUG]   => EdgeFn: psr::EdgeIdentity<psr::BinaryDomain>
[DEBUG] Possible callees:
[DEBUG]   _ZNSt7__cxx1112basic_stringIcSt11char_traitsIcESaIcEED1Ev
[DEBUG] Possible return sites:
[DEBUG]   ret i32 0, !psr.id !55 | ID: 51
[DEBUG] Summary flow function factory call
[DEBUG] (N) Call Stmt : call void @_ZNSt7__cxx1112basic_stringIcSt11char_traitsIcESaIcEED1Ev(%"class.std::__cxx11::basic_string"* noundef nonnull align 8 dereferenceable(32) %conspicuous_x) #6, !psr.id !54 | ID: 50
[DEBUG] (F) Dest Mthd : _ZNSt7__cxx1112basic_stringIcSt11char_traitsIcESaIcEED1Ev
[DEBUG]  
[DEBUG] Call flow function factory call
[DEBUG] (N) Call Stmt : call void @_ZNSt7__cxx1112basic_stringIcSt11char_traitsIcESaIcEED1Ev(%"class.std::__cxx11::basic_string"* noundef nonnull align 8 dereferenceable(32) %conspicuous_x) #6, !psr.id !54 | ID: 50
[DEBUG] (F) Dest Fun : _ZNSt7__cxx1112basic_stringIcSt11char_traitsIcESaIcEED1Ev
[DEBUG] Flow function constructed
[DEBUG] Start points of '_ZNSt7__cxx1112basic_stringIcSt11char_traitsIcESaIcEED1Ev' currently not available!
[DEBUG] Call-to-Return flow function factory call
[DEBUG] (N) Call Site : call void @_ZNSt7__cxx1112basic_stringIcSt11char_traitsIcESaIcEED1Ev(%"class.std::__cxx11::basic_string"* noundef nonnull align 8 dereferenceable(32) %conspicuous_x) #6, !psr.id !54 | ID: 50
[DEBUG] (N) Ret Site  : ret i32 0, !psr.id !55 | ID: 51
[DEBUG] (F) Callee's  : 
[DEBUG]   _ZNSt7__cxx1112basic_stringIcSt11char_traitsIcESaIcEED1Ev
[DEBUG] Flow function constructed
[DEBUG] Call-to-Return edge function factory call
[DEBUG] (N) Call Site : call void @_ZNSt7__cxx1112basic_stringIcSt11char_traitsIcESaIcEED1Ev(%"class.std::__cxx11::basic_string"* noundef nonnull align 8 dereferenceable(32) %conspicuous_x) #6, !psr.id !54 | ID: 50
[DEBUG] (D) Call Node : i32 %argc | ID: main.0
[DEBUG] (N) Ret Site  : ret i32 0, !psr.id !55 | ID: 51
[DEBUG] (D) Ret Node  : i32 %argc | ID: main.0
[DEBUG] (F) Callee's  : 
[DEBUG]   _ZNSt7__cxx1112basic_stringIcSt11char_traitsIcESaIcEED1Ev
[DEBUG] Edge function constructed
[DEBUG] Provide Edge Function: psr::EdgeIdentity<psr::BinaryDomain>
[DEBUG] Queried Call-to-Return Edge Function: psr::EdgeIdentity<psr::BinaryDomain>
[DEBUG] Compose: psr::EdgeIdentity<psr::BinaryDomain> * psr::EdgeIdentity<psr::BinaryDomain> = psr::EdgeIdentity<psr::BinaryDomain>
[DEBUG] Propagate flow
[DEBUG] Source value  : i32 %argc | ID: main.0
[DEBUG] Target        : ret i32 0, !psr.id !55 | ID: 51
[DEBUG] Target value  : i32 %argc | ID: main.0
[DEBUG] Edge function : psr::EdgeIdentity<psr::BinaryDomain> (result of previous compose)
[DEBUG] Join: psr::AllTop<psr::BinaryDomain> & psr::EdgeIdentity<psr::BinaryDomain> 
[DEBUG]     = psr::EdgeIdentity<psr::BinaryDomain> (new jump func)
[DEBUG]  
[DEBUG] Start adding new jump function
[DEBUG] Fact at source : i32 %argc | ID: main.0
[DEBUG] Fact at target : i32 %argc | ID: main.0
[DEBUG] Destination    : ret i32 0, !psr.id !55 | ID: 51
[DEBUG] Edge Function  : psr::EdgeIdentity<psr::BinaryDomain>
[DEBUG] End adding new jump function
[DEBUG] -------------------------------------------- 15. Path Edge --------------------------------------------
[DEBUG]  
[DEBUG] Process 15. path edge:
[DEBUG] < D source: i32 %argc | ID: main.0 ;
[DEBUG]   N target: ret i32 0, !psr.id !55 | ID: 51 ;
[DEBUG]   D target: i32 %argc | ID: main.0 >
[DEBUG]  
[DEBUG] Process exit at target: ret i32 0, !psr.id !55 | ID: 51
[DEBUG] JumpFunctions Forward-Lookup:
[DEBUG]    Source D: i32 %argc | ID: main.0
[DEBUG]    Target N: ret i32 0, !psr.id !55 | ID: 51
[DEBUG]    Target D: i32 %argc | ID: main.0
[DEBUG]   => EdgeFn: psr::EdgeIdentity<psr::BinaryDomain>
[DEBUG] Start of endsummarytab entry
[DEBUG] sP: %argc.addr = alloca i32, align 4, !psr.id !42 | ID: 38
[DEBUG] d1: i32 %argc | ID: main.0
[DEBUG]   eP: ret i32 0, !psr.id !55 | ID: 51
[DEBUG]   d2: i32 %argc | ID: main.0
[DEBUG]   EF: psr::EdgeIdentity<psr::BinaryDomain>
[DEBUG] ---------------
[DEBUG] sP: ret void, !psr.id !41 | ID: 37
[DEBUG] d1: i32 %argc | ID: main.0
[DEBUG]   eP: ret void, !psr.id !41 | ID: 37
[DEBUG]   d2: i32 %argc | ID: main.0
[DEBUG]   EF: psr::EdgeIdentity<psr::BinaryDomain>
[DEBUG] ---------------
[DEBUG] End of endsummarytab entry
[DEBUG] Start of incomingtab entry
[DEBUG] sP: ret void, !psr.id !41 | ID: 37
[DEBUG] d3: i32 %argc | ID: main.0
[DEBUG]   n: call void @_Z9sink_funcNSt7__cxx1112basic_stringIcSt11char_traitsIcESaIcEEE(%"class.std::__cxx11::basic_string"* noundef %agg.tmp), !psr.id !52 | ID: 48
[DEBUG]   d2: i32 %argc | ID: main.0
[DEBUG] ---------------
[DEBUG] sP: %argc.addr = alloca i32, align 4, !psr.id !42 | ID: 38
[DEBUG] d3: i32 %argc | ID: main.0
[DEBUG] ---------------
[DEBUG] End of incomingtab entry
[DEBUG] EDGE: <F: main, D: i32 %argc | ID: main.0>
[DEBUG]  ---> <N: ret i32 0, !psr.id !55 | ID: 51,
[DEBUG]        D: i32 %argc | ID: main.0,
[DEBUG]       EF: psr::EdgeIdentity<psr::BinaryDomain>>
[DEBUG]  
[DEBUG] EDGE: <F: main, D: i32 %argc | ID: main.0>
[DEBUG]  ---> <N: call void @_ZNSt7__cxx1112basic_stringIcSt11char_traitsIcESaIcEED1Ev(%"class.std::__cxx11::basic_string"* noundef nonnull align 8 dereferenceable(32) %conspicuous_x) #6, !psr.id !54 | ID: 50,
[DEBUG]        D: i32 %argc | ID: main.0,
[DEBUG]       EF: psr::EdgeIdentity<psr::BinaryDomain>>
[DEBUG]  
[DEBUG] EDGE: <F: main, D: i32 %argc | ID: main.0>
[DEBUG]  ---> <N: call void @_ZNSt7__cxx1112basic_stringIcSt11char_traitsIcESaIcEED1Ev(%"class.std::__cxx11::basic_string"* noundef nonnull align 8 dereferenceable(32) %agg.tmp) #6, !psr.id !53 | ID: 49,
[DEBUG]        D: i32 %argc | ID: main.0,
[DEBUG]       EF: psr::EdgeIdentity<psr::BinaryDomain>>
[DEBUG]  
[DEBUG] EDGE: <F: main, D: i32 %argc | ID: main.0>
[DEBUG]  ---> <N: call void @_Z9sink_funcNSt7__cxx1112basic_stringIcSt11char_traitsIcESaIcEEE(%"class.std::__cxx11::basic_string"* noundef %agg.tmp), !psr.id !52 | ID: 48,
[DEBUG]        D: i32 %argc | ID: main.0,
[DEBUG]       EF: psr::EdgeIdentity<psr::BinaryDomain>>
[DEBUG]  
[DEBUG] Call-to-Return flow function factory call
[DEBUG] (N) Call Site : invoke void @_ZNSt7__cxx1112basic_stringIcSt11char_traitsIcESaIcEEC1ERKS4_(%"class.std::__cxx11::basic_string"* noundef nonnull align 8 dereferenceable(32) %agg.tmp, %"class.std::__cxx11::basic_string"* noundef nonnull align 8 dereferenceable(32) %conspicuous_x)
          to label %invoke.cont unwind label %lpad, !psr.id !51 | ID: 47
[DEBUG] (N) Ret Site  : %0 = landingpad { i8*, i32 }
          cleanup, !psr.id !56 | ID: 52
[DEBUG] (F) Callee's  : 
[DEBUG]   _ZNSt7__cxx1112basic_stringIcSt11char_traitsIcESaIcEEC1ERKS4_
[DEBUG] Flow function constructed
[DEBUG] Call-to-Return edge function factory call
[DEBUG] (N) Call Site : invoke void @_ZNSt7__cxx1112basic_stringIcSt11char_traitsIcESaIcEEC1ERKS4_(%"class.std::__cxx11::basic_string"* noundef nonnull align 8 dereferenceable(32) %agg.tmp, %"class.std::__cxx11::basic_string"* noundef nonnull align 8 dereferenceable(32) %conspicuous_x)
          to label %invoke.cont unwind label %lpad, !psr.id !51 | ID: 47
[DEBUG] (D) Call Node : i32 %argc | ID: main.0
[DEBUG] (N) Ret Site  : %0 = landingpad { i8*, i32 }
          cleanup, !psr.id !56 | ID: 52
[DEBUG] (D) Ret Node  : i32 %argc | ID: main.0
[DEBUG] (F) Callee's  : 
[DEBUG]   _ZNSt7__cxx1112basic_stringIcSt11char_traitsIcESaIcEEC1ERKS4_
[DEBUG] Edge function constructed
[DEBUG] Provide Edge Function: psr::EdgeIdentity<psr::BinaryDomain>
[DEBUG] Queried Call-to-Return Edge Function: psr::EdgeIdentity<psr::BinaryDomain>
[DEBUG] Compose: psr::EdgeIdentity<psr::BinaryDomain> * psr::EdgeIdentity<psr::BinaryDomain> = psr::EdgeIdentity<psr::BinaryDomain>
[DEBUG] Propagate flow
[DEBUG] Source value  : i32 %argc | ID: main.0
[DEBUG] Target        : %0 = landingpad { i8*, i32 }
          cleanup, !psr.id !56 | ID: 52
[DEBUG] Target value  : i32 %argc | ID: main.0
[DEBUG] Edge function : psr::EdgeIdentity<psr::BinaryDomain> (result of previous compose)
[DEBUG] Join: psr::AllTop<psr::BinaryDomain> & psr::EdgeIdentity<psr::BinaryDomain> 
[DEBUG]     = psr::EdgeIdentity<psr::BinaryDomain> (new jump func)
[DEBUG]  
[DEBUG] Start adding new jump function
[DEBUG] Fact at source : i32 %argc | ID: main.0
[DEBUG] Fact at target : i32 %argc | ID: main.0
[DEBUG] Destination    : %0 = landingpad { i8*, i32 }
          cleanup, !psr.id !56 | ID: 52
[DEBUG] Edge Function  : psr::EdgeIdentity<psr::BinaryDomain>
[DEBUG] End adding new jump function
[DEBUG] -------------------------------------------- 16. Path Edge --------------------------------------------
[DEBUG]  
[DEBUG] Process 16. path edge:
[DEBUG] < D source: i32 %argc | ID: main.0 ;
[DEBUG]   N target: %0 = landingpad { i8*, i32 }
          cleanup, !psr.id !56 | ID: 52 ;
[DEBUG]   D target: i32 %argc | ID: main.0 >
[DEBUG]  
[DEBUG] Process normal at target: %0 = landingpad { i8*, i32 }
          cleanup, !psr.id !56 | ID: 52
[DEBUG] JumpFunctions Forward-Lookup:
[DEBUG]    Source D: i32 %argc | ID: main.0
[DEBUG]    Target N: %0 = landingpad { i8*, i32 }
          cleanup, !psr.id !56 | ID: 52
[DEBUG]    Target D: i32 %argc | ID: main.0
[DEBUG]   => EdgeFn: psr::EdgeIdentity<psr::BinaryDomain>
[DEBUG] Normal flow function factory call
[DEBUG] (N) Curr Inst : %0 = landingpad { i8*, i32 }
          cleanup, !psr.id !56 | ID: 52
[DEBUG] (N) Succ Inst : %1 = extractvalue { i8*, i32 } %0, 0, !psr.id !57 | ID: 53
[DEBUG] Flow function constructed
[DEBUG] Normal edge function factory call
[DEBUG] (N) Curr Inst : %0 = landingpad { i8*, i32 }
          cleanup, !psr.id !56 | ID: 52
[DEBUG] (D) Curr Node : i32 %argc | ID: main.0
[DEBUG] (N) Succ Inst : %1 = extractvalue { i8*, i32 } %0, 0, !psr.id !57 | ID: 53
[DEBUG] (D) Succ Node : i32 %argc | ID: main.0
[DEBUG] Edge function constructed
[DEBUG] Provide Edge Function: psr::EdgeIdentity<psr::BinaryDomain>
[DEBUG] Queried Normal Edge Function: psr::EdgeIdentity<psr::BinaryDomain>
[DEBUG] Compose: psr::EdgeIdentity<psr::BinaryDomain> * psr::EdgeIdentity<psr::BinaryDomain> = psr::EdgeIdentity<psr::BinaryDomain>
[DEBUG] Propagate flow
[DEBUG] Source value  : i32 %argc | ID: main.0
[DEBUG] Target        : %1 = extractvalue { i8*, i32 } %0, 0, !psr.id !57 | ID: 53
[DEBUG] Target value  : i32 %argc | ID: main.0
[DEBUG] Edge function : psr::EdgeIdentity<psr::BinaryDomain> (result of previous compose)
[DEBUG] Join: psr::AllTop<psr::BinaryDomain> & psr::EdgeIdentity<psr::BinaryDomain> 
[DEBUG]     = psr::EdgeIdentity<psr::BinaryDomain> (new jump func)
[DEBUG]  
[DEBUG] Start adding new jump function
[DEBUG] Fact at source : i32 %argc | ID: main.0
[DEBUG] Fact at target : i32 %argc | ID: main.0
[DEBUG] Destination    : %1 = extractvalue { i8*, i32 } %0, 0, !psr.id !57 | ID: 53
[DEBUG] Edge Function  : psr::EdgeIdentity<psr::BinaryDomain>
[DEBUG] End adding new jump function
[DEBUG] -------------------------------------------- 17. Path Edge --------------------------------------------
[DEBUG]  
[DEBUG] Process 17. path edge:
[DEBUG] < D source: i32 %argc | ID: main.0 ;
[DEBUG]   N target: %1 = extractvalue { i8*, i32 } %0, 0, !psr.id !57 | ID: 53 ;
[DEBUG]   D target: i32 %argc | ID: main.0 >
[DEBUG]  
[DEBUG] Process normal at target: %1 = extractvalue { i8*, i32 } %0, 0, !psr.id !57 | ID: 53
[DEBUG] JumpFunctions Forward-Lookup:
[DEBUG]    Source D: i32 %argc | ID: main.0
[DEBUG]    Target N: %1 = extractvalue { i8*, i32 } %0, 0, !psr.id !57 | ID: 53
[DEBUG]    Target D: i32 %argc | ID: main.0
[DEBUG]   => EdgeFn: psr::EdgeIdentity<psr::BinaryDomain>
[DEBUG] Normal flow function factory call
[DEBUG] (N) Curr Inst : %1 = extractvalue { i8*, i32 } %0, 0, !psr.id !57 | ID: 53
[DEBUG] (N) Succ Inst : store i8* %1, i8** %exn.slot, align 8, !psr.id !58 | ID: 54
[DEBUG] Flow function constructed
[DEBUG] Normal edge function factory call
[DEBUG] (N) Curr Inst : %1 = extractvalue { i8*, i32 } %0, 0, !psr.id !57 | ID: 53
[DEBUG] (D) Curr Node : i32 %argc | ID: main.0
[DEBUG] (N) Succ Inst : store i8* %1, i8** %exn.slot, align 8, !psr.id !58 | ID: 54
[DEBUG] (D) Succ Node : i32 %argc | ID: main.0
[DEBUG] Edge function constructed
[DEBUG] Provide Edge Function: psr::EdgeIdentity<psr::BinaryDomain>
[DEBUG] Queried Normal Edge Function: psr::EdgeIdentity<psr::BinaryDomain>
[DEBUG] Compose: psr::EdgeIdentity<psr::BinaryDomain> * psr::EdgeIdentity<psr::BinaryDomain> = psr::EdgeIdentity<psr::BinaryDomain>
[DEBUG] Propagate flow
[DEBUG] Source value  : i32 %argc | ID: main.0
[DEBUG] Target        : store i8* %1, i8** %exn.slot, align 8, !psr.id !58 | ID: 54
[DEBUG] Target value  : i32 %argc | ID: main.0
[DEBUG] Edge function : psr::EdgeIdentity<psr::BinaryDomain> (result of previous compose)
[DEBUG] Join: psr::AllTop<psr::BinaryDomain> & psr::EdgeIdentity<psr::BinaryDomain> 
[DEBUG]     = psr::EdgeIdentity<psr::BinaryDomain> (new jump func)
[DEBUG]  
[DEBUG] Start adding new jump function
[DEBUG] Fact at source : i32 %argc | ID: main.0
[DEBUG] Fact at target : i32 %argc | ID: main.0
[DEBUG] Destination    : store i8* %1, i8** %exn.slot, align 8, !psr.id !58 | ID: 54
[DEBUG] Edge Function  : psr::EdgeIdentity<psr::BinaryDomain>
[DEBUG] End adding new jump function
[DEBUG] -------------------------------------------- 18. Path Edge --------------------------------------------
[DEBUG]  
[DEBUG] Process 18. path edge:
[DEBUG] < D source: i32 %argc | ID: main.0 ;
[DEBUG]   N target: store i8* %1, i8** %exn.slot, align 8, !psr.id !58 | ID: 54 ;
[DEBUG]   D target: i32 %argc | ID: main.0 >
[DEBUG]  
[DEBUG] Process normal at target: store i8* %1, i8** %exn.slot, align 8, !psr.id !58 | ID: 54
[DEBUG] JumpFunctions Forward-Lookup:
[DEBUG]    Source D: i32 %argc | ID: main.0
[DEBUG]    Target N: store i8* %1, i8** %exn.slot, align 8, !psr.id !58 | ID: 54
[DEBUG]    Target D: i32 %argc | ID: main.0
[DEBUG]   => EdgeFn: psr::EdgeIdentity<psr::BinaryDomain>
[DEBUG] Normal flow function factory call
[DEBUG] (N) Curr Inst : store i8* %1, i8** %exn.slot, align 8, !psr.id !58 | ID: 54
[DEBUG] (N) Succ Inst : %2 = extractvalue { i8*, i32 } %0, 1, !psr.id !59 | ID: 55
[DEBUG] Flow function constructed
[DEBUG] Normal edge function factory call
[DEBUG] (N) Curr Inst : store i8* %1, i8** %exn.slot, align 8, !psr.id !58 | ID: 54
[DEBUG] (D) Curr Node : i32 %argc | ID: main.0
[DEBUG] (N) Succ Inst : %2 = extractvalue { i8*, i32 } %0, 1, !psr.id !59 | ID: 55
[DEBUG] (D) Succ Node : i32 %argc | ID: main.0
[DEBUG] Edge function constructed
[DEBUG] Provide Edge Function: psr::EdgeIdentity<psr::BinaryDomain>
[DEBUG] Queried Normal Edge Function: psr::EdgeIdentity<psr::BinaryDomain>
[DEBUG] Compose: psr::EdgeIdentity<psr::BinaryDomain> * psr::EdgeIdentity<psr::BinaryDomain> = psr::EdgeIdentity<psr::BinaryDomain>
[DEBUG] Propagate flow
[DEBUG] Source value  : i32 %argc | ID: main.0
[DEBUG] Target        : %2 = extractvalue { i8*, i32 } %0, 1, !psr.id !59 | ID: 55
[DEBUG] Target value  : i32 %argc | ID: main.0
[DEBUG] Edge function : psr::EdgeIdentity<psr::BinaryDomain> (result of previous compose)
[DEBUG] Join: psr::AllTop<psr::BinaryDomain> & psr::EdgeIdentity<psr::BinaryDomain> 
[DEBUG]     = psr::EdgeIdentity<psr::BinaryDomain> (new jump func)
[DEBUG]  
[DEBUG] Start adding new jump function
[DEBUG] Fact at source : i32 %argc | ID: main.0
[DEBUG] Fact at target : i32 %argc | ID: main.0
[DEBUG] Destination    : %2 = extractvalue { i8*, i32 } %0, 1, !psr.id !59 | ID: 55
[DEBUG] Edge Function  : psr::EdgeIdentity<psr::BinaryDomain>
[DEBUG] End adding new jump function
[DEBUG] -------------------------------------------- 19. Path Edge --------------------------------------------
[DEBUG]  
[DEBUG] Process 19. path edge:
[DEBUG] < D source: i32 %argc | ID: main.0 ;
[DEBUG]   N target: %2 = extractvalue { i8*, i32 } %0, 1, !psr.id !59 | ID: 55 ;
[DEBUG]   D target: i32 %argc | ID: main.0 >
[DEBUG]  
[DEBUG] Process normal at target: %2 = extractvalue { i8*, i32 } %0, 1, !psr.id !59 | ID: 55
[DEBUG] JumpFunctions Forward-Lookup:
[DEBUG]    Source D: i32 %argc | ID: main.0
[DEBUG]    Target N: %2 = extractvalue { i8*, i32 } %0, 1, !psr.id !59 | ID: 55
[DEBUG]    Target D: i32 %argc | ID: main.0
[DEBUG]   => EdgeFn: psr::EdgeIdentity<psr::BinaryDomain>
[DEBUG] Normal flow function factory call
[DEBUG] (N) Curr Inst : %2 = extractvalue { i8*, i32 } %0, 1, !psr.id !59 | ID: 55
[DEBUG] (N) Succ Inst : store i32 %2, i32* %ehselector.slot, align 4, !psr.id !60 | ID: 56
[DEBUG] Flow function constructed
[DEBUG] Normal edge function factory call
[DEBUG] (N) Curr Inst : %2 = extractvalue { i8*, i32 } %0, 1, !psr.id !59 | ID: 55
[DEBUG] (D) Curr Node : i32 %argc | ID: main.0
[DEBUG] (N) Succ Inst : store i32 %2, i32* %ehselector.slot, align 4, !psr.id !60 | ID: 56
[DEBUG] (D) Succ Node : i32 %argc | ID: main.0
[DEBUG] Edge function constructed
[DEBUG] Provide Edge Function: psr::EdgeIdentity<psr::BinaryDomain>
[DEBUG] Queried Normal Edge Function: psr::EdgeIdentity<psr::BinaryDomain>
[DEBUG] Compose: psr::EdgeIdentity<psr::BinaryDomain> * psr::EdgeIdentity<psr::BinaryDomain> = psr::EdgeIdentity<psr::BinaryDomain>
[DEBUG] Propagate flow
[DEBUG] Source value  : i32 %argc | ID: main.0
[DEBUG] Target        : store i32 %2, i32* %ehselector.slot, align 4, !psr.id !60 | ID: 56
[DEBUG] Target value  : i32 %argc | ID: main.0
[DEBUG] Edge function : psr::EdgeIdentity<psr::BinaryDomain> (result of previous compose)
[DEBUG] Join: psr::AllTop<psr::BinaryDomain> & psr::EdgeIdentity<psr::BinaryDomain> 
[DEBUG]     = psr::EdgeIdentity<psr::BinaryDomain> (new jump func)
[DEBUG]  
[DEBUG] Start adding new jump function
[DEBUG] Fact at source : i32 %argc | ID: main.0
[DEBUG] Fact at target : i32 %argc | ID: main.0
[DEBUG] Destination    : store i32 %2, i32* %ehselector.slot, align 4, !psr.id !60 | ID: 56
[DEBUG] Edge Function  : psr::EdgeIdentity<psr::BinaryDomain>
[DEBUG] End adding new jump function
[DEBUG] -------------------------------------------- 20. Path Edge --------------------------------------------
[DEBUG]  
[DEBUG] Process 20. path edge:
[DEBUG] < D source: i32 %argc | ID: main.0 ;
[DEBUG]   N target: store i32 %2, i32* %ehselector.slot, align 4, !psr.id !60 | ID: 56 ;
[DEBUG]   D target: i32 %argc | ID: main.0 >
[DEBUG]  
[DEBUG] Process normal at target: store i32 %2, i32* %ehselector.slot, align 4, !psr.id !60 | ID: 56
[DEBUG] JumpFunctions Forward-Lookup:
[DEBUG]    Source D: i32 %argc | ID: main.0
[DEBUG]    Target N: store i32 %2, i32* %ehselector.slot, align 4, !psr.id !60 | ID: 56
[DEBUG]    Target D: i32 %argc | ID: main.0
[DEBUG]   => EdgeFn: psr::EdgeIdentity<psr::BinaryDomain>
[DEBUG] Normal flow function factory call
[DEBUG] (N) Curr Inst : store i32 %2, i32* %ehselector.slot, align 4, !psr.id !60 | ID: 56
[DEBUG] (N) Succ Inst : call void @_ZNSt7__cxx1112basic_stringIcSt11char_traitsIcESaIcEED1Ev(%"class.std::__cxx11::basic_string"* noundef nonnull align 8 dereferenceable(32) %conspicuous_x) #6, !psr.id !61 | ID: 57
[DEBUG] Flow function constructed
[DEBUG] Normal edge function factory call
[DEBUG] (N) Curr Inst : store i32 %2, i32* %ehselector.slot, align 4, !psr.id !60 | ID: 56
[DEBUG] (D) Curr Node : i32 %argc | ID: main.0
[DEBUG] (N) Succ Inst : call void @_ZNSt7__cxx1112basic_stringIcSt11char_traitsIcESaIcEED1Ev(%"class.std::__cxx11::basic_string"* noundef nonnull align 8 dereferenceable(32) %conspicuous_x) #6, !psr.id !61 | ID: 57
[DEBUG] (D) Succ Node : i32 %argc | ID: main.0
[DEBUG] Edge function constructed
[DEBUG] Provide Edge Function: psr::EdgeIdentity<psr::BinaryDomain>
[DEBUG] Queried Normal Edge Function: psr::EdgeIdentity<psr::BinaryDomain>
[DEBUG] Compose: psr::EdgeIdentity<psr::BinaryDomain> * psr::EdgeIdentity<psr::BinaryDomain> = psr::EdgeIdentity<psr::BinaryDomain>
[DEBUG] Propagate flow
[DEBUG] Source value  : i32 %argc | ID: main.0
[DEBUG] Target        : call void @_ZNSt7__cxx1112basic_stringIcSt11char_traitsIcESaIcEED1Ev(%"class.std::__cxx11::basic_string"* noundef nonnull align 8 dereferenceable(32) %conspicuous_x) #6, !psr.id !61 | ID: 57
[DEBUG] Target value  : i32 %argc | ID: main.0
[DEBUG] Edge function : psr::EdgeIdentity<psr::BinaryDomain> (result of previous compose)
[DEBUG] Join: psr::AllTop<psr::BinaryDomain> & psr::EdgeIdentity<psr::BinaryDomain> 
[DEBUG]     = psr::EdgeIdentity<psr::BinaryDomain> (new jump func)
[DEBUG]  
[DEBUG] Start adding new jump function
[DEBUG] Fact at source : i32 %argc | ID: main.0
[DEBUG] Fact at target : i32 %argc | ID: main.0
[DEBUG] Destination    : call void @_ZNSt7__cxx1112basic_stringIcSt11char_traitsIcESaIcEED1Ev(%"class.std::__cxx11::basic_string"* noundef nonnull align 8 dereferenceable(32) %conspicuous_x) #6, !psr.id !61 | ID: 57
[DEBUG] Edge Function  : psr::EdgeIdentity<psr::BinaryDomain>
[DEBUG] End adding new jump function
[DEBUG] -------------------------------------------- 21. Path Edge --------------------------------------------
[DEBUG]  
[DEBUG] Process 21. path edge:
[DEBUG] < D source: i32 %argc | ID: main.0 ;
[DEBUG]   N target: call void @_ZNSt7__cxx1112basic_stringIcSt11char_traitsIcESaIcEED1Ev(%"class.std::__cxx11::basic_string"* noundef nonnull align 8 dereferenceable(32) %conspicuous_x) #6, !psr.id !61 | ID: 57 ;
[DEBUG]   D target: i32 %argc | ID: main.0 >
[DEBUG]  
[DEBUG] Process call at target: call void @_ZNSt7__cxx1112basic_stringIcSt11char_traitsIcESaIcEED1Ev(%"class.std::__cxx11::basic_string"* noundef nonnull align 8 dereferenceable(32) %conspicuous_x) #6, !psr.id !61 | ID: 57
[DEBUG] JumpFunctions Forward-Lookup:
[DEBUG]    Source D: i32 %argc | ID: main.0
[DEBUG]    Target N: call void @_ZNSt7__cxx1112basic_stringIcSt11char_traitsIcESaIcEED1Ev(%"class.std::__cxx11::basic_string"* noundef nonnull align 8 dereferenceable(32) %conspicuous_x) #6, !psr.id !61 | ID: 57
[DEBUG]    Target D: i32 %argc | ID: main.0
[DEBUG]   => EdgeFn: psr::EdgeIdentity<psr::BinaryDomain>
[DEBUG] Possible callees:
[DEBUG]   _ZNSt7__cxx1112basic_stringIcSt11char_traitsIcESaIcEED1Ev
[DEBUG] Possible return sites:
[DEBUG]   br label %eh.resume, !psr.id !62 | ID: 58
[DEBUG] Summary flow function factory call
[DEBUG] (N) Call Stmt : call void @_ZNSt7__cxx1112basic_stringIcSt11char_traitsIcESaIcEED1Ev(%"class.std::__cxx11::basic_string"* noundef nonnull align 8 dereferenceable(32) %conspicuous_x) #6, !psr.id !61 | ID: 57
[DEBUG] (F) Dest Mthd : _ZNSt7__cxx1112basic_stringIcSt11char_traitsIcESaIcEED1Ev
[DEBUG]  
[DEBUG] Call flow function factory call
[DEBUG] (N) Call Stmt : call void @_ZNSt7__cxx1112basic_stringIcSt11char_traitsIcESaIcEED1Ev(%"class.std::__cxx11::basic_string"* noundef nonnull align 8 dereferenceable(32) %conspicuous_x) #6, !psr.id !61 | ID: 57
[DEBUG] (F) Dest Fun : _ZNSt7__cxx1112basic_stringIcSt11char_traitsIcESaIcEED1Ev
[DEBUG] Flow function constructed
[DEBUG] Start points of '_ZNSt7__cxx1112basic_stringIcSt11char_traitsIcESaIcEED1Ev' currently not available!
[DEBUG] Call-to-Return flow function factory call
[DEBUG] (N) Call Site : call void @_ZNSt7__cxx1112basic_stringIcSt11char_traitsIcESaIcEED1Ev(%"class.std::__cxx11::basic_string"* noundef nonnull align 8 dereferenceable(32) %conspicuous_x) #6, !psr.id !61 | ID: 57
[DEBUG] (N) Ret Site  : br label %eh.resume, !psr.id !62 | ID: 58
[DEBUG] (F) Callee's  : 
[DEBUG]   _ZNSt7__cxx1112basic_stringIcSt11char_traitsIcESaIcEED1Ev
[DEBUG] Flow function constructed
[DEBUG] Call-to-Return edge function factory call
[DEBUG] (N) Call Site : call void @_ZNSt7__cxx1112basic_stringIcSt11char_traitsIcESaIcEED1Ev(%"class.std::__cxx11::basic_string"* noundef nonnull align 8 dereferenceable(32) %conspicuous_x) #6, !psr.id !61 | ID: 57
[DEBUG] (D) Call Node : i32 %argc | ID: main.0
[DEBUG] (N) Ret Site  : br label %eh.resume, !psr.id !62 | ID: 58
[DEBUG] (D) Ret Node  : i32 %argc | ID: main.0
[DEBUG] (F) Callee's  : 
[DEBUG]   _ZNSt7__cxx1112basic_stringIcSt11char_traitsIcESaIcEED1Ev
[DEBUG] Edge function constructed
[DEBUG] Provide Edge Function: psr::EdgeIdentity<psr::BinaryDomain>
[DEBUG] Queried Call-to-Return Edge Function: psr::EdgeIdentity<psr::BinaryDomain>
[DEBUG] Compose: psr::EdgeIdentity<psr::BinaryDomain> * psr::EdgeIdentity<psr::BinaryDomain> = psr::EdgeIdentity<psr::BinaryDomain>
[DEBUG] Propagate flow
[DEBUG] Source value  : i32 %argc | ID: main.0
[DEBUG] Target        : br label %eh.resume, !psr.id !62 | ID: 58
[DEBUG] Target value  : i32 %argc | ID: main.0
[DEBUG] Edge function : psr::EdgeIdentity<psr::BinaryDomain> (result of previous compose)
[DEBUG] Join: psr::AllTop<psr::BinaryDomain> & psr::EdgeIdentity<psr::BinaryDomain> 
[DEBUG]     = psr::EdgeIdentity<psr::BinaryDomain> (new jump func)
[DEBUG]  
[DEBUG] Start adding new jump function
[DEBUG] Fact at source : i32 %argc | ID: main.0
[DEBUG] Fact at target : i32 %argc | ID: main.0
[DEBUG] Destination    : br label %eh.resume, !psr.id !62 | ID: 58
[DEBUG] Edge Function  : psr::EdgeIdentity<psr::BinaryDomain>
[DEBUG] End adding new jump function
[DEBUG] -------------------------------------------- 22. Path Edge --------------------------------------------
[DEBUG]  
[DEBUG] Process 22. path edge:
[DEBUG] < D source: i32 %argc | ID: main.0 ;
[DEBUG]   N target: br label %eh.resume, !psr.id !62 | ID: 58 ;
[DEBUG]   D target: i32 %argc | ID: main.0 >
[DEBUG]  
[DEBUG] Process normal at target: br label %eh.resume, !psr.id !62 | ID: 58
[DEBUG] JumpFunctions Forward-Lookup:
[DEBUG]    Source D: i32 %argc | ID: main.0
[DEBUG]    Target N: br label %eh.resume, !psr.id !62 | ID: 58
[DEBUG]    Target D: i32 %argc | ID: main.0
[DEBUG]   => EdgeFn: psr::EdgeIdentity<psr::BinaryDomain>
[DEBUG] Normal flow function factory call
[DEBUG] (N) Curr Inst : br label %eh.resume, !psr.id !62 | ID: 58
[DEBUG] (N) Succ Inst : %exn = load i8*, i8** %exn.slot, align 8, !psr.id !63 | ID: 59
[DEBUG] Flow function constructed
[DEBUG] Normal edge function factory call
[DEBUG] (N) Curr Inst : br label %eh.resume, !psr.id !62 | ID: 58
[DEBUG] (D) Curr Node : i32 %argc | ID: main.0
[DEBUG] (N) Succ Inst : %exn = load i8*, i8** %exn.slot, align 8, !psr.id !63 | ID: 59
[DEBUG] (D) Succ Node : i32 %argc | ID: main.0
[DEBUG] Edge function constructed
[DEBUG] Provide Edge Function: psr::EdgeIdentity<psr::BinaryDomain>
[DEBUG] Queried Normal Edge Function: psr::EdgeIdentity<psr::BinaryDomain>
[DEBUG] Compose: psr::EdgeIdentity<psr::BinaryDomain> * psr::EdgeIdentity<psr::BinaryDomain> = psr::EdgeIdentity<psr::BinaryDomain>
[DEBUG] Propagate flow
[DEBUG] Source value  : i32 %argc | ID: main.0
[DEBUG] Target        : %exn = load i8*, i8** %exn.slot, align 8, !psr.id !63 | ID: 59
[DEBUG] Target value  : i32 %argc | ID: main.0
[DEBUG] Edge function : psr::EdgeIdentity<psr::BinaryDomain> (result of previous compose)
[DEBUG] Join: psr::AllTop<psr::BinaryDomain> & psr::EdgeIdentity<psr::BinaryDomain> 
[DEBUG]     = psr::EdgeIdentity<psr::BinaryDomain> (new jump func)
[DEBUG]  
[DEBUG] Start adding new jump function
[DEBUG] Fact at source : i32 %argc | ID: main.0
[DEBUG] Fact at target : i32 %argc | ID: main.0
[DEBUG] Destination    : %exn = load i8*, i8** %exn.slot, align 8, !psr.id !63 | ID: 59
[DEBUG] Edge Function  : psr::EdgeIdentity<psr::BinaryDomain>
[DEBUG] End adding new jump function
[DEBUG] -------------------------------------------- 23. Path Edge --------------------------------------------
[DEBUG]  
[DEBUG] Process 23. path edge:
[DEBUG] < D source: i32 %argc | ID: main.0 ;
[DEBUG]   N target: %exn = load i8*, i8** %exn.slot, align 8, !psr.id !63 | ID: 59 ;
[DEBUG]   D target: i32 %argc | ID: main.0 >
[DEBUG]  
[DEBUG] Process normal at target: %exn = load i8*, i8** %exn.slot, align 8, !psr.id !63 | ID: 59
[DEBUG] JumpFunctions Forward-Lookup:
[DEBUG]    Source D: i32 %argc | ID: main.0
[DEBUG]    Target N: %exn = load i8*, i8** %exn.slot, align 8, !psr.id !63 | ID: 59
[DEBUG]    Target D: i32 %argc | ID: main.0
[DEBUG]   => EdgeFn: psr::EdgeIdentity<psr::BinaryDomain>
[DEBUG] Normal flow function factory call
[DEBUG] (N) Curr Inst : %exn = load i8*, i8** %exn.slot, align 8, !psr.id !63 | ID: 59
[DEBUG] (N) Succ Inst : %sel = load i32, i32* %ehselector.slot, align 4, !psr.id !64 | ID: 60
[DEBUG] Flow function constructed
[DEBUG] Normal edge function factory call
[DEBUG] (N) Curr Inst : %exn = load i8*, i8** %exn.slot, align 8, !psr.id !63 | ID: 59
[DEBUG] (D) Curr Node : i32 %argc | ID: main.0
[DEBUG] (N) Succ Inst : %sel = load i32, i32* %ehselector.slot, align 4, !psr.id !64 | ID: 60
[DEBUG] (D) Succ Node : i32 %argc | ID: main.0
[DEBUG] Edge function constructed
[DEBUG] Provide Edge Function: psr::EdgeIdentity<psr::BinaryDomain>
[DEBUG] Queried Normal Edge Function: psr::EdgeIdentity<psr::BinaryDomain>
[DEBUG] Compose: psr::EdgeIdentity<psr::BinaryDomain> * psr::EdgeIdentity<psr::BinaryDomain> = psr::EdgeIdentity<psr::BinaryDomain>
[DEBUG] Propagate flow
[DEBUG] Source value  : i32 %argc | ID: main.0
[DEBUG] Target        : %sel = load i32, i32* %ehselector.slot, align 4, !psr.id !64 | ID: 60
[DEBUG] Target value  : i32 %argc | ID: main.0
[DEBUG] Edge function : psr::EdgeIdentity<psr::BinaryDomain> (result of previous compose)
[DEBUG] Join: psr::AllTop<psr::BinaryDomain> & psr::EdgeIdentity<psr::BinaryDomain> 
[DEBUG]     = psr::EdgeIdentity<psr::BinaryDomain> (new jump func)
[DEBUG]  
[DEBUG] Start adding new jump function
[DEBUG] Fact at source : i32 %argc | ID: main.0
[DEBUG] Fact at target : i32 %argc | ID: main.0
[DEBUG] Destination    : %sel = load i32, i32* %ehselector.slot, align 4, !psr.id !64 | ID: 60
[DEBUG] Edge Function  : psr::EdgeIdentity<psr::BinaryDomain>
[DEBUG] End adding new jump function
[DEBUG] -------------------------------------------- 24. Path Edge --------------------------------------------
[DEBUG]  
[DEBUG] Process 24. path edge:
[DEBUG] < D source: i32 %argc | ID: main.0 ;
[DEBUG]   N target: %sel = load i32, i32* %ehselector.slot, align 4, !psr.id !64 | ID: 60 ;
[DEBUG]   D target: i32 %argc | ID: main.0 >
[DEBUG]  
[DEBUG] Process normal at target: %sel = load i32, i32* %ehselector.slot, align 4, !psr.id !64 | ID: 60
[DEBUG] JumpFunctions Forward-Lookup:
[DEBUG]    Source D: i32 %argc | ID: main.0
[DEBUG]    Target N: %sel = load i32, i32* %ehselector.slot, align 4, !psr.id !64 | ID: 60
[DEBUG]    Target D: i32 %argc | ID: main.0
[DEBUG]   => EdgeFn: psr::EdgeIdentity<psr::BinaryDomain>
[DEBUG] Normal flow function factory call
[DEBUG] (N) Curr Inst : %sel = load i32, i32* %ehselector.slot, align 4, !psr.id !64 | ID: 60
[DEBUG] (N) Succ Inst : %lpad.val = insertvalue { i8*, i32 } undef, i8* %exn, 0, !psr.id !65 | ID: 61
[DEBUG] Flow function constructed
[DEBUG] Normal edge function factory call
[DEBUG] (N) Curr Inst : %sel = load i32, i32* %ehselector.slot, align 4, !psr.id !64 | ID: 60
[DEBUG] (D) Curr Node : i32 %argc | ID: main.0
[DEBUG] (N) Succ Inst : %lpad.val = insertvalue { i8*, i32 } undef, i8* %exn, 0, !psr.id !65 | ID: 61
[DEBUG] (D) Succ Node : i32 %argc | ID: main.0
[DEBUG] Edge function constructed
[DEBUG] Provide Edge Function: psr::EdgeIdentity<psr::BinaryDomain>
[DEBUG] Queried Normal Edge Function: psr::EdgeIdentity<psr::BinaryDomain>
[DEBUG] Compose: psr::EdgeIdentity<psr::BinaryDomain> * psr::EdgeIdentity<psr::BinaryDomain> = psr::EdgeIdentity<psr::BinaryDomain>
[DEBUG] Propagate flow
[DEBUG] Source value  : i32 %argc | ID: main.0
[DEBUG] Target        : %lpad.val = insertvalue { i8*, i32 } undef, i8* %exn, 0, !psr.id !65 | ID: 61
[DEBUG] Target value  : i32 %argc | ID: main.0
[DEBUG] Edge function : psr::EdgeIdentity<psr::BinaryDomain> (result of previous compose)
[DEBUG] Join: psr::AllTop<psr::BinaryDomain> & psr::EdgeIdentity<psr::BinaryDomain> 
[DEBUG]     = psr::EdgeIdentity<psr::BinaryDomain> (new jump func)
[DEBUG]  
[DEBUG] Start adding new jump function
[DEBUG] Fact at source : i32 %argc | ID: main.0
[DEBUG] Fact at target : i32 %argc | ID: main.0
[DEBUG] Destination    : %lpad.val = insertvalue { i8*, i32 } undef, i8* %exn, 0, !psr.id !65 | ID: 61
[DEBUG] Edge Function  : psr::EdgeIdentity<psr::BinaryDomain>
[DEBUG] End adding new jump function
[DEBUG] -------------------------------------------- 25. Path Edge --------------------------------------------
[DEBUG]  
[DEBUG] Process 25. path edge:
[DEBUG] < D source: i32 %argc | ID: main.0 ;
[DEBUG]   N target: %lpad.val = insertvalue { i8*, i32 } undef, i8* %exn, 0, !psr.id !65 | ID: 61 ;
[DEBUG]   D target: i32 %argc | ID: main.0 >
[DEBUG]  
[DEBUG] Process normal at target: %lpad.val = insertvalue { i8*, i32 } undef, i8* %exn, 0, !psr.id !65 | ID: 61
[DEBUG] JumpFunctions Forward-Lookup:
[DEBUG]    Source D: i32 %argc | ID: main.0
[DEBUG]    Target N: %lpad.val = insertvalue { i8*, i32 } undef, i8* %exn, 0, !psr.id !65 | ID: 61
[DEBUG]    Target D: i32 %argc | ID: main.0
[DEBUG]   => EdgeFn: psr::EdgeIdentity<psr::BinaryDomain>
[DEBUG] Normal flow function factory call
[DEBUG] (N) Curr Inst : %lpad.val = insertvalue { i8*, i32 } undef, i8* %exn, 0, !psr.id !65 | ID: 61
[DEBUG] (N) Succ Inst : %lpad.val1 = insertvalue { i8*, i32 } %lpad.val, i32 %sel, 1, !psr.id !66 | ID: 62
[DEBUG] Flow function constructed
[DEBUG] Normal edge function factory call
[DEBUG] (N) Curr Inst : %lpad.val = insertvalue { i8*, i32 } undef, i8* %exn, 0, !psr.id !65 | ID: 61
[DEBUG] (D) Curr Node : i32 %argc | ID: main.0
[DEBUG] (N) Succ Inst : %lpad.val1 = insertvalue { i8*, i32 } %lpad.val, i32 %sel, 1, !psr.id !66 | ID: 62
[DEBUG] (D) Succ Node : i32 %argc | ID: main.0
[DEBUG] Edge function constructed
[DEBUG] Provide Edge Function: psr::EdgeIdentity<psr::BinaryDomain>
[DEBUG] Queried Normal Edge Function: psr::EdgeIdentity<psr::BinaryDomain>
[DEBUG] Compose: psr::EdgeIdentity<psr::BinaryDomain> * psr::EdgeIdentity<psr::BinaryDomain> = psr::EdgeIdentity<psr::BinaryDomain>
[DEBUG] Propagate flow
[DEBUG] Source value  : i32 %argc | ID: main.0
[DEBUG] Target        : %lpad.val1 = insertvalue { i8*, i32 } %lpad.val, i32 %sel, 1, !psr.id !66 | ID: 62
[DEBUG] Target value  : i32 %argc | ID: main.0
[DEBUG] Edge function : psr::EdgeIdentity<psr::BinaryDomain> (result of previous compose)
[DEBUG] Join: psr::AllTop<psr::BinaryDomain> & psr::EdgeIdentity<psr::BinaryDomain> 
[DEBUG]     = psr::EdgeIdentity<psr::BinaryDomain> (new jump func)
[DEBUG]  
[DEBUG] Start adding new jump function
[DEBUG] Fact at source : i32 %argc | ID: main.0
[DEBUG] Fact at target : i32 %argc | ID: main.0
[DEBUG] Destination    : %lpad.val1 = insertvalue { i8*, i32 } %lpad.val, i32 %sel, 1, !psr.id !66 | ID: 62
[DEBUG] Edge Function  : psr::EdgeIdentity<psr::BinaryDomain>
[DEBUG] End adding new jump function
[DEBUG] -------------------------------------------- 26. Path Edge --------------------------------------------
[DEBUG]  
[DEBUG] Process 26. path edge:
[DEBUG] < D source: i32 %argc | ID: main.0 ;
[DEBUG]   N target: %lpad.val1 = insertvalue { i8*, i32 } %lpad.val, i32 %sel, 1, !psr.id !66 | ID: 62 ;
[DEBUG]   D target: i32 %argc | ID: main.0 >
[DEBUG]  
[DEBUG] Process normal at target: %lpad.val1 = insertvalue { i8*, i32 } %lpad.val, i32 %sel, 1, !psr.id !66 | ID: 62
[DEBUG] JumpFunctions Forward-Lookup:
[DEBUG]    Source D: i32 %argc | ID: main.0
[DEBUG]    Target N: %lpad.val1 = insertvalue { i8*, i32 } %lpad.val, i32 %sel, 1, !psr.id !66 | ID: 62
[DEBUG]    Target D: i32 %argc | ID: main.0
[DEBUG]   => EdgeFn: psr::EdgeIdentity<psr::BinaryDomain>
[DEBUG] Normal flow function factory call
[DEBUG] (N) Curr Inst : %lpad.val1 = insertvalue { i8*, i32 } %lpad.val, i32 %sel, 1, !psr.id !66 | ID: 62
[DEBUG] (N) Succ Inst : resume { i8*, i32 } %lpad.val1, !psr.id !67 | ID: 63
[DEBUG] Flow function constructed
[DEBUG] Normal edge function factory call
[DEBUG] (N) Curr Inst : %lpad.val1 = insertvalue { i8*, i32 } %lpad.val, i32 %sel, 1, !psr.id !66 | ID: 62
[DEBUG] (D) Curr Node : i32 %argc | ID: main.0
[DEBUG] (N) Succ Inst : resume { i8*, i32 } %lpad.val1, !psr.id !67 | ID: 63
[DEBUG] (D) Succ Node : i32 %argc | ID: main.0
[DEBUG] Edge function constructed
[DEBUG] Provide Edge Function: psr::EdgeIdentity<psr::BinaryDomain>
[DEBUG] Queried Normal Edge Function: psr::EdgeIdentity<psr::BinaryDomain>
[DEBUG] Compose: psr::EdgeIdentity<psr::BinaryDomain> * psr::EdgeIdentity<psr::BinaryDomain> = psr::EdgeIdentity<psr::BinaryDomain>
[DEBUG] Propagate flow
[DEBUG] Source value  : i32 %argc | ID: main.0
[DEBUG] Target        : resume { i8*, i32 } %lpad.val1, !psr.id !67 | ID: 63
[DEBUG] Target value  : i32 %argc | ID: main.0
[DEBUG] Edge function : psr::EdgeIdentity<psr::BinaryDomain> (result of previous compose)
[DEBUG] Join: psr::AllTop<psr::BinaryDomain> & psr::EdgeIdentity<psr::BinaryDomain> 
[DEBUG]     = psr::EdgeIdentity<psr::BinaryDomain> (new jump func)
[DEBUG]  
[DEBUG] Start adding new jump function
[DEBUG] Fact at source : i32 %argc | ID: main.0
[DEBUG] Fact at target : i32 %argc | ID: main.0
[DEBUG] Destination    : resume { i8*, i32 } %lpad.val1, !psr.id !67 | ID: 63
[DEBUG] Edge Function  : psr::EdgeIdentity<psr::BinaryDomain>
[DEBUG] End adding new jump function
[DEBUG] -------------------------------------------- 27. Path Edge --------------------------------------------
[DEBUG]  
[DEBUG] Process 27. path edge:
[DEBUG] < D source: i32 %argc | ID: main.0 ;
[DEBUG]   N target: resume { i8*, i32 } %lpad.val1, !psr.id !67 | ID: 63 ;
[DEBUG]   D target: i32 %argc | ID: main.0 >
[DEBUG]  
[DEBUG] EDGE: <F: main, D: i32 %argc | ID: main.0>
[DEBUG]  ---> <N: resume { i8*, i32 } %lpad.val1, !psr.id !67 | ID: 63,
[DEBUG]        D: i32 %argc | ID: main.0,
[DEBUG]       EF: psr::EdgeIdentity<psr::BinaryDomain>>
[DEBUG]  
[DEBUG] EDGE: <F: main, D: i32 %argc | ID: main.0>
[DEBUG]  ---> <N: %lpad.val1 = insertvalue { i8*, i32 } %lpad.val, i32 %sel, 1, !psr.id !66 | ID: 62,
[DEBUG]        D: i32 %argc | ID: main.0,
[DEBUG]       EF: psr::EdgeIdentity<psr::BinaryDomain>>
[DEBUG]  
[DEBUG] EDGE: <F: main, D: i32 %argc | ID: main.0>
[DEBUG]  ---> <N: %lpad.val = insertvalue { i8*, i32 } undef, i8* %exn, 0, !psr.id !65 | ID: 61,
[DEBUG]        D: i32 %argc | ID: main.0,
[DEBUG]       EF: psr::EdgeIdentity<psr::BinaryDomain>>
[DEBUG]  
[DEBUG] EDGE: <F: main, D: i32 %argc | ID: main.0>
[DEBUG]  ---> <N: %sel = load i32, i32* %ehselector.slot, align 4, !psr.id !64 | ID: 60,
[DEBUG]        D: i32 %argc | ID: main.0,
[DEBUG]       EF: psr::EdgeIdentity<psr::BinaryDomain>>
[DEBUG]  
[DEBUG] EDGE: <F: main, D: i32 %argc | ID: main.0>
[DEBUG]  ---> <N: %exn = load i8*, i8** %exn.slot, align 8, !psr.id !63 | ID: 59,
[DEBUG]        D: i32 %argc | ID: main.0,
[DEBUG]       EF: psr::EdgeIdentity<psr::BinaryDomain>>
[DEBUG]  
[DEBUG] EDGE: <F: main, D: i32 %argc | ID: main.0>
[DEBUG]  ---> <N: br label %eh.resume, !psr.id !62 | ID: 58,
[DEBUG]        D: i32 %argc | ID: main.0,
[DEBUG]       EF: psr::EdgeIdentity<psr::BinaryDomain>>
[DEBUG]  
[DEBUG] EDGE: <F: main, D: i32 %argc | ID: main.0>
[DEBUG]  ---> <N: call void @_ZNSt7__cxx1112basic_stringIcSt11char_traitsIcESaIcEED1Ev(%"class.std::__cxx11::basic_string"* noundef nonnull align 8 dereferenceable(32) %conspicuous_x) #6, !psr.id !61 | ID: 57,
[DEBUG]        D: i32 %argc | ID: main.0,
[DEBUG]       EF: psr::EdgeIdentity<psr::BinaryDomain>>
[DEBUG]  
[DEBUG] EDGE: <F: main, D: i32 %argc | ID: main.0>
[DEBUG]  ---> <N: store i32 %2, i32* %ehselector.slot, align 4, !psr.id !60 | ID: 56,
[DEBUG]        D: i32 %argc | ID: main.0,
[DEBUG]       EF: psr::EdgeIdentity<psr::BinaryDomain>>
[DEBUG]  
[DEBUG] EDGE: <F: main, D: i32 %argc | ID: main.0>
[DEBUG]  ---> <N: %2 = extractvalue { i8*, i32 } %0, 1, !psr.id !59 | ID: 55,
[DEBUG]        D: i32 %argc | ID: main.0,
[DEBUG]       EF: psr::EdgeIdentity<psr::BinaryDomain>>
[DEBUG]  
[DEBUG] EDGE: <F: main, D: i32 %argc | ID: main.0>
[DEBUG]  ---> <N: store i8* %1, i8** %exn.slot, align 8, !psr.id !58 | ID: 54,
[DEBUG]        D: i32 %argc | ID: main.0,
[DEBUG]       EF: psr::EdgeIdentity<psr::BinaryDomain>>
[DEBUG]  
[DEBUG] EDGE: <F: main, D: i32 %argc | ID: main.0>
[DEBUG]  ---> <N: %1 = extractvalue { i8*, i32 } %0, 0, !psr.id !57 | ID: 53,
[DEBUG]        D: i32 %argc | ID: main.0,
[DEBUG]       EF: psr::EdgeIdentity<psr::BinaryDomain>>
[DEBUG]  
[DEBUG] EDGE: <F: main, D: i32 %argc | ID: main.0>
[DEBUG]  ---> <N: %0 = landingpad { i8*, i32 }
          cleanup, !psr.id !56 | ID: 52,
[DEBUG]        D: i32 %argc | ID: main.0,
[DEBUG]       EF: psr::EdgeIdentity<psr::BinaryDomain>>
[DEBUG]  
[DEBUG] EDGE: <F: main, D: i32 %argc | ID: main.0>
[DEBUG]  ---> <N: invoke void @_ZNSt7__cxx1112basic_stringIcSt11char_traitsIcESaIcEEC1ERKS4_(%"class.std::__cxx11::basic_string"* noundef nonnull align 8 dereferenceable(32) %agg.tmp, %"class.std::__cxx11::basic_string"* noundef nonnull align 8 dereferenceable(32) %conspicuous_x)
          to label %invoke.cont unwind label %lpad, !psr.id !51 | ID: 47,
[DEBUG]        D: i32 %argc | ID: main.0,
[DEBUG]       EF: psr::EdgeIdentity<psr::BinaryDomain>>
[DEBUG]  
[DEBUG] EDGE: <F: main, D: i32 %argc | ID: main.0>
[DEBUG]  ---> <N: call void @_Z11source_funcB5cxx11v(%"class.std::__cxx11::basic_string"* sret(%"class.std::__cxx11::basic_string") align 8 %conspicuous_x), !psr.id !50 | ID: 46,
[DEBUG]        D: i32 %argc | ID: main.0,
[DEBUG]       EF: psr::EdgeIdentity<psr::BinaryDomain>>
[DEBUG]  
[DEBUG] EDGE: <F: main, D: i32 %argc | ID: main.0>
[DEBUG]  ---> <N: store i8** %argv, i8*** %argv.addr, align 8, !psr.id !49 | ID: 45,
[DEBUG]        D: i32 %argc | ID: main.0,
[DEBUG]       EF: psr::EdgeIdentity<psr::BinaryDomain>>
[DEBUG]  
[DEBUG] Normal edge function factory call
[DEBUG] (N) Curr Inst : store i32 %argc, i32* %argc.addr, align 4, !psr.id !48 | ID: 44
[DEBUG] (D) Curr Node : i32 %argc | ID: main.0
[DEBUG] (N) Succ Inst : store i8** %argv, i8*** %argv.addr, align 8, !psr.id !49 | ID: 45
[DEBUG] (D) Succ Node : %argc.addr = alloca i32, align 4, !psr.id !42 | ID: 38
[DEBUG] Edge function constructed
[DEBUG] Provide Edge Function: psr::EdgeIdentity<psr::BinaryDomain>
[DEBUG] Queried Normal Edge Function: psr::EdgeIdentity<psr::BinaryDomain>
[DEBUG] Compose: psr::EdgeIdentity<psr::BinaryDomain> * psr::EdgeIdentity<psr::BinaryDomain> = psr::EdgeIdentity<psr::BinaryDomain>
[DEBUG] Propagate flow
[DEBUG] Source value  : i32 %argc | ID: main.0
[DEBUG] Target        : store i8** %argv, i8*** %argv.addr, align 8, !psr.id !49 | ID: 45
[DEBUG] Target value  : %argc.addr = alloca i32, align 4, !psr.id !42 | ID: 38
[DEBUG] Edge function : psr::EdgeIdentity<psr::BinaryDomain> (result of previous compose)
[DEBUG] Join: psr::AllTop<psr::BinaryDomain> & psr::EdgeIdentity<psr::BinaryDomain> 
[DEBUG]     = psr::EdgeIdentity<psr::BinaryDomain> (new jump func)
[DEBUG]  
[DEBUG] Start adding new jump function
[DEBUG] Fact at source : i32 %argc | ID: main.0
[DEBUG] Fact at target : %argc.addr = alloca i32, align 4, !psr.id !42 | ID: 38
[DEBUG] Destination    : store i8** %argv, i8*** %argv.addr, align 8, !psr.id !49 | ID: 45
[DEBUG] Edge Function  : psr::EdgeIdentity<psr::BinaryDomain>
[DEBUG] End adding new jump function
[DEBUG] -------------------------------------------- 28. Path Edge --------------------------------------------
[DEBUG]  
[DEBUG] Process 28. path edge:
[DEBUG] < D source: i32 %argc | ID: main.0 ;
[DEBUG]   N target: store i8** %argv, i8*** %argv.addr, align 8, !psr.id !49 | ID: 45 ;
[DEBUG]   D target: %argc.addr = alloca i32, align 4, !psr.id !42 | ID: 38 >
[DEBUG]  
[DEBUG] Process normal at target: store i8** %argv, i8*** %argv.addr, align 8, !psr.id !49 | ID: 45
[DEBUG] JumpFunctions Forward-Lookup:
[DEBUG]    Source D: i32 %argc | ID: main.0
[DEBUG]    Target N: store i8** %argv, i8*** %argv.addr, align 8, !psr.id !49 | ID: 45
[DEBUG]    Target D: %argc.addr = alloca i32, align 4, !psr.id !42 | ID: 38
[DEBUG]   => EdgeFn: psr::EdgeIdentity<psr::BinaryDomain>
[DEBUG] Normal flow function factory call
[DEBUG] (N) Curr Inst : store i8** %argv, i8*** %argv.addr, align 8, !psr.id !49 | ID: 45
[DEBUG] (N) Succ Inst : call void @_Z11source_funcB5cxx11v(%"class.std::__cxx11::basic_string"* sret(%"class.std::__cxx11::basic_string") align 8 %conspicuous_x), !psr.id !50 | ID: 46
[DEBUG] Flow function fetched from cache
[DEBUG] Normal edge function factory call
[DEBUG] (N) Curr Inst : store i8** %argv, i8*** %argv.addr, align 8, !psr.id !49 | ID: 45
[DEBUG] (D) Curr Node : %argc.addr = alloca i32, align 4, !psr.id !42 | ID: 38
[DEBUG] (N) Succ Inst : call void @_Z11source_funcB5cxx11v(%"class.std::__cxx11::basic_string"* sret(%"class.std::__cxx11::basic_string") align 8 %conspicuous_x), !psr.id !50 | ID: 46
[DEBUG] (D) Succ Node : %argc.addr = alloca i32, align 4, !psr.id !42 | ID: 38
[DEBUG] Edge function constructed
[DEBUG] Provide Edge Function: psr::EdgeIdentity<psr::BinaryDomain>
[DEBUG] Queried Normal Edge Function: psr::EdgeIdentity<psr::BinaryDomain>
[DEBUG] Compose: psr::EdgeIdentity<psr::BinaryDomain> * psr::EdgeIdentity<psr::BinaryDomain> = psr::EdgeIdentity<psr::BinaryDomain>
[DEBUG] Propagate flow
[DEBUG] Source value  : i32 %argc | ID: main.0
[DEBUG] Target        : call void @_Z11source_funcB5cxx11v(%"class.std::__cxx11::basic_string"* sret(%"class.std::__cxx11::basic_string") align 8 %conspicuous_x), !psr.id !50 | ID: 46
[DEBUG] Target value  : %argc.addr = alloca i32, align 4, !psr.id !42 | ID: 38
[DEBUG] Edge function : psr::EdgeIdentity<psr::BinaryDomain> (result of previous compose)
[DEBUG] Join: psr::AllTop<psr::BinaryDomain> & psr::EdgeIdentity<psr::BinaryDomain> 
[DEBUG]     = psr::EdgeIdentity<psr::BinaryDomain> (new jump func)
[DEBUG]  
[DEBUG] Start adding new jump function
[DEBUG] Fact at source : i32 %argc | ID: main.0
[DEBUG] Fact at target : %argc.addr = alloca i32, align 4, !psr.id !42 | ID: 38
[DEBUG] Destination    : call void @_Z11source_funcB5cxx11v(%"class.std::__cxx11::basic_string"* sret(%"class.std::__cxx11::basic_string") align 8 %conspicuous_x), !psr.id !50 | ID: 46
[DEBUG] Edge Function  : psr::EdgeIdentity<psr::BinaryDomain>
[DEBUG] End adding new jump function
[DEBUG] -------------------------------------------- 29. Path Edge --------------------------------------------
[DEBUG]  
[DEBUG] Process 29. path edge:
[DEBUG] < D source: i32 %argc | ID: main.0 ;
[DEBUG]   N target: call void @_Z11source_funcB5cxx11v(%"class.std::__cxx11::basic_string"* sret(%"class.std::__cxx11::basic_string") align 8 %conspicuous_x), !psr.id !50 | ID: 46 ;
[DEBUG]   D target: %argc.addr = alloca i32, align 4, !psr.id !42 | ID: 38 >
[DEBUG]  
[DEBUG] Process call at target: call void @_Z11source_funcB5cxx11v(%"class.std::__cxx11::basic_string"* sret(%"class.std::__cxx11::basic_string") align 8 %conspicuous_x), !psr.id !50 | ID: 46
[DEBUG] JumpFunctions Forward-Lookup:
[DEBUG]    Source D: i32 %argc | ID: main.0
[DEBUG]    Target N: call void @_Z11source_funcB5cxx11v(%"class.std::__cxx11::basic_string"* sret(%"class.std::__cxx11::basic_string") align 8 %conspicuous_x), !psr.id !50 | ID: 46
[DEBUG]    Target D: %argc.addr = alloca i32, align 4, !psr.id !42 | ID: 38
[DEBUG]   => EdgeFn: psr::EdgeIdentity<psr::BinaryDomain>
[DEBUG] Possible callees:
[DEBUG]   _Z11source_funcB5cxx11v
[DEBUG] Possible return sites:
[DEBUG]   invoke void @_ZNSt7__cxx1112basic_stringIcSt11char_traitsIcESaIcEEC1ERKS4_(%"class.std::__cxx11::basic_string"* noundef nonnull align 8 dereferenceable(32) %agg.tmp, %"class.std::__cxx11::basic_string"* noundef nonnull align 8 dereferenceable(32) %conspicuous_x)
          to label %invoke.cont unwind label %lpad, !psr.id !51 | ID: 47
[DEBUG] Summary flow function factory call
[DEBUG] (N) Call Stmt : call void @_Z11source_funcB5cxx11v(%"class.std::__cxx11::basic_string"* sret(%"class.std::__cxx11::basic_string") align 8 %conspicuous_x), !psr.id !50 | ID: 46
[DEBUG] (F) Dest Mthd : _Z11source_funcB5cxx11v
[DEBUG]  
[DEBUG] Call flow function factory call
[DEBUG] (N) Call Stmt : call void @_Z11source_funcB5cxx11v(%"class.std::__cxx11::basic_string"* sret(%"class.std::__cxx11::basic_string") align 8 %conspicuous_x), !psr.id !50 | ID: 46
[DEBUG] (F) Dest Fun : _Z11source_funcB5cxx11v
[DEBUG] Flow function fetched from cache
[DEBUG] Call-to-Return flow function factory call
[DEBUG] (N) Call Site : call void @_Z11source_funcB5cxx11v(%"class.std::__cxx11::basic_string"* sret(%"class.std::__cxx11::basic_string") align 8 %conspicuous_x), !psr.id !50 | ID: 46
[DEBUG] (N) Ret Site  : invoke void @_ZNSt7__cxx1112basic_stringIcSt11char_traitsIcESaIcEEC1ERKS4_(%"class.std::__cxx11::basic_string"* noundef nonnull align 8 dereferenceable(32) %agg.tmp, %"class.std::__cxx11::basic_string"* noundef nonnull align 8 dereferenceable(32) %conspicuous_x)
          to label %invoke.cont unwind label %lpad, !psr.id !51 | ID: 47
[DEBUG] (F) Callee's  : 
[DEBUG]   _Z11source_funcB5cxx11v
[DEBUG] Flow function fetched from cache
[DEBUG] Call-to-Return edge function factory call
[DEBUG] (N) Call Site : call void @_Z11source_funcB5cxx11v(%"class.std::__cxx11::basic_string"* sret(%"class.std::__cxx11::basic_string") align 8 %conspicuous_x), !psr.id !50 | ID: 46
[DEBUG] (D) Call Node : %argc.addr = alloca i32, align 4, !psr.id !42 | ID: 38
[DEBUG] (N) Ret Site  : invoke void @_ZNSt7__cxx1112basic_stringIcSt11char_traitsIcESaIcEEC1ERKS4_(%"class.std::__cxx11::basic_string"* noundef nonnull align 8 dereferenceable(32) %agg.tmp, %"class.std::__cxx11::basic_string"* noundef nonnull align 8 dereferenceable(32) %conspicuous_x)
          to label %invoke.cont unwind label %lpad, !psr.id !51 | ID: 47
[DEBUG] (D) Ret Node  : %argc.addr = alloca i32, align 4, !psr.id !42 | ID: 38
[DEBUG] (F) Callee's  : 
[DEBUG]   _Z11source_funcB5cxx11v
[DEBUG] Edge function constructed
[DEBUG] Provide Edge Function: psr::EdgeIdentity<psr::BinaryDomain>
[DEBUG] Queried Call-to-Return Edge Function: psr::EdgeIdentity<psr::BinaryDomain>
[DEBUG] Compose: psr::EdgeIdentity<psr::BinaryDomain> * psr::EdgeIdentity<psr::BinaryDomain> = psr::EdgeIdentity<psr::BinaryDomain>
[DEBUG] Propagate flow
[DEBUG] Source value  : i32 %argc | ID: main.0
[DEBUG] Target        : invoke void @_ZNSt7__cxx1112basic_stringIcSt11char_traitsIcESaIcEEC1ERKS4_(%"class.std::__cxx11::basic_string"* noundef nonnull align 8 dereferenceable(32) %agg.tmp, %"class.std::__cxx11::basic_string"* noundef nonnull align 8 dereferenceable(32) %conspicuous_x)
          to label %invoke.cont unwind label %lpad, !psr.id !51 | ID: 47
[DEBUG] Target value  : %argc.addr = alloca i32, align 4, !psr.id !42 | ID: 38
[DEBUG] Edge function : psr::EdgeIdentity<psr::BinaryDomain> (result of previous compose)
[DEBUG] Join: psr::AllTop<psr::BinaryDomain> & psr::EdgeIdentity<psr::BinaryDomain> 
[DEBUG]     = psr::EdgeIdentity<psr::BinaryDomain> (new jump func)
[DEBUG]  
[DEBUG] Start adding new jump function
[DEBUG] Fact at source : i32 %argc | ID: main.0
[DEBUG] Fact at target : %argc.addr = alloca i32, align 4, !psr.id !42 | ID: 38
[DEBUG] Destination    : invoke void @_ZNSt7__cxx1112basic_stringIcSt11char_traitsIcESaIcEEC1ERKS4_(%"class.std::__cxx11::basic_string"* noundef nonnull align 8 dereferenceable(32) %agg.tmp, %"class.std::__cxx11::basic_string"* noundef nonnull align 8 dereferenceable(32) %conspicuous_x)
          to label %invoke.cont unwind label %lpad, !psr.id !51 | ID: 47
[DEBUG] Edge Function  : psr::EdgeIdentity<psr::BinaryDomain>
[DEBUG] End adding new jump function
[DEBUG] -------------------------------------------- 30. Path Edge --------------------------------------------
[DEBUG]  
[DEBUG] Process 30. path edge:
[DEBUG] < D source: i32 %argc | ID: main.0 ;
[DEBUG]   N target: invoke void @_ZNSt7__cxx1112basic_stringIcSt11char_traitsIcESaIcEEC1ERKS4_(%"class.std::__cxx11::basic_string"* noundef nonnull align 8 dereferenceable(32) %agg.tmp, %"class.std::__cxx11::basic_string"* noundef nonnull align 8 dereferenceable(32) %conspicuous_x)
          to label %invoke.cont unwind label %lpad, !psr.id !51 | ID: 47 ;
[DEBUG]   D target: %argc.addr = alloca i32, align 4, !psr.id !42 | ID: 38 >
[DEBUG]  
[DEBUG] Process call at target: invoke void @_ZNSt7__cxx1112basic_stringIcSt11char_traitsIcESaIcEEC1ERKS4_(%"class.std::__cxx11::basic_string"* noundef nonnull align 8 dereferenceable(32) %agg.tmp, %"class.std::__cxx11::basic_string"* noundef nonnull align 8 dereferenceable(32) %conspicuous_x)
          to label %invoke.cont unwind label %lpad, !psr.id !51 | ID: 47
[DEBUG] JumpFunctions Forward-Lookup:
[DEBUG]    Source D: i32 %argc | ID: main.0
[DEBUG]    Target N: invoke void @_ZNSt7__cxx1112basic_stringIcSt11char_traitsIcESaIcEEC1ERKS4_(%"class.std::__cxx11::basic_string"* noundef nonnull align 8 dereferenceable(32) %agg.tmp, %"class.std::__cxx11::basic_string"* noundef nonnull align 8 dereferenceable(32) %conspicuous_x)
          to label %invoke.cont unwind label %lpad, !psr.id !51 | ID: 47
[DEBUG]    Target D: %argc.addr = alloca i32, align 4, !psr.id !42 | ID: 38
[DEBUG]   => EdgeFn: psr::EdgeIdentity<psr::BinaryDomain>
[DEBUG] Possible callees:
[DEBUG]   _ZNSt7__cxx1112basic_stringIcSt11char_traitsIcESaIcEEC1ERKS4_
[DEBUG] Possible return sites:
[DEBUG]   call void @_Z9sink_funcNSt7__cxx1112basic_stringIcSt11char_traitsIcESaIcEEE(%"class.std::__cxx11::basic_string"* noundef %agg.tmp), !psr.id !52 | ID: 48
[DEBUG]   %0 = landingpad { i8*, i32 }
          cleanup, !psr.id !56 | ID: 52
[DEBUG] Summary flow function factory call
[DEBUG] (N) Call Stmt : invoke void @_ZNSt7__cxx1112basic_stringIcSt11char_traitsIcESaIcEEC1ERKS4_(%"class.std::__cxx11::basic_string"* noundef nonnull align 8 dereferenceable(32) %agg.tmp, %"class.std::__cxx11::basic_string"* noundef nonnull align 8 dereferenceable(32) %conspicuous_x)
          to label %invoke.cont unwind label %lpad, !psr.id !51 | ID: 47
[DEBUG] (F) Dest Mthd : _ZNSt7__cxx1112basic_stringIcSt11char_traitsIcESaIcEEC1ERKS4_
[DEBUG]  
[DEBUG] Call flow function factory call
[DEBUG] (N) Call Stmt : invoke void @_ZNSt7__cxx1112basic_stringIcSt11char_traitsIcESaIcEEC1ERKS4_(%"class.std::__cxx11::basic_string"* noundef nonnull align 8 dereferenceable(32) %agg.tmp, %"class.std::__cxx11::basic_string"* noundef nonnull align 8 dereferenceable(32) %conspicuous_x)
          to label %invoke.cont unwind label %lpad, !psr.id !51 | ID: 47
[DEBUG] (F) Dest Fun : _ZNSt7__cxx1112basic_stringIcSt11char_traitsIcESaIcEEC1ERKS4_
[DEBUG] Flow function fetched from cache
[DEBUG] Start points of '_ZNSt7__cxx1112basic_stringIcSt11char_traitsIcESaIcEEC1ERKS4_' currently not available!
[DEBUG] Call-to-Return flow function factory call
[DEBUG] (N) Call Site : invoke void @_ZNSt7__cxx1112basic_stringIcSt11char_traitsIcESaIcEEC1ERKS4_(%"class.std::__cxx11::basic_string"* noundef nonnull align 8 dereferenceable(32) %agg.tmp, %"class.std::__cxx11::basic_string"* noundef nonnull align 8 dereferenceable(32) %conspicuous_x)
          to label %invoke.cont unwind label %lpad, !psr.id !51 | ID: 47
[DEBUG] (N) Ret Site  : call void @_Z9sink_funcNSt7__cxx1112basic_stringIcSt11char_traitsIcESaIcEEE(%"class.std::__cxx11::basic_string"* noundef %agg.tmp), !psr.id !52 | ID: 48
[DEBUG] (F) Callee's  : 
[DEBUG]   _ZNSt7__cxx1112basic_stringIcSt11char_traitsIcESaIcEEC1ERKS4_
[DEBUG] Flow function fetched from cache
[DEBUG] Call-to-Return edge function factory call
[DEBUG] (N) Call Site : invoke void @_ZNSt7__cxx1112basic_stringIcSt11char_traitsIcESaIcEEC1ERKS4_(%"class.std::__cxx11::basic_string"* noundef nonnull align 8 dereferenceable(32) %agg.tmp, %"class.std::__cxx11::basic_string"* noundef nonnull align 8 dereferenceable(32) %conspicuous_x)
          to label %invoke.cont unwind label %lpad, !psr.id !51 | ID: 47
[DEBUG] (D) Call Node : %argc.addr = alloca i32, align 4, !psr.id !42 | ID: 38
[DEBUG] (N) Ret Site  : call void @_Z9sink_funcNSt7__cxx1112basic_stringIcSt11char_traitsIcESaIcEEE(%"class.std::__cxx11::basic_string"* noundef %agg.tmp), !psr.id !52 | ID: 48
[DEBUG] (D) Ret Node  : %argc.addr = alloca i32, align 4, !psr.id !42 | ID: 38
[DEBUG] (F) Callee's  : 
[DEBUG]   _ZNSt7__cxx1112basic_stringIcSt11char_traitsIcESaIcEEC1ERKS4_
[DEBUG] Edge function constructed
[DEBUG] Provide Edge Function: psr::EdgeIdentity<psr::BinaryDomain>
[DEBUG] Queried Call-to-Return Edge Function: psr::EdgeIdentity<psr::BinaryDomain>
[DEBUG] Compose: psr::EdgeIdentity<psr::BinaryDomain> * psr::EdgeIdentity<psr::BinaryDomain> = psr::EdgeIdentity<psr::BinaryDomain>
[DEBUG] Propagate flow
[DEBUG] Source value  : i32 %argc | ID: main.0
[DEBUG] Target        : call void @_Z9sink_funcNSt7__cxx1112basic_stringIcSt11char_traitsIcESaIcEEE(%"class.std::__cxx11::basic_string"* noundef %agg.tmp), !psr.id !52 | ID: 48
[DEBUG] Target value  : %argc.addr = alloca i32, align 4, !psr.id !42 | ID: 38
[DEBUG] Edge function : psr::EdgeIdentity<psr::BinaryDomain> (result of previous compose)
[DEBUG] Join: psr::AllTop<psr::BinaryDomain> & psr::EdgeIdentity<psr::BinaryDomain> 
[DEBUG]     = psr::EdgeIdentity<psr::BinaryDomain> (new jump func)
[DEBUG]  
[DEBUG] Start adding new jump function
[DEBUG] Fact at source : i32 %argc | ID: main.0
[DEBUG] Fact at target : %argc.addr = alloca i32, align 4, !psr.id !42 | ID: 38
[DEBUG] Destination    : call void @_Z9sink_funcNSt7__cxx1112basic_stringIcSt11char_traitsIcESaIcEEE(%"class.std::__cxx11::basic_string"* noundef %agg.tmp), !psr.id !52 | ID: 48
[DEBUG] Edge Function  : psr::EdgeIdentity<psr::BinaryDomain>
[DEBUG] End adding new jump function
[DEBUG] -------------------------------------------- 31. Path Edge --------------------------------------------
[DEBUG]  
[DEBUG] Process 31. path edge:
[DEBUG] < D source: i32 %argc | ID: main.0 ;
[DEBUG]   N target: call void @_Z9sink_funcNSt7__cxx1112basic_stringIcSt11char_traitsIcESaIcEEE(%"class.std::__cxx11::basic_string"* noundef %agg.tmp), !psr.id !52 | ID: 48 ;
[DEBUG]   D target: %argc.addr = alloca i32, align 4, !psr.id !42 | ID: 38 >
[DEBUG]  
[DEBUG] Process call at target: call void @_Z9sink_funcNSt7__cxx1112basic_stringIcSt11char_traitsIcESaIcEEE(%"class.std::__cxx11::basic_string"* noundef %agg.tmp), !psr.id !52 | ID: 48
[DEBUG] JumpFunctions Forward-Lookup:
[DEBUG]    Source D: i32 %argc | ID: main.0
[DEBUG]    Target N: call void @_Z9sink_funcNSt7__cxx1112basic_stringIcSt11char_traitsIcESaIcEEE(%"class.std::__cxx11::basic_string"* noundef %agg.tmp), !psr.id !52 | ID: 48
[DEBUG]    Target D: %argc.addr = alloca i32, align 4, !psr.id !42 | ID: 38
[DEBUG]   => EdgeFn: psr::EdgeIdentity<psr::BinaryDomain>
[DEBUG] Possible callees:
[DEBUG]   _Z9sink_funcNSt7__cxx1112basic_stringIcSt11char_traitsIcESaIcEEE
[DEBUG] Possible return sites:
[DEBUG]   call void @_ZNSt7__cxx1112basic_stringIcSt11char_traitsIcESaIcEED1Ev(%"class.std::__cxx11::basic_string"* noundef nonnull align 8 dereferenceable(32) %agg.tmp) #6, !psr.id !53 | ID: 49
[DEBUG] Summary flow function factory call
[DEBUG] (N) Call Stmt : call void @_Z9sink_funcNSt7__cxx1112basic_stringIcSt11char_traitsIcESaIcEEE(%"class.std::__cxx11::basic_string"* noundef %agg.tmp), !psr.id !52 | ID: 48
[DEBUG] (F) Dest Mthd : _Z9sink_funcNSt7__cxx1112basic_stringIcSt11char_traitsIcESaIcEEE
[DEBUG]  
[DEBUG] Call flow function factory call
[DEBUG] (N) Call Stmt : call void @_Z9sink_funcNSt7__cxx1112basic_stringIcSt11char_traitsIcESaIcEEE(%"class.std::__cxx11::basic_string"* noundef %agg.tmp), !psr.id !52 | ID: 48
[DEBUG] (F) Dest Fun : _Z9sink_funcNSt7__cxx1112basic_stringIcSt11char_traitsIcESaIcEEE
[DEBUG] Flow function fetched from cache
[DEBUG] Create initial self-loop with D: %argc.addr = alloca i32, align 4, !psr.id !42 | ID: 38
[DEBUG] Propagate flow
[DEBUG] Source value  : %argc.addr = alloca i32, align 4, !psr.id !42 | ID: 38
[DEBUG] Target        : ret void, !psr.id !41 | ID: 37
[DEBUG] Target value  : %argc.addr = alloca i32, align 4, !psr.id !42 | ID: 38
[DEBUG] Edge function : psr::EdgeIdentity<psr::BinaryDomain> (result of previous compose)
[DEBUG] Join: psr::AllTop<psr::BinaryDomain> & psr::EdgeIdentity<psr::BinaryDomain> 
[DEBUG]     = psr::EdgeIdentity<psr::BinaryDomain> (new jump func)
[DEBUG]  
[DEBUG] Start adding new jump function
[DEBUG] Fact at source : %argc.addr = alloca i32, align 4, !psr.id !42 | ID: 38
[DEBUG] Fact at target : %argc.addr = alloca i32, align 4, !psr.id !42 | ID: 38
[DEBUG] Destination    : ret void, !psr.id !41 | ID: 37
[DEBUG] Edge Function  : psr::EdgeIdentity<psr::BinaryDomain>
[DEBUG] End adding new jump function
[DEBUG] -------------------------------------------- 32. Path Edge --------------------------------------------
[DEBUG]  
[DEBUG] Process 32. path edge:
[DEBUG] < D source: %argc.addr = alloca i32, align 4, !psr.id !42 | ID: 38 ;
[DEBUG]   N target: ret void, !psr.id !41 | ID: 37 ;
[DEBUG]   D target: %argc.addr = alloca i32, align 4, !psr.id !42 | ID: 38 >
[DEBUG]  
[DEBUG] Process exit at target: ret void, !psr.id !41 | ID: 37
[DEBUG] JumpFunctions Forward-Lookup:
[DEBUG]    Source D: %argc.addr = alloca i32, align 4, !psr.id !42 | ID: 38
[DEBUG]    Target N: ret void, !psr.id !41 | ID: 37
[DEBUG]    Target D: %argc.addr = alloca i32, align 4, !psr.id !42 | ID: 38
[DEBUG]   => EdgeFn: psr::EdgeIdentity<psr::BinaryDomain>
[DEBUG] Start of endsummarytab entry
[DEBUG] sP: %argc.addr = alloca i32, align 4, !psr.id !42 | ID: 38
[DEBUG] d1: i32 %argc | ID: main.0
[DEBUG]   eP: ret i32 0, !psr.id !55 | ID: 51
[DEBUG]   d2: i32 %argc | ID: main.0
[DEBUG]   EF: psr::EdgeIdentity<psr::BinaryDomain>
[DEBUG] ---------------
[DEBUG] sP: ret void, !psr.id !41 | ID: 37
[DEBUG] d1: %argc.addr = alloca i32, align 4, !psr.id !42 | ID: 38
[DEBUG]   eP: ret void, !psr.id !41 | ID: 37
[DEBUG]   d2: %argc.addr = alloca i32, align 4, !psr.id !42 | ID: 38
[DEBUG]   EF: psr::EdgeIdentity<psr::BinaryDomain>
[DEBUG] ---------------
[DEBUG] sP: ret void, !psr.id !41 | ID: 37
[DEBUG] d1: i32 %argc | ID: main.0
[DEBUG]   eP: ret void, !psr.id !41 | ID: 37
[DEBUG]   d2: i32 %argc | ID: main.0
[DEBUG]   EF: psr::EdgeIdentity<psr::BinaryDomain>
[DEBUG] ---------------
[DEBUG] End of endsummarytab entry
[DEBUG] Start of incomingtab entry
[DEBUG] sP: ret void, !psr.id !41 | ID: 37
[DEBUG] d3: i32 %argc | ID: main.0
[DEBUG]   n: call void @_Z9sink_funcNSt7__cxx1112basic_stringIcSt11char_traitsIcESaIcEEE(%"class.std::__cxx11::basic_string"* noundef %agg.tmp), !psr.id !52 | ID: 48
[DEBUG]   d2: i32 %argc | ID: main.0
[DEBUG] ---------------
[DEBUG] sP: ret void, !psr.id !41 | ID: 37
[DEBUG] d3: %argc.addr = alloca i32, align 4, !psr.id !42 | ID: 38
[DEBUG] ---------------
[DEBUG] sP: %argc.addr = alloca i32, align 4, !psr.id !42 | ID: 38
[DEBUG] d3: i32 %argc | ID: main.0
[DEBUG] ---------------
[DEBUG] End of incomingtab entry
[DEBUG] EDGE: <F: _Z9sink_funcNSt7__cxx1112basic_stringIcSt11char_traitsIcESaIcEEE, D: %argc.addr = alloca i32, align 4, !psr.id !42 | ID: 38>
[DEBUG]  ---> <N: ret void, !psr.id !41 | ID: 37,
[DEBUG]        D: %argc.addr = alloca i32, align 4, !psr.id !42 | ID: 38,
[DEBUG]       EF: psr::EdgeIdentity<psr::BinaryDomain>>
[DEBUG]  
[DEBUG] Return flow function factory call
[DEBUG] (N) Call Site : call void @_Z9sink_funcNSt7__cxx1112basic_stringIcSt11char_traitsIcESaIcEEE(%"class.std::__cxx11::basic_string"* noundef %agg.tmp), !psr.id !52 | ID: 48
[DEBUG] (F) Callee    : _Z9sink_funcNSt7__cxx1112basic_stringIcSt11char_traitsIcESaIcEEE
[DEBUG] (N) Exit Stmt : ret void, !psr.id !41 | ID: 37
[DEBUG] (N) Ret Site  : call void @_ZNSt7__cxx1112basic_stringIcSt11char_traitsIcESaIcEED1Ev(%"class.std::__cxx11::basic_string"* noundef nonnull align 8 dereferenceable(32) %agg.tmp) #6, !psr.id !53 | ID: 49
[DEBUG] Flow function fetched from cache
[DEBUG] Call-to-Return flow function factory call
[DEBUG] (N) Call Site : call void @_Z9sink_funcNSt7__cxx1112basic_stringIcSt11char_traitsIcESaIcEEE(%"class.std::__cxx11::basic_string"* noundef %agg.tmp), !psr.id !52 | ID: 48
[DEBUG] (N) Ret Site  : call void @_ZNSt7__cxx1112basic_stringIcSt11char_traitsIcESaIcEED1Ev(%"class.std::__cxx11::basic_string"* noundef nonnull align 8 dereferenceable(32) %agg.tmp) #6, !psr.id !53 | ID: 49
[DEBUG] (F) Callee's  : 
[DEBUG]   _Z9sink_funcNSt7__cxx1112basic_stringIcSt11char_traitsIcESaIcEEE
[DEBUG] Flow function fetched from cache
[DEBUG] Call-to-Return edge function factory call
[DEBUG] (N) Call Site : call void @_Z9sink_funcNSt7__cxx1112basic_stringIcSt11char_traitsIcESaIcEEE(%"class.std::__cxx11::basic_string"* noundef %agg.tmp), !psr.id !52 | ID: 48
[DEBUG] (D) Call Node : %argc.addr = alloca i32, align 4, !psr.id !42 | ID: 38
[DEBUG] (N) Ret Site  : call void @_ZNSt7__cxx1112basic_stringIcSt11char_traitsIcESaIcEED1Ev(%"class.std::__cxx11::basic_string"* noundef nonnull align 8 dereferenceable(32) %agg.tmp) #6, !psr.id !53 | ID: 49
[DEBUG] (D) Ret Node  : %argc.addr = alloca i32, align 4, !psr.id !42 | ID: 38
[DEBUG] (F) Callee's  : 
[DEBUG]   _Z9sink_funcNSt7__cxx1112basic_stringIcSt11char_traitsIcESaIcEEE
[DEBUG] Edge function constructed
[DEBUG] Provide Edge Function: psr::EdgeIdentity<psr::BinaryDomain>
[DEBUG] Queried Call-to-Return Edge Function: psr::EdgeIdentity<psr::BinaryDomain>
[DEBUG] Compose: psr::EdgeIdentity<psr::BinaryDomain> * psr::EdgeIdentity<psr::BinaryDomain> = psr::EdgeIdentity<psr::BinaryDomain>
[DEBUG] Propagate flow
[DEBUG] Source value  : i32 %argc | ID: main.0
[DEBUG] Target        : call void @_ZNSt7__cxx1112basic_stringIcSt11char_traitsIcESaIcEED1Ev(%"class.std::__cxx11::basic_string"* noundef nonnull align 8 dereferenceable(32) %agg.tmp) #6, !psr.id !53 | ID: 49
[DEBUG] Target value  : %argc.addr = alloca i32, align 4, !psr.id !42 | ID: 38
[DEBUG] Edge function : psr::EdgeIdentity<psr::BinaryDomain> (result of previous compose)
[DEBUG] Join: psr::AllTop<psr::BinaryDomain> & psr::EdgeIdentity<psr::BinaryDomain> 
[DEBUG]     = psr::EdgeIdentity<psr::BinaryDomain> (new jump func)
[DEBUG]  
[DEBUG] Start adding new jump function
[DEBUG] Fact at source : i32 %argc | ID: main.0
[DEBUG] Fact at target : %argc.addr = alloca i32, align 4, !psr.id !42 | ID: 38
[DEBUG] Destination    : call void @_ZNSt7__cxx1112basic_stringIcSt11char_traitsIcESaIcEED1Ev(%"class.std::__cxx11::basic_string"* noundef nonnull align 8 dereferenceable(32) %agg.tmp) #6, !psr.id !53 | ID: 49
[DEBUG] Edge Function  : psr::EdgeIdentity<psr::BinaryDomain>
[DEBUG] End adding new jump function
[DEBUG] -------------------------------------------- 33. Path Edge --------------------------------------------
[DEBUG]  
[DEBUG] Process 33. path edge:
[DEBUG] < D source: i32 %argc | ID: main.0 ;
[DEBUG]   N target: call void @_ZNSt7__cxx1112basic_stringIcSt11char_traitsIcESaIcEED1Ev(%"class.std::__cxx11::basic_string"* noundef nonnull align 8 dereferenceable(32) %agg.tmp) #6, !psr.id !53 | ID: 49 ;
[DEBUG]   D target: %argc.addr = alloca i32, align 4, !psr.id !42 | ID: 38 >
[DEBUG]  
[DEBUG] Process call at target: call void @_ZNSt7__cxx1112basic_stringIcSt11char_traitsIcESaIcEED1Ev(%"class.std::__cxx11::basic_string"* noundef nonnull align 8 dereferenceable(32) %agg.tmp) #6, !psr.id !53 | ID: 49
[DEBUG] JumpFunctions Forward-Lookup:
[DEBUG]    Source D: i32 %argc | ID: main.0
[DEBUG]    Target N: call void @_ZNSt7__cxx1112basic_stringIcSt11char_traitsIcESaIcEED1Ev(%"class.std::__cxx11::basic_string"* noundef nonnull align 8 dereferenceable(32) %agg.tmp) #6, !psr.id !53 | ID: 49
[DEBUG]    Target D: %argc.addr = alloca i32, align 4, !psr.id !42 | ID: 38
[DEBUG]   => EdgeFn: psr::EdgeIdentity<psr::BinaryDomain>
[DEBUG] Possible callees:
[DEBUG]   _ZNSt7__cxx1112basic_stringIcSt11char_traitsIcESaIcEED1Ev
[DEBUG] Possible return sites:
[DEBUG]   call void @_ZNSt7__cxx1112basic_stringIcSt11char_traitsIcESaIcEED1Ev(%"class.std::__cxx11::basic_string"* noundef nonnull align 8 dereferenceable(32) %conspicuous_x) #6, !psr.id !54 | ID: 50
[DEBUG] Summary flow function factory call
[DEBUG] (N) Call Stmt : call void @_ZNSt7__cxx1112basic_stringIcSt11char_traitsIcESaIcEED1Ev(%"class.std::__cxx11::basic_string"* noundef nonnull align 8 dereferenceable(32) %agg.tmp) #6, !psr.id !53 | ID: 49
[DEBUG] (F) Dest Mthd : _ZNSt7__cxx1112basic_stringIcSt11char_traitsIcESaIcEED1Ev
[DEBUG]  
[DEBUG] Call flow function factory call
[DEBUG] (N) Call Stmt : call void @_ZNSt7__cxx1112basic_stringIcSt11char_traitsIcESaIcEED1Ev(%"class.std::__cxx11::basic_string"* noundef nonnull align 8 dereferenceable(32) %agg.tmp) #6, !psr.id !53 | ID: 49
[DEBUG] (F) Dest Fun : _ZNSt7__cxx1112basic_stringIcSt11char_traitsIcESaIcEED1Ev
[DEBUG] Flow function fetched from cache
[DEBUG] Start points of '_ZNSt7__cxx1112basic_stringIcSt11char_traitsIcESaIcEED1Ev' currently not available!
[DEBUG] Call-to-Return flow function factory call
[DEBUG] (N) Call Site : call void @_ZNSt7__cxx1112basic_stringIcSt11char_traitsIcESaIcEED1Ev(%"class.std::__cxx11::basic_string"* noundef nonnull align 8 dereferenceable(32) %agg.tmp) #6, !psr.id !53 | ID: 49
[DEBUG] (N) Ret Site  : call void @_ZNSt7__cxx1112basic_stringIcSt11char_traitsIcESaIcEED1Ev(%"class.std::__cxx11::basic_string"* noundef nonnull align 8 dereferenceable(32) %conspicuous_x) #6, !psr.id !54 | ID: 50
[DEBUG] (F) Callee's  : 
[DEBUG]   _ZNSt7__cxx1112basic_stringIcSt11char_traitsIcESaIcEED1Ev
[DEBUG] Flow function fetched from cache
[DEBUG] Call-to-Return edge function factory call
[DEBUG] (N) Call Site : call void @_ZNSt7__cxx1112basic_stringIcSt11char_traitsIcESaIcEED1Ev(%"class.std::__cxx11::basic_string"* noundef nonnull align 8 dereferenceable(32) %agg.tmp) #6, !psr.id !53 | ID: 49
[DEBUG] (D) Call Node : %argc.addr = alloca i32, align 4, !psr.id !42 | ID: 38
[DEBUG] (N) Ret Site  : call void @_ZNSt7__cxx1112basic_stringIcSt11char_traitsIcESaIcEED1Ev(%"class.std::__cxx11::basic_string"* noundef nonnull align 8 dereferenceable(32) %conspicuous_x) #6, !psr.id !54 | ID: 50
[DEBUG] (D) Ret Node  : %argc.addr = alloca i32, align 4, !psr.id !42 | ID: 38
[DEBUG] (F) Callee's  : 
[DEBUG]   _ZNSt7__cxx1112basic_stringIcSt11char_traitsIcESaIcEED1Ev
[DEBUG] Edge function constructed
[DEBUG] Provide Edge Function: psr::EdgeIdentity<psr::BinaryDomain>
[DEBUG] Queried Call-to-Return Edge Function: psr::EdgeIdentity<psr::BinaryDomain>
[DEBUG] Compose: psr::EdgeIdentity<psr::BinaryDomain> * psr::EdgeIdentity<psr::BinaryDomain> = psr::EdgeIdentity<psr::BinaryDomain>
[DEBUG] Propagate flow
[DEBUG] Source value  : i32 %argc | ID: main.0
[DEBUG] Target        : call void @_ZNSt7__cxx1112basic_stringIcSt11char_traitsIcESaIcEED1Ev(%"class.std::__cxx11::basic_string"* noundef nonnull align 8 dereferenceable(32) %conspicuous_x) #6, !psr.id !54 | ID: 50
[DEBUG] Target value  : %argc.addr = alloca i32, align 4, !psr.id !42 | ID: 38
[DEBUG] Edge function : psr::EdgeIdentity<psr::BinaryDomain> (result of previous compose)
[DEBUG] Join: psr::AllTop<psr::BinaryDomain> & psr::EdgeIdentity<psr::BinaryDomain> 
[DEBUG]     = psr::EdgeIdentity<psr::BinaryDomain> (new jump func)
[DEBUG]  
[DEBUG] Start adding new jump function
[DEBUG] Fact at source : i32 %argc | ID: main.0
[DEBUG] Fact at target : %argc.addr = alloca i32, align 4, !psr.id !42 | ID: 38
[DEBUG] Destination    : call void @_ZNSt7__cxx1112basic_stringIcSt11char_traitsIcESaIcEED1Ev(%"class.std::__cxx11::basic_string"* noundef nonnull align 8 dereferenceable(32) %conspicuous_x) #6, !psr.id !54 | ID: 50
[DEBUG] Edge Function  : psr::EdgeIdentity<psr::BinaryDomain>
[DEBUG] End adding new jump function
[DEBUG] -------------------------------------------- 34. Path Edge --------------------------------------------
[DEBUG]  
[DEBUG] Process 34. path edge:
[DEBUG] < D source: i32 %argc | ID: main.0 ;
[DEBUG]   N target: call void @_ZNSt7__cxx1112basic_stringIcSt11char_traitsIcESaIcEED1Ev(%"class.std::__cxx11::basic_string"* noundef nonnull align 8 dereferenceable(32) %conspicuous_x) #6, !psr.id !54 | ID: 50 ;
[DEBUG]   D target: %argc.addr = alloca i32, align 4, !psr.id !42 | ID: 38 >
[DEBUG]  
[DEBUG] Process call at target: call void @_ZNSt7__cxx1112basic_stringIcSt11char_traitsIcESaIcEED1Ev(%"class.std::__cxx11::basic_string"* noundef nonnull align 8 dereferenceable(32) %conspicuous_x) #6, !psr.id !54 | ID: 50
[DEBUG] JumpFunctions Forward-Lookup:
[DEBUG]    Source D: i32 %argc | ID: main.0
[DEBUG]    Target N: call void @_ZNSt7__cxx1112basic_stringIcSt11char_traitsIcESaIcEED1Ev(%"class.std::__cxx11::basic_string"* noundef nonnull align 8 dereferenceable(32) %conspicuous_x) #6, !psr.id !54 | ID: 50
[DEBUG]    Target D: %argc.addr = alloca i32, align 4, !psr.id !42 | ID: 38
[DEBUG]   => EdgeFn: psr::EdgeIdentity<psr::BinaryDomain>
[DEBUG] Possible callees:
[DEBUG]   _ZNSt7__cxx1112basic_stringIcSt11char_traitsIcESaIcEED1Ev
[DEBUG] Possible return sites:
[DEBUG]   ret i32 0, !psr.id !55 | ID: 51
[DEBUG] Summary flow function factory call
[DEBUG] (N) Call Stmt : call void @_ZNSt7__cxx1112basic_stringIcSt11char_traitsIcESaIcEED1Ev(%"class.std::__cxx11::basic_string"* noundef nonnull align 8 dereferenceable(32) %conspicuous_x) #6, !psr.id !54 | ID: 50
[DEBUG] (F) Dest Mthd : _ZNSt7__cxx1112basic_stringIcSt11char_traitsIcESaIcEED1Ev
[DEBUG]  
[DEBUG] Call flow function factory call
[DEBUG] (N) Call Stmt : call void @_ZNSt7__cxx1112basic_stringIcSt11char_traitsIcESaIcEED1Ev(%"class.std::__cxx11::basic_string"* noundef nonnull align 8 dereferenceable(32) %conspicuous_x) #6, !psr.id !54 | ID: 50
[DEBUG] (F) Dest Fun : _ZNSt7__cxx1112basic_stringIcSt11char_traitsIcESaIcEED1Ev
[DEBUG] Flow function fetched from cache
[DEBUG] Start points of '_ZNSt7__cxx1112basic_stringIcSt11char_traitsIcESaIcEED1Ev' currently not available!
[DEBUG] Call-to-Return flow function factory call
[DEBUG] (N) Call Site : call void @_ZNSt7__cxx1112basic_stringIcSt11char_traitsIcESaIcEED1Ev(%"class.std::__cxx11::basic_string"* noundef nonnull align 8 dereferenceable(32) %conspicuous_x) #6, !psr.id !54 | ID: 50
[DEBUG] (N) Ret Site  : ret i32 0, !psr.id !55 | ID: 51
[DEBUG] (F) Callee's  : 
[DEBUG]   _ZNSt7__cxx1112basic_stringIcSt11char_traitsIcESaIcEED1Ev
[DEBUG] Flow function fetched from cache
[DEBUG] Call-to-Return edge function factory call
[DEBUG] (N) Call Site : call void @_ZNSt7__cxx1112basic_stringIcSt11char_traitsIcESaIcEED1Ev(%"class.std::__cxx11::basic_string"* noundef nonnull align 8 dereferenceable(32) %conspicuous_x) #6, !psr.id !54 | ID: 50
[DEBUG] (D) Call Node : %argc.addr = alloca i32, align 4, !psr.id !42 | ID: 38
[DEBUG] (N) Ret Site  : ret i32 0, !psr.id !55 | ID: 51
[DEBUG] (D) Ret Node  : %argc.addr = alloca i32, align 4, !psr.id !42 | ID: 38
[DEBUG] (F) Callee's  : 
[DEBUG]   _ZNSt7__cxx1112basic_stringIcSt11char_traitsIcESaIcEED1Ev
[DEBUG] Edge function constructed
[DEBUG] Provide Edge Function: psr::EdgeIdentity<psr::BinaryDomain>
[DEBUG] Queried Call-to-Return Edge Function: psr::EdgeIdentity<psr::BinaryDomain>
[DEBUG] Compose: psr::EdgeIdentity<psr::BinaryDomain> * psr::EdgeIdentity<psr::BinaryDomain> = psr::EdgeIdentity<psr::BinaryDomain>
[DEBUG] Propagate flow
[DEBUG] Source value  : i32 %argc | ID: main.0
[DEBUG] Target        : ret i32 0, !psr.id !55 | ID: 51
[DEBUG] Target value  : %argc.addr = alloca i32, align 4, !psr.id !42 | ID: 38
[DEBUG] Edge function : psr::EdgeIdentity<psr::BinaryDomain> (result of previous compose)
[DEBUG] Join: psr::AllTop<psr::BinaryDomain> & psr::EdgeIdentity<psr::BinaryDomain> 
[DEBUG]     = psr::EdgeIdentity<psr::BinaryDomain> (new jump func)
[DEBUG]  
[DEBUG] Start adding new jump function
[DEBUG] Fact at source : i32 %argc | ID: main.0
[DEBUG] Fact at target : %argc.addr = alloca i32, align 4, !psr.id !42 | ID: 38
[DEBUG] Destination    : ret i32 0, !psr.id !55 | ID: 51
[DEBUG] Edge Function  : psr::EdgeIdentity<psr::BinaryDomain>
[DEBUG] End adding new jump function
[DEBUG] -------------------------------------------- 35. Path Edge --------------------------------------------
[DEBUG]  
[DEBUG] Process 35. path edge:
[DEBUG] < D source: i32 %argc | ID: main.0 ;
[DEBUG]   N target: ret i32 0, !psr.id !55 | ID: 51 ;
[DEBUG]   D target: %argc.addr = alloca i32, align 4, !psr.id !42 | ID: 38 >
[DEBUG]  
[DEBUG] Process exit at target: ret i32 0, !psr.id !55 | ID: 51
[DEBUG] JumpFunctions Forward-Lookup:
[DEBUG]    Source D: i32 %argc | ID: main.0
[DEBUG]    Target N: ret i32 0, !psr.id !55 | ID: 51
[DEBUG]    Target D: %argc.addr = alloca i32, align 4, !psr.id !42 | ID: 38
[DEBUG]   => EdgeFn: psr::EdgeIdentity<psr::BinaryDomain>
[DEBUG] Start of endsummarytab entry
[DEBUG] sP: %argc.addr = alloca i32, align 4, !psr.id !42 | ID: 38
[DEBUG] d1: i32 %argc | ID: main.0
[DEBUG]   eP: ret i32 0, !psr.id !55 | ID: 51
[DEBUG]   d2: %argc.addr = alloca i32, align 4, !psr.id !42 | ID: 38
[DEBUG]   EF: psr::EdgeIdentity<psr::BinaryDomain>
[DEBUG]   eP: ret i32 0, !psr.id !55 | ID: 51
[DEBUG]   d2: i32 %argc | ID: main.0
[DEBUG]   EF: psr::EdgeIdentity<psr::BinaryDomain>
[DEBUG] ---------------
[DEBUG] sP: ret void, !psr.id !41 | ID: 37
[DEBUG] d1: %argc.addr = alloca i32, align 4, !psr.id !42 | ID: 38
[DEBUG]   eP: ret void, !psr.id !41 | ID: 37
[DEBUG]   d2: %argc.addr = alloca i32, align 4, !psr.id !42 | ID: 38
[DEBUG]   EF: psr::EdgeIdentity<psr::BinaryDomain>
[DEBUG] ---------------
[DEBUG] sP: ret void, !psr.id !41 | ID: 37
[DEBUG] d1: i32 %argc | ID: main.0
[DEBUG]   eP: ret void, !psr.id !41 | ID: 37
[DEBUG]   d2: i32 %argc | ID: main.0
[DEBUG]   EF: psr::EdgeIdentity<psr::BinaryDomain>
[DEBUG] ---------------
[DEBUG] End of endsummarytab entry
[DEBUG] Start of incomingtab entry
[DEBUG] sP: ret void, !psr.id !41 | ID: 37
[DEBUG] d3: i32 %argc | ID: main.0
[DEBUG]   n: call void @_Z9sink_funcNSt7__cxx1112basic_stringIcSt11char_traitsIcESaIcEEE(%"class.std::__cxx11::basic_string"* noundef %agg.tmp), !psr.id !52 | ID: 48
[DEBUG]   d2: i32 %argc | ID: main.0
[DEBUG] ---------------
[DEBUG] sP: ret void, !psr.id !41 | ID: 37
[DEBUG] d3: %argc.addr = alloca i32, align 4, !psr.id !42 | ID: 38
[DEBUG]   n: call void @_Z9sink_funcNSt7__cxx1112basic_stringIcSt11char_traitsIcESaIcEEE(%"class.std::__cxx11::basic_string"* noundef %agg.tmp), !psr.id !52 | ID: 48
[DEBUG]   d2: %argc.addr = alloca i32, align 4, !psr.id !42 | ID: 38
[DEBUG] ---------------
[DEBUG] sP: %argc.addr = alloca i32, align 4, !psr.id !42 | ID: 38
[DEBUG] d3: i32 %argc | ID: main.0
[DEBUG] ---------------
[DEBUG] End of incomingtab entry
[DEBUG] EDGE: <F: main, D: i32 %argc | ID: main.0>
[DEBUG]  ---> <N: ret i32 0, !psr.id !55 | ID: 51,
[DEBUG]        D: %argc.addr = alloca i32, align 4, !psr.id !42 | ID: 38,
[DEBUG]       EF: psr::EdgeIdentity<psr::BinaryDomain>>
[DEBUG]  
[DEBUG] EDGE: <F: main, D: i32 %argc | ID: main.0>
[DEBUG]  ---> <N: call void @_ZNSt7__cxx1112basic_stringIcSt11char_traitsIcESaIcEED1Ev(%"class.std::__cxx11::basic_string"* noundef nonnull align 8 dereferenceable(32) %conspicuous_x) #6, !psr.id !54 | ID: 50,
[DEBUG]        D: %argc.addr = alloca i32, align 4, !psr.id !42 | ID: 38,
[DEBUG]       EF: psr::EdgeIdentity<psr::BinaryDomain>>
[DEBUG]  
[DEBUG] EDGE: <F: main, D: i32 %argc | ID: main.0>
[DEBUG]  ---> <N: call void @_ZNSt7__cxx1112basic_stringIcSt11char_traitsIcESaIcEED1Ev(%"class.std::__cxx11::basic_string"* noundef nonnull align 8 dereferenceable(32) %agg.tmp) #6, !psr.id !53 | ID: 49,
[DEBUG]        D: %argc.addr = alloca i32, align 4, !psr.id !42 | ID: 38,
[DEBUG]       EF: psr::EdgeIdentity<psr::BinaryDomain>>
[DEBUG]  
[DEBUG] EDGE: <F: main, D: i32 %argc | ID: main.0>
[DEBUG]  ---> <N: call void @_Z9sink_funcNSt7__cxx1112basic_stringIcSt11char_traitsIcESaIcEEE(%"class.std::__cxx11::basic_string"* noundef %agg.tmp), !psr.id !52 | ID: 48,
[DEBUG]        D: %argc.addr = alloca i32, align 4, !psr.id !42 | ID: 38,
[DEBUG]       EF: psr::EdgeIdentity<psr::BinaryDomain>>
[DEBUG]  
[DEBUG] Call-to-Return flow function factory call
[DEBUG] (N) Call Site : invoke void @_ZNSt7__cxx1112basic_stringIcSt11char_traitsIcESaIcEEC1ERKS4_(%"class.std::__cxx11::basic_string"* noundef nonnull align 8 dereferenceable(32) %agg.tmp, %"class.std::__cxx11::basic_string"* noundef nonnull align 8 dereferenceable(32) %conspicuous_x)
          to label %invoke.cont unwind label %lpad, !psr.id !51 | ID: 47
[DEBUG] (N) Ret Site  : %0 = landingpad { i8*, i32 }
          cleanup, !psr.id !56 | ID: 52
[DEBUG] (F) Callee's  : 
[DEBUG]   _ZNSt7__cxx1112basic_stringIcSt11char_traitsIcESaIcEEC1ERKS4_
[DEBUG] Flow function fetched from cache
[DEBUG] Call-to-Return edge function factory call
[DEBUG] (N) Call Site : invoke void @_ZNSt7__cxx1112basic_stringIcSt11char_traitsIcESaIcEEC1ERKS4_(%"class.std::__cxx11::basic_string"* noundef nonnull align 8 dereferenceable(32) %agg.tmp, %"class.std::__cxx11::basic_string"* noundef nonnull align 8 dereferenceable(32) %conspicuous_x)
          to label %invoke.cont unwind label %lpad, !psr.id !51 | ID: 47
[DEBUG] (D) Call Node : %argc.addr = alloca i32, align 4, !psr.id !42 | ID: 38
[DEBUG] (N) Ret Site  : %0 = landingpad { i8*, i32 }
          cleanup, !psr.id !56 | ID: 52
[DEBUG] (D) Ret Node  : %argc.addr = alloca i32, align 4, !psr.id !42 | ID: 38
[DEBUG] (F) Callee's  : 
[DEBUG]   _ZNSt7__cxx1112basic_stringIcSt11char_traitsIcESaIcEEC1ERKS4_
[DEBUG] Edge function constructed
[DEBUG] Provide Edge Function: psr::EdgeIdentity<psr::BinaryDomain>
[DEBUG] Queried Call-to-Return Edge Function: psr::EdgeIdentity<psr::BinaryDomain>
[DEBUG] Compose: psr::EdgeIdentity<psr::BinaryDomain> * psr::EdgeIdentity<psr::BinaryDomain> = psr::EdgeIdentity<psr::BinaryDomain>
[DEBUG] Propagate flow
[DEBUG] Source value  : i32 %argc | ID: main.0
[DEBUG] Target        : %0 = landingpad { i8*, i32 }
          cleanup, !psr.id !56 | ID: 52
[DEBUG] Target value  : %argc.addr = alloca i32, align 4, !psr.id !42 | ID: 38
[DEBUG] Edge function : psr::EdgeIdentity<psr::BinaryDomain> (result of previous compose)
[DEBUG] Join: psr::AllTop<psr::BinaryDomain> & psr::EdgeIdentity<psr::BinaryDomain> 
[DEBUG]     = psr::EdgeIdentity<psr::BinaryDomain> (new jump func)
[DEBUG]  
[DEBUG] Start adding new jump function
[DEBUG] Fact at source : i32 %argc | ID: main.0
[DEBUG] Fact at target : %argc.addr = alloca i32, align 4, !psr.id !42 | ID: 38
[DEBUG] Destination    : %0 = landingpad { i8*, i32 }
          cleanup, !psr.id !56 | ID: 52
[DEBUG] Edge Function  : psr::EdgeIdentity<psr::BinaryDomain>
[DEBUG] End adding new jump function
[DEBUG] -------------------------------------------- 36. Path Edge --------------------------------------------
[DEBUG]  
[DEBUG] Process 36. path edge:
[DEBUG] < D source: i32 %argc | ID: main.0 ;
[DEBUG]   N target: %0 = landingpad { i8*, i32 }
          cleanup, !psr.id !56 | ID: 52 ;
[DEBUG]   D target: %argc.addr = alloca i32, align 4, !psr.id !42 | ID: 38 >
[DEBUG]  
[DEBUG] Process normal at target: %0 = landingpad { i8*, i32 }
          cleanup, !psr.id !56 | ID: 52
[DEBUG] JumpFunctions Forward-Lookup:
[DEBUG]    Source D: i32 %argc | ID: main.0
[DEBUG]    Target N: %0 = landingpad { i8*, i32 }
          cleanup, !psr.id !56 | ID: 52
[DEBUG]    Target D: %argc.addr = alloca i32, align 4, !psr.id !42 | ID: 38
[DEBUG]   => EdgeFn: psr::EdgeIdentity<psr::BinaryDomain>
[DEBUG] Normal flow function factory call
[DEBUG] (N) Curr Inst : %0 = landingpad { i8*, i32 }
          cleanup, !psr.id !56 | ID: 52
[DEBUG] (N) Succ Inst : %1 = extractvalue { i8*, i32 } %0, 0, !psr.id !57 | ID: 53
[DEBUG] Flow function fetched from cache
[DEBUG] Normal edge function factory call
[DEBUG] (N) Curr Inst : %0 = landingpad { i8*, i32 }
          cleanup, !psr.id !56 | ID: 52
[DEBUG] (D) Curr Node : %argc.addr = alloca i32, align 4, !psr.id !42 | ID: 38
[DEBUG] (N) Succ Inst : %1 = extractvalue { i8*, i32 } %0, 0, !psr.id !57 | ID: 53
[DEBUG] (D) Succ Node : %argc.addr = alloca i32, align 4, !psr.id !42 | ID: 38
[DEBUG] Edge function constructed
[DEBUG] Provide Edge Function: psr::EdgeIdentity<psr::BinaryDomain>
[DEBUG] Queried Normal Edge Function: psr::EdgeIdentity<psr::BinaryDomain>
[DEBUG] Compose: psr::EdgeIdentity<psr::BinaryDomain> * psr::EdgeIdentity<psr::BinaryDomain> = psr::EdgeIdentity<psr::BinaryDomain>
[DEBUG] Propagate flow
[DEBUG] Source value  : i32 %argc | ID: main.0
[DEBUG] Target        : %1 = extractvalue { i8*, i32 } %0, 0, !psr.id !57 | ID: 53
[DEBUG] Target value  : %argc.addr = alloca i32, align 4, !psr.id !42 | ID: 38
[DEBUG] Edge function : psr::EdgeIdentity<psr::BinaryDomain> (result of previous compose)
[DEBUG] Join: psr::AllTop<psr::BinaryDomain> & psr::EdgeIdentity<psr::BinaryDomain> 
[DEBUG]     = psr::EdgeIdentity<psr::BinaryDomain> (new jump func)
[DEBUG]  
[DEBUG] Start adding new jump function
[DEBUG] Fact at source : i32 %argc | ID: main.0
[DEBUG] Fact at target : %argc.addr = alloca i32, align 4, !psr.id !42 | ID: 38
[DEBUG] Destination    : %1 = extractvalue { i8*, i32 } %0, 0, !psr.id !57 | ID: 53
[DEBUG] Edge Function  : psr::EdgeIdentity<psr::BinaryDomain>
[DEBUG] End adding new jump function
[DEBUG] -------------------------------------------- 37. Path Edge --------------------------------------------
[DEBUG]  
[DEBUG] Process 37. path edge:
[DEBUG] < D source: i32 %argc | ID: main.0 ;
[DEBUG]   N target: %1 = extractvalue { i8*, i32 } %0, 0, !psr.id !57 | ID: 53 ;
[DEBUG]   D target: %argc.addr = alloca i32, align 4, !psr.id !42 | ID: 38 >
[DEBUG]  
[DEBUG] Process normal at target: %1 = extractvalue { i8*, i32 } %0, 0, !psr.id !57 | ID: 53
[DEBUG] JumpFunctions Forward-Lookup:
[DEBUG]    Source D: i32 %argc | ID: main.0
[DEBUG]    Target N: %1 = extractvalue { i8*, i32 } %0, 0, !psr.id !57 | ID: 53
[DEBUG]    Target D: %argc.addr = alloca i32, align 4, !psr.id !42 | ID: 38
[DEBUG]   => EdgeFn: psr::EdgeIdentity<psr::BinaryDomain>
[DEBUG] Normal flow function factory call
[DEBUG] (N) Curr Inst : %1 = extractvalue { i8*, i32 } %0, 0, !psr.id !57 | ID: 53
[DEBUG] (N) Succ Inst : store i8* %1, i8** %exn.slot, align 8, !psr.id !58 | ID: 54
[DEBUG] Flow function fetched from cache
[DEBUG] Normal edge function factory call
[DEBUG] (N) Curr Inst : %1 = extractvalue { i8*, i32 } %0, 0, !psr.id !57 | ID: 53
[DEBUG] (D) Curr Node : %argc.addr = alloca i32, align 4, !psr.id !42 | ID: 38
[DEBUG] (N) Succ Inst : store i8* %1, i8** %exn.slot, align 8, !psr.id !58 | ID: 54
[DEBUG] (D) Succ Node : %argc.addr = alloca i32, align 4, !psr.id !42 | ID: 38
[DEBUG] Edge function constructed
[DEBUG] Provide Edge Function: psr::EdgeIdentity<psr::BinaryDomain>
[DEBUG] Queried Normal Edge Function: psr::EdgeIdentity<psr::BinaryDomain>
[DEBUG] Compose: psr::EdgeIdentity<psr::BinaryDomain> * psr::EdgeIdentity<psr::BinaryDomain> = psr::EdgeIdentity<psr::BinaryDomain>
[DEBUG] Propagate flow
[DEBUG] Source value  : i32 %argc | ID: main.0
[DEBUG] Target        : store i8* %1, i8** %exn.slot, align 8, !psr.id !58 | ID: 54
[DEBUG] Target value  : %argc.addr = alloca i32, align 4, !psr.id !42 | ID: 38
[DEBUG] Edge function : psr::EdgeIdentity<psr::BinaryDomain> (result of previous compose)
[DEBUG] Join: psr::AllTop<psr::BinaryDomain> & psr::EdgeIdentity<psr::BinaryDomain> 
[DEBUG]     = psr::EdgeIdentity<psr::BinaryDomain> (new jump func)
[DEBUG]  
[DEBUG] Start adding new jump function
[DEBUG] Fact at source : i32 %argc | ID: main.0
[DEBUG] Fact at target : %argc.addr = alloca i32, align 4, !psr.id !42 | ID: 38
[DEBUG] Destination    : store i8* %1, i8** %exn.slot, align 8, !psr.id !58 | ID: 54
[DEBUG] Edge Function  : psr::EdgeIdentity<psr::BinaryDomain>
[DEBUG] End adding new jump function
[DEBUG] -------------------------------------------- 38. Path Edge --------------------------------------------
[DEBUG]  
[DEBUG] Process 38. path edge:
[DEBUG] < D source: i32 %argc | ID: main.0 ;
[DEBUG]   N target: store i8* %1, i8** %exn.slot, align 8, !psr.id !58 | ID: 54 ;
[DEBUG]   D target: %argc.addr = alloca i32, align 4, !psr.id !42 | ID: 38 >
[DEBUG]  
[DEBUG] Process normal at target: store i8* %1, i8** %exn.slot, align 8, !psr.id !58 | ID: 54
[DEBUG] JumpFunctions Forward-Lookup:
[DEBUG]    Source D: i32 %argc | ID: main.0
[DEBUG]    Target N: store i8* %1, i8** %exn.slot, align 8, !psr.id !58 | ID: 54
[DEBUG]    Target D: %argc.addr = alloca i32, align 4, !psr.id !42 | ID: 38
[DEBUG]   => EdgeFn: psr::EdgeIdentity<psr::BinaryDomain>
[DEBUG] Normal flow function factory call
[DEBUG] (N) Curr Inst : store i8* %1, i8** %exn.slot, align 8, !psr.id !58 | ID: 54
[DEBUG] (N) Succ Inst : %2 = extractvalue { i8*, i32 } %0, 1, !psr.id !59 | ID: 55
[DEBUG] Flow function fetched from cache
[DEBUG] Normal edge function factory call
[DEBUG] (N) Curr Inst : store i8* %1, i8** %exn.slot, align 8, !psr.id !58 | ID: 54
[DEBUG] (D) Curr Node : %argc.addr = alloca i32, align 4, !psr.id !42 | ID: 38
[DEBUG] (N) Succ Inst : %2 = extractvalue { i8*, i32 } %0, 1, !psr.id !59 | ID: 55
[DEBUG] (D) Succ Node : %argc.addr = alloca i32, align 4, !psr.id !42 | ID: 38
[DEBUG] Edge function constructed
[DEBUG] Provide Edge Function: psr::EdgeIdentity<psr::BinaryDomain>
[DEBUG] Queried Normal Edge Function: psr::EdgeIdentity<psr::BinaryDomain>
[DEBUG] Compose: psr::EdgeIdentity<psr::BinaryDomain> * psr::EdgeIdentity<psr::BinaryDomain> = psr::EdgeIdentity<psr::BinaryDomain>
[DEBUG] Propagate flow
[DEBUG] Source value  : i32 %argc | ID: main.0
[DEBUG] Target        : %2 = extractvalue { i8*, i32 } %0, 1, !psr.id !59 | ID: 55
[DEBUG] Target value  : %argc.addr = alloca i32, align 4, !psr.id !42 | ID: 38
[DEBUG] Edge function : psr::EdgeIdentity<psr::BinaryDomain> (result of previous compose)
[DEBUG] Join: psr::AllTop<psr::BinaryDomain> & psr::EdgeIdentity<psr::BinaryDomain> 
[DEBUG]     = psr::EdgeIdentity<psr::BinaryDomain> (new jump func)
[DEBUG]  
[DEBUG] Start adding new jump function
[DEBUG] Fact at source : i32 %argc | ID: main.0
[DEBUG] Fact at target : %argc.addr = alloca i32, align 4, !psr.id !42 | ID: 38
[DEBUG] Destination    : %2 = extractvalue { i8*, i32 } %0, 1, !psr.id !59 | ID: 55
[DEBUG] Edge Function  : psr::EdgeIdentity<psr::BinaryDomain>
[DEBUG] End adding new jump function
[DEBUG] -------------------------------------------- 39. Path Edge --------------------------------------------
[DEBUG]  
[DEBUG] Process 39. path edge:
[DEBUG] < D source: i32 %argc | ID: main.0 ;
[DEBUG]   N target: %2 = extractvalue { i8*, i32 } %0, 1, !psr.id !59 | ID: 55 ;
[DEBUG]   D target: %argc.addr = alloca i32, align 4, !psr.id !42 | ID: 38 >
[DEBUG]  
[DEBUG] Process normal at target: %2 = extractvalue { i8*, i32 } %0, 1, !psr.id !59 | ID: 55
[DEBUG] JumpFunctions Forward-Lookup:
[DEBUG]    Source D: i32 %argc | ID: main.0
[DEBUG]    Target N: %2 = extractvalue { i8*, i32 } %0, 1, !psr.id !59 | ID: 55
[DEBUG]    Target D: %argc.addr = alloca i32, align 4, !psr.id !42 | ID: 38
[DEBUG]   => EdgeFn: psr::EdgeIdentity<psr::BinaryDomain>
[DEBUG] Normal flow function factory call
[DEBUG] (N) Curr Inst : %2 = extractvalue { i8*, i32 } %0, 1, !psr.id !59 | ID: 55
[DEBUG] (N) Succ Inst : store i32 %2, i32* %ehselector.slot, align 4, !psr.id !60 | ID: 56
[DEBUG] Flow function fetched from cache
[DEBUG] Normal edge function factory call
[DEBUG] (N) Curr Inst : %2 = extractvalue { i8*, i32 } %0, 1, !psr.id !59 | ID: 55
[DEBUG] (D) Curr Node : %argc.addr = alloca i32, align 4, !psr.id !42 | ID: 38
[DEBUG] (N) Succ Inst : store i32 %2, i32* %ehselector.slot, align 4, !psr.id !60 | ID: 56
[DEBUG] (D) Succ Node : %argc.addr = alloca i32, align 4, !psr.id !42 | ID: 38
[DEBUG] Edge function constructed
[DEBUG] Provide Edge Function: psr::EdgeIdentity<psr::BinaryDomain>
[DEBUG] Queried Normal Edge Function: psr::EdgeIdentity<psr::BinaryDomain>
[DEBUG] Compose: psr::EdgeIdentity<psr::BinaryDomain> * psr::EdgeIdentity<psr::BinaryDomain> = psr::EdgeIdentity<psr::BinaryDomain>
[DEBUG] Propagate flow
[DEBUG] Source value  : i32 %argc | ID: main.0
[DEBUG] Target        : store i32 %2, i32* %ehselector.slot, align 4, !psr.id !60 | ID: 56
[DEBUG] Target value  : %argc.addr = alloca i32, align 4, !psr.id !42 | ID: 38
[DEBUG] Edge function : psr::EdgeIdentity<psr::BinaryDomain> (result of previous compose)
[DEBUG] Join: psr::AllTop<psr::BinaryDomain> & psr::EdgeIdentity<psr::BinaryDomain> 
[DEBUG]     = psr::EdgeIdentity<psr::BinaryDomain> (new jump func)
[DEBUG]  
[DEBUG] Start adding new jump function
[DEBUG] Fact at source : i32 %argc | ID: main.0
[DEBUG] Fact at target : %argc.addr = alloca i32, align 4, !psr.id !42 | ID: 38
[DEBUG] Destination    : store i32 %2, i32* %ehselector.slot, align 4, !psr.id !60 | ID: 56
[DEBUG] Edge Function  : psr::EdgeIdentity<psr::BinaryDomain>
[DEBUG] End adding new jump function
[DEBUG] -------------------------------------------- 40. Path Edge --------------------------------------------
[DEBUG]  
[DEBUG] Process 40. path edge:
[DEBUG] < D source: i32 %argc | ID: main.0 ;
[DEBUG]   N target: store i32 %2, i32* %ehselector.slot, align 4, !psr.id !60 | ID: 56 ;
[DEBUG]   D target: %argc.addr = alloca i32, align 4, !psr.id !42 | ID: 38 >
[DEBUG]  
[DEBUG] Process normal at target: store i32 %2, i32* %ehselector.slot, align 4, !psr.id !60 | ID: 56
[DEBUG] JumpFunctions Forward-Lookup:
[DEBUG]    Source D: i32 %argc | ID: main.0
[DEBUG]    Target N: store i32 %2, i32* %ehselector.slot, align 4, !psr.id !60 | ID: 56
[DEBUG]    Target D: %argc.addr = alloca i32, align 4, !psr.id !42 | ID: 38
[DEBUG]   => EdgeFn: psr::EdgeIdentity<psr::BinaryDomain>
[DEBUG] Normal flow function factory call
[DEBUG] (N) Curr Inst : store i32 %2, i32* %ehselector.slot, align 4, !psr.id !60 | ID: 56
[DEBUG] (N) Succ Inst : call void @_ZNSt7__cxx1112basic_stringIcSt11char_traitsIcESaIcEED1Ev(%"class.std::__cxx11::basic_string"* noundef nonnull align 8 dereferenceable(32) %conspicuous_x) #6, !psr.id !61 | ID: 57
[DEBUG] Flow function fetched from cache
[DEBUG] Normal edge function factory call
[DEBUG] (N) Curr Inst : store i32 %2, i32* %ehselector.slot, align 4, !psr.id !60 | ID: 56
[DEBUG] (D) Curr Node : %argc.addr = alloca i32, align 4, !psr.id !42 | ID: 38
[DEBUG] (N) Succ Inst : call void @_ZNSt7__cxx1112basic_stringIcSt11char_traitsIcESaIcEED1Ev(%"class.std::__cxx11::basic_string"* noundef nonnull align 8 dereferenceable(32) %conspicuous_x) #6, !psr.id !61 | ID: 57
[DEBUG] (D) Succ Node : %argc.addr = alloca i32, align 4, !psr.id !42 | ID: 38
[DEBUG] Edge function constructed
[DEBUG] Provide Edge Function: psr::EdgeIdentity<psr::BinaryDomain>
[DEBUG] Queried Normal Edge Function: psr::EdgeIdentity<psr::BinaryDomain>
[DEBUG] Compose: psr::EdgeIdentity<psr::BinaryDomain> * psr::EdgeIdentity<psr::BinaryDomain> = psr::EdgeIdentity<psr::BinaryDomain>
[DEBUG] Propagate flow
[DEBUG] Source value  : i32 %argc | ID: main.0
[DEBUG] Target        : call void @_ZNSt7__cxx1112basic_stringIcSt11char_traitsIcESaIcEED1Ev(%"class.std::__cxx11::basic_string"* noundef nonnull align 8 dereferenceable(32) %conspicuous_x) #6, !psr.id !61 | ID: 57
[DEBUG] Target value  : %argc.addr = alloca i32, align 4, !psr.id !42 | ID: 38
[DEBUG] Edge function : psr::EdgeIdentity<psr::BinaryDomain> (result of previous compose)
[DEBUG] Join: psr::AllTop<psr::BinaryDomain> & psr::EdgeIdentity<psr::BinaryDomain> 
[DEBUG]     = psr::EdgeIdentity<psr::BinaryDomain> (new jump func)
[DEBUG]  
[DEBUG] Start adding new jump function
[DEBUG] Fact at source : i32 %argc | ID: main.0
[DEBUG] Fact at target : %argc.addr = alloca i32, align 4, !psr.id !42 | ID: 38
[DEBUG] Destination    : call void @_ZNSt7__cxx1112basic_stringIcSt11char_traitsIcESaIcEED1Ev(%"class.std::__cxx11::basic_string"* noundef nonnull align 8 dereferenceable(32) %conspicuous_x) #6, !psr.id !61 | ID: 57
[DEBUG] Edge Function  : psr::EdgeIdentity<psr::BinaryDomain>
[DEBUG] End adding new jump function
[DEBUG] -------------------------------------------- 41. Path Edge --------------------------------------------
[DEBUG]  
[DEBUG] Process 41. path edge:
[DEBUG] < D source: i32 %argc | ID: main.0 ;
[DEBUG]   N target: call void @_ZNSt7__cxx1112basic_stringIcSt11char_traitsIcESaIcEED1Ev(%"class.std::__cxx11::basic_string"* noundef nonnull align 8 dereferenceable(32) %conspicuous_x) #6, !psr.id !61 | ID: 57 ;
[DEBUG]   D target: %argc.addr = alloca i32, align 4, !psr.id !42 | ID: 38 >
[DEBUG]  
[DEBUG] Process call at target: call void @_ZNSt7__cxx1112basic_stringIcSt11char_traitsIcESaIcEED1Ev(%"class.std::__cxx11::basic_string"* noundef nonnull align 8 dereferenceable(32) %conspicuous_x) #6, !psr.id !61 | ID: 57
[DEBUG] JumpFunctions Forward-Lookup:
[DEBUG]    Source D: i32 %argc | ID: main.0
[DEBUG]    Target N: call void @_ZNSt7__cxx1112basic_stringIcSt11char_traitsIcESaIcEED1Ev(%"class.std::__cxx11::basic_string"* noundef nonnull align 8 dereferenceable(32) %conspicuous_x) #6, !psr.id !61 | ID: 57
[DEBUG]    Target D: %argc.addr = alloca i32, align 4, !psr.id !42 | ID: 38
[DEBUG]   => EdgeFn: psr::EdgeIdentity<psr::BinaryDomain>
[DEBUG] Possible callees:
[DEBUG]   _ZNSt7__cxx1112basic_stringIcSt11char_traitsIcESaIcEED1Ev
[DEBUG] Possible return sites:
[DEBUG]   br label %eh.resume, !psr.id !62 | ID: 58
[DEBUG] Summary flow function factory call
[DEBUG] (N) Call Stmt : call void @_ZNSt7__cxx1112basic_stringIcSt11char_traitsIcESaIcEED1Ev(%"class.std::__cxx11::basic_string"* noundef nonnull align 8 dereferenceable(32) %conspicuous_x) #6, !psr.id !61 | ID: 57
[DEBUG] (F) Dest Mthd : _ZNSt7__cxx1112basic_stringIcSt11char_traitsIcESaIcEED1Ev
[DEBUG]  
[DEBUG] Call flow function factory call
[DEBUG] (N) Call Stmt : call void @_ZNSt7__cxx1112basic_stringIcSt11char_traitsIcESaIcEED1Ev(%"class.std::__cxx11::basic_string"* noundef nonnull align 8 dereferenceable(32) %conspicuous_x) #6, !psr.id !61 | ID: 57
[DEBUG] (F) Dest Fun : _ZNSt7__cxx1112basic_stringIcSt11char_traitsIcESaIcEED1Ev
[DEBUG] Flow function fetched from cache
[DEBUG] Start points of '_ZNSt7__cxx1112basic_stringIcSt11char_traitsIcESaIcEED1Ev' currently not available!
[DEBUG] Call-to-Return flow function factory call
[DEBUG] (N) Call Site : call void @_ZNSt7__cxx1112basic_stringIcSt11char_traitsIcESaIcEED1Ev(%"class.std::__cxx11::basic_string"* noundef nonnull align 8 dereferenceable(32) %conspicuous_x) #6, !psr.id !61 | ID: 57
[DEBUG] (N) Ret Site  : br label %eh.resume, !psr.id !62 | ID: 58
[DEBUG] (F) Callee's  : 
[DEBUG]   _ZNSt7__cxx1112basic_stringIcSt11char_traitsIcESaIcEED1Ev
[DEBUG] Flow function fetched from cache
[DEBUG] Call-to-Return edge function factory call
[DEBUG] (N) Call Site : call void @_ZNSt7__cxx1112basic_stringIcSt11char_traitsIcESaIcEED1Ev(%"class.std::__cxx11::basic_string"* noundef nonnull align 8 dereferenceable(32) %conspicuous_x) #6, !psr.id !61 | ID: 57
[DEBUG] (D) Call Node : %argc.addr = alloca i32, align 4, !psr.id !42 | ID: 38
[DEBUG] (N) Ret Site  : br label %eh.resume, !psr.id !62 | ID: 58
[DEBUG] (D) Ret Node  : %argc.addr = alloca i32, align 4, !psr.id !42 | ID: 38
[DEBUG] (F) Callee's  : 
[DEBUG]   _ZNSt7__cxx1112basic_stringIcSt11char_traitsIcESaIcEED1Ev
[DEBUG] Edge function constructed
[DEBUG] Provide Edge Function: psr::EdgeIdentity<psr::BinaryDomain>
[DEBUG] Queried Call-to-Return Edge Function: psr::EdgeIdentity<psr::BinaryDomain>
[DEBUG] Compose: psr::EdgeIdentity<psr::BinaryDomain> * psr::EdgeIdentity<psr::BinaryDomain> = psr::EdgeIdentity<psr::BinaryDomain>
[DEBUG] Propagate flow
[DEBUG] Source value  : i32 %argc | ID: main.0
[DEBUG] Target        : br label %eh.resume, !psr.id !62 | ID: 58
[DEBUG] Target value  : %argc.addr = alloca i32, align 4, !psr.id !42 | ID: 38
[DEBUG] Edge function : psr::EdgeIdentity<psr::BinaryDomain> (result of previous compose)
[DEBUG] Join: psr::AllTop<psr::BinaryDomain> & psr::EdgeIdentity<psr::BinaryDomain> 
[DEBUG]     = psr::EdgeIdentity<psr::BinaryDomain> (new jump func)
[DEBUG]  
[DEBUG] Start adding new jump function
[DEBUG] Fact at source : i32 %argc | ID: main.0
[DEBUG] Fact at target : %argc.addr = alloca i32, align 4, !psr.id !42 | ID: 38
[DEBUG] Destination    : br label %eh.resume, !psr.id !62 | ID: 58
[DEBUG] Edge Function  : psr::EdgeIdentity<psr::BinaryDomain>
[DEBUG] End adding new jump function
[DEBUG] -------------------------------------------- 42. Path Edge --------------------------------------------
[DEBUG]  
[DEBUG] Process 42. path edge:
[DEBUG] < D source: i32 %argc | ID: main.0 ;
[DEBUG]   N target: br label %eh.resume, !psr.id !62 | ID: 58 ;
[DEBUG]   D target: %argc.addr = alloca i32, align 4, !psr.id !42 | ID: 38 >
[DEBUG]  
[DEBUG] Process normal at target: br label %eh.resume, !psr.id !62 | ID: 58
[DEBUG] JumpFunctions Forward-Lookup:
[DEBUG]    Source D: i32 %argc | ID: main.0
[DEBUG]    Target N: br label %eh.resume, !psr.id !62 | ID: 58
[DEBUG]    Target D: %argc.addr = alloca i32, align 4, !psr.id !42 | ID: 38
[DEBUG]   => EdgeFn: psr::EdgeIdentity<psr::BinaryDomain>
[DEBUG] Normal flow function factory call
[DEBUG] (N) Curr Inst : br label %eh.resume, !psr.id !62 | ID: 58
[DEBUG] (N) Succ Inst : %exn = load i8*, i8** %exn.slot, align 8, !psr.id !63 | ID: 59
[DEBUG] Flow function fetched from cache
[DEBUG] Normal edge function factory call
[DEBUG] (N) Curr Inst : br label %eh.resume, !psr.id !62 | ID: 58
[DEBUG] (D) Curr Node : %argc.addr = alloca i32, align 4, !psr.id !42 | ID: 38
[DEBUG] (N) Succ Inst : %exn = load i8*, i8** %exn.slot, align 8, !psr.id !63 | ID: 59
[DEBUG] (D) Succ Node : %argc.addr = alloca i32, align 4, !psr.id !42 | ID: 38
[DEBUG] Edge function constructed
[DEBUG] Provide Edge Function: psr::EdgeIdentity<psr::BinaryDomain>
[DEBUG] Queried Normal Edge Function: psr::EdgeIdentity<psr::BinaryDomain>
[DEBUG] Compose: psr::EdgeIdentity<psr::BinaryDomain> * psr::EdgeIdentity<psr::BinaryDomain> = psr::EdgeIdentity<psr::BinaryDomain>
[DEBUG] Propagate flow
[DEBUG] Source value  : i32 %argc | ID: main.0
[DEBUG] Target        : %exn = load i8*, i8** %exn.slot, align 8, !psr.id !63 | ID: 59
[DEBUG] Target value  : %argc.addr = alloca i32, align 4, !psr.id !42 | ID: 38
[DEBUG] Edge function : psr::EdgeIdentity<psr::BinaryDomain> (result of previous compose)
[DEBUG] Join: psr::AllTop<psr::BinaryDomain> & psr::EdgeIdentity<psr::BinaryDomain> 
[DEBUG]     = psr::EdgeIdentity<psr::BinaryDomain> (new jump func)
[DEBUG]  
[DEBUG] Start adding new jump function
[DEBUG] Fact at source : i32 %argc | ID: main.0
[DEBUG] Fact at target : %argc.addr = alloca i32, align 4, !psr.id !42 | ID: 38
[DEBUG] Destination    : %exn = load i8*, i8** %exn.slot, align 8, !psr.id !63 | ID: 59
[DEBUG] Edge Function  : psr::EdgeIdentity<psr::BinaryDomain>
[DEBUG] End adding new jump function
[DEBUG] -------------------------------------------- 43. Path Edge --------------------------------------------
[DEBUG]  
[DEBUG] Process 43. path edge:
[DEBUG] < D source: i32 %argc | ID: main.0 ;
[DEBUG]   N target: %exn = load i8*, i8** %exn.slot, align 8, !psr.id !63 | ID: 59 ;
[DEBUG]   D target: %argc.addr = alloca i32, align 4, !psr.id !42 | ID: 38 >
[DEBUG]  
[DEBUG] Process normal at target: %exn = load i8*, i8** %exn.slot, align 8, !psr.id !63 | ID: 59
[DEBUG] JumpFunctions Forward-Lookup:
[DEBUG]    Source D: i32 %argc | ID: main.0
[DEBUG]    Target N: %exn = load i8*, i8** %exn.slot, align 8, !psr.id !63 | ID: 59
[DEBUG]    Target D: %argc.addr = alloca i32, align 4, !psr.id !42 | ID: 38
[DEBUG]   => EdgeFn: psr::EdgeIdentity<psr::BinaryDomain>
[DEBUG] Normal flow function factory call
[DEBUG] (N) Curr Inst : %exn = load i8*, i8** %exn.slot, align 8, !psr.id !63 | ID: 59
[DEBUG] (N) Succ Inst : %sel = load i32, i32* %ehselector.slot, align 4, !psr.id !64 | ID: 60
[DEBUG] Flow function fetched from cache
[DEBUG] Normal edge function factory call
[DEBUG] (N) Curr Inst : %exn = load i8*, i8** %exn.slot, align 8, !psr.id !63 | ID: 59
[DEBUG] (D) Curr Node : %argc.addr = alloca i32, align 4, !psr.id !42 | ID: 38
[DEBUG] (N) Succ Inst : %sel = load i32, i32* %ehselector.slot, align 4, !psr.id !64 | ID: 60
[DEBUG] (D) Succ Node : %argc.addr = alloca i32, align 4, !psr.id !42 | ID: 38
[DEBUG] Edge function constructed
[DEBUG] Provide Edge Function: psr::EdgeIdentity<psr::BinaryDomain>
[DEBUG] Queried Normal Edge Function: psr::EdgeIdentity<psr::BinaryDomain>
[DEBUG] Compose: psr::EdgeIdentity<psr::BinaryDomain> * psr::EdgeIdentity<psr::BinaryDomain> = psr::EdgeIdentity<psr::BinaryDomain>
[DEBUG] Propagate flow
[DEBUG] Source value  : i32 %argc | ID: main.0
[DEBUG] Target        : %sel = load i32, i32* %ehselector.slot, align 4, !psr.id !64 | ID: 60
[DEBUG] Target value  : %argc.addr = alloca i32, align 4, !psr.id !42 | ID: 38
[DEBUG] Edge function : psr::EdgeIdentity<psr::BinaryDomain> (result of previous compose)
[DEBUG] Join: psr::AllTop<psr::BinaryDomain> & psr::EdgeIdentity<psr::BinaryDomain> 
[DEBUG]     = psr::EdgeIdentity<psr::BinaryDomain> (new jump func)
[DEBUG]  
[DEBUG] Start adding new jump function
[DEBUG] Fact at source : i32 %argc | ID: main.0
[DEBUG] Fact at target : %argc.addr = alloca i32, align 4, !psr.id !42 | ID: 38
[DEBUG] Destination    : %sel = load i32, i32* %ehselector.slot, align 4, !psr.id !64 | ID: 60
[DEBUG] Edge Function  : psr::EdgeIdentity<psr::BinaryDomain>
[DEBUG] End adding new jump function
[DEBUG] -------------------------------------------- 44. Path Edge --------------------------------------------
[DEBUG]  
[DEBUG] Process 44. path edge:
[DEBUG] < D source: i32 %argc | ID: main.0 ;
[DEBUG]   N target: %sel = load i32, i32* %ehselector.slot, align 4, !psr.id !64 | ID: 60 ;
[DEBUG]   D target: %argc.addr = alloca i32, align 4, !psr.id !42 | ID: 38 >
[DEBUG]  
[DEBUG] Process normal at target: %sel = load i32, i32* %ehselector.slot, align 4, !psr.id !64 | ID: 60
[DEBUG] JumpFunctions Forward-Lookup:
[DEBUG]    Source D: i32 %argc | ID: main.0
[DEBUG]    Target N: %sel = load i32, i32* %ehselector.slot, align 4, !psr.id !64 | ID: 60
[DEBUG]    Target D: %argc.addr = alloca i32, align 4, !psr.id !42 | ID: 38
[DEBUG]   => EdgeFn: psr::EdgeIdentity<psr::BinaryDomain>
[DEBUG] Normal flow function factory call
[DEBUG] (N) Curr Inst : %sel = load i32, i32* %ehselector.slot, align 4, !psr.id !64 | ID: 60
[DEBUG] (N) Succ Inst : %lpad.val = insertvalue { i8*, i32 } undef, i8* %exn, 0, !psr.id !65 | ID: 61
[DEBUG] Flow function fetched from cache
[DEBUG] Normal edge function factory call
[DEBUG] (N) Curr Inst : %sel = load i32, i32* %ehselector.slot, align 4, !psr.id !64 | ID: 60
[DEBUG] (D) Curr Node : %argc.addr = alloca i32, align 4, !psr.id !42 | ID: 38
[DEBUG] (N) Succ Inst : %lpad.val = insertvalue { i8*, i32 } undef, i8* %exn, 0, !psr.id !65 | ID: 61
[DEBUG] (D) Succ Node : %argc.addr = alloca i32, align 4, !psr.id !42 | ID: 38
[DEBUG] Edge function constructed
[DEBUG] Provide Edge Function: psr::EdgeIdentity<psr::BinaryDomain>
[DEBUG] Queried Normal Edge Function: psr::EdgeIdentity<psr::BinaryDomain>
[DEBUG] Compose: psr::EdgeIdentity<psr::BinaryDomain> * psr::EdgeIdentity<psr::BinaryDomain> = psr::EdgeIdentity<psr::BinaryDomain>
[DEBUG] Propagate flow
[DEBUG] Source value  : i32 %argc | ID: main.0
[DEBUG] Target        : %lpad.val = insertvalue { i8*, i32 } undef, i8* %exn, 0, !psr.id !65 | ID: 61
[DEBUG] Target value  : %argc.addr = alloca i32, align 4, !psr.id !42 | ID: 38
[DEBUG] Edge function : psr::EdgeIdentity<psr::BinaryDomain> (result of previous compose)
[DEBUG] Join: psr::AllTop<psr::BinaryDomain> & psr::EdgeIdentity<psr::BinaryDomain> 
[DEBUG]     = psr::EdgeIdentity<psr::BinaryDomain> (new jump func)
[DEBUG]  
[DEBUG] Start adding new jump function
[DEBUG] Fact at source : i32 %argc | ID: main.0
[DEBUG] Fact at target : %argc.addr = alloca i32, align 4, !psr.id !42 | ID: 38
[DEBUG] Destination    : %lpad.val = insertvalue { i8*, i32 } undef, i8* %exn, 0, !psr.id !65 | ID: 61
[DEBUG] Edge Function  : psr::EdgeIdentity<psr::BinaryDomain>
[DEBUG] End adding new jump function
[DEBUG] -------------------------------------------- 45. Path Edge --------------------------------------------
[DEBUG]  
[DEBUG] Process 45. path edge:
[DEBUG] < D source: i32 %argc | ID: main.0 ;
[DEBUG]   N target: %lpad.val = insertvalue { i8*, i32 } undef, i8* %exn, 0, !psr.id !65 | ID: 61 ;
[DEBUG]   D target: %argc.addr = alloca i32, align 4, !psr.id !42 | ID: 38 >
[DEBUG]  
[DEBUG] Process normal at target: %lpad.val = insertvalue { i8*, i32 } undef, i8* %exn, 0, !psr.id !65 | ID: 61
[DEBUG] JumpFunctions Forward-Lookup:
[DEBUG]    Source D: i32 %argc | ID: main.0
[DEBUG]    Target N: %lpad.val = insertvalue { i8*, i32 } undef, i8* %exn, 0, !psr.id !65 | ID: 61
[DEBUG]    Target D: %argc.addr = alloca i32, align 4, !psr.id !42 | ID: 38
[DEBUG]   => EdgeFn: psr::EdgeIdentity<psr::BinaryDomain>
[DEBUG] Normal flow function factory call
[DEBUG] (N) Curr Inst : %lpad.val = insertvalue { i8*, i32 } undef, i8* %exn, 0, !psr.id !65 | ID: 61
[DEBUG] (N) Succ Inst : %lpad.val1 = insertvalue { i8*, i32 } %lpad.val, i32 %sel, 1, !psr.id !66 | ID: 62
[DEBUG] Flow function fetched from cache
[DEBUG] Normal edge function factory call
[DEBUG] (N) Curr Inst : %lpad.val = insertvalue { i8*, i32 } undef, i8* %exn, 0, !psr.id !65 | ID: 61
[DEBUG] (D) Curr Node : %argc.addr = alloca i32, align 4, !psr.id !42 | ID: 38
[DEBUG] (N) Succ Inst : %lpad.val1 = insertvalue { i8*, i32 } %lpad.val, i32 %sel, 1, !psr.id !66 | ID: 62
[DEBUG] (D) Succ Node : %argc.addr = alloca i32, align 4, !psr.id !42 | ID: 38
[DEBUG] Edge function constructed
[DEBUG] Provide Edge Function: psr::EdgeIdentity<psr::BinaryDomain>
[DEBUG] Queried Normal Edge Function: psr::EdgeIdentity<psr::BinaryDomain>
[DEBUG] Compose: psr::EdgeIdentity<psr::BinaryDomain> * psr::EdgeIdentity<psr::BinaryDomain> = psr::EdgeIdentity<psr::BinaryDomain>
[DEBUG] Propagate flow
[DEBUG] Source value  : i32 %argc | ID: main.0
[DEBUG] Target        : %lpad.val1 = insertvalue { i8*, i32 } %lpad.val, i32 %sel, 1, !psr.id !66 | ID: 62
[DEBUG] Target value  : %argc.addr = alloca i32, align 4, !psr.id !42 | ID: 38
[DEBUG] Edge function : psr::EdgeIdentity<psr::BinaryDomain> (result of previous compose)
[DEBUG] Join: psr::AllTop<psr::BinaryDomain> & psr::EdgeIdentity<psr::BinaryDomain> 
[DEBUG]     = psr::EdgeIdentity<psr::BinaryDomain> (new jump func)
[DEBUG]  
[DEBUG] Start adding new jump function
[DEBUG] Fact at source : i32 %argc | ID: main.0
[DEBUG] Fact at target : %argc.addr = alloca i32, align 4, !psr.id !42 | ID: 38
[DEBUG] Destination    : %lpad.val1 = insertvalue { i8*, i32 } %lpad.val, i32 %sel, 1, !psr.id !66 | ID: 62
[DEBUG] Edge Function  : psr::EdgeIdentity<psr::BinaryDomain>
[DEBUG] End adding new jump function
[DEBUG] -------------------------------------------- 46. Path Edge --------------------------------------------
[DEBUG]  
[DEBUG] Process 46. path edge:
[DEBUG] < D source: i32 %argc | ID: main.0 ;
[DEBUG]   N target: %lpad.val1 = insertvalue { i8*, i32 } %lpad.val, i32 %sel, 1, !psr.id !66 | ID: 62 ;
[DEBUG]   D target: %argc.addr = alloca i32, align 4, !psr.id !42 | ID: 38 >
[DEBUG]  
[DEBUG] Process normal at target: %lpad.val1 = insertvalue { i8*, i32 } %lpad.val, i32 %sel, 1, !psr.id !66 | ID: 62
[DEBUG] JumpFunctions Forward-Lookup:
[DEBUG]    Source D: i32 %argc | ID: main.0
[DEBUG]    Target N: %lpad.val1 = insertvalue { i8*, i32 } %lpad.val, i32 %sel, 1, !psr.id !66 | ID: 62
[DEBUG]    Target D: %argc.addr = alloca i32, align 4, !psr.id !42 | ID: 38
[DEBUG]   => EdgeFn: psr::EdgeIdentity<psr::BinaryDomain>
[DEBUG] Normal flow function factory call
[DEBUG] (N) Curr Inst : %lpad.val1 = insertvalue { i8*, i32 } %lpad.val, i32 %sel, 1, !psr.id !66 | ID: 62
[DEBUG] (N) Succ Inst : resume { i8*, i32 } %lpad.val1, !psr.id !67 | ID: 63
[DEBUG] Flow function fetched from cache
[DEBUG] Normal edge function factory call
[DEBUG] (N) Curr Inst : %lpad.val1 = insertvalue { i8*, i32 } %lpad.val, i32 %sel, 1, !psr.id !66 | ID: 62
[DEBUG] (D) Curr Node : %argc.addr = alloca i32, align 4, !psr.id !42 | ID: 38
[DEBUG] (N) Succ Inst : resume { i8*, i32 } %lpad.val1, !psr.id !67 | ID: 63
[DEBUG] (D) Succ Node : %argc.addr = alloca i32, align 4, !psr.id !42 | ID: 38
[DEBUG] Edge function constructed
[DEBUG] Provide Edge Function: psr::EdgeIdentity<psr::BinaryDomain>
[DEBUG] Queried Normal Edge Function: psr::EdgeIdentity<psr::BinaryDomain>
[DEBUG] Compose: psr::EdgeIdentity<psr::BinaryDomain> * psr::EdgeIdentity<psr::BinaryDomain> = psr::EdgeIdentity<psr::BinaryDomain>
[DEBUG] Propagate flow
[DEBUG] Source value  : i32 %argc | ID: main.0
[DEBUG] Target        : resume { i8*, i32 } %lpad.val1, !psr.id !67 | ID: 63
[DEBUG] Target value  : %argc.addr = alloca i32, align 4, !psr.id !42 | ID: 38
[DEBUG] Edge function : psr::EdgeIdentity<psr::BinaryDomain> (result of previous compose)
[DEBUG] Join: psr::AllTop<psr::BinaryDomain> & psr::EdgeIdentity<psr::BinaryDomain> 
[DEBUG]     = psr::EdgeIdentity<psr::BinaryDomain> (new jump func)
[DEBUG]  
[DEBUG] Start adding new jump function
[DEBUG] Fact at source : i32 %argc | ID: main.0
[DEBUG] Fact at target : %argc.addr = alloca i32, align 4, !psr.id !42 | ID: 38
[DEBUG] Destination    : resume { i8*, i32 } %lpad.val1, !psr.id !67 | ID: 63
[DEBUG] Edge Function  : psr::EdgeIdentity<psr::BinaryDomain>
[DEBUG] End adding new jump function
[DEBUG] -------------------------------------------- 47. Path Edge --------------------------------------------
[DEBUG]  
[DEBUG] Process 47. path edge:
[DEBUG] < D source: i32 %argc | ID: main.0 ;
[DEBUG]   N target: resume { i8*, i32 } %lpad.val1, !psr.id !67 | ID: 63 ;
[DEBUG]   D target: %argc.addr = alloca i32, align 4, !psr.id !42 | ID: 38 >
[DEBUG]  
[DEBUG] EDGE: <F: main, D: i32 %argc | ID: main.0>
[DEBUG]  ---> <N: resume { i8*, i32 } %lpad.val1, !psr.id !67 | ID: 63,
[DEBUG]        D: %argc.addr = alloca i32, align 4, !psr.id !42 | ID: 38,
[DEBUG]       EF: psr::EdgeIdentity<psr::BinaryDomain>>
[DEBUG]  
[DEBUG] EDGE: <F: main, D: i32 %argc | ID: main.0>
[DEBUG]  ---> <N: %lpad.val1 = insertvalue { i8*, i32 } %lpad.val, i32 %sel, 1, !psr.id !66 | ID: 62,
[DEBUG]        D: %argc.addr = alloca i32, align 4, !psr.id !42 | ID: 38,
[DEBUG]       EF: psr::EdgeIdentity<psr::BinaryDomain>>
[DEBUG]  
[DEBUG] EDGE: <F: main, D: i32 %argc | ID: main.0>
[DEBUG]  ---> <N: %lpad.val = insertvalue { i8*, i32 } undef, i8* %exn, 0, !psr.id !65 | ID: 61,
[DEBUG]        D: %argc.addr = alloca i32, align 4, !psr.id !42 | ID: 38,
[DEBUG]       EF: psr::EdgeIdentity<psr::BinaryDomain>>
[DEBUG]  
[DEBUG] EDGE: <F: main, D: i32 %argc | ID: main.0>
[DEBUG]  ---> <N: %sel = load i32, i32* %ehselector.slot, align 4, !psr.id !64 | ID: 60,
[DEBUG]        D: %argc.addr = alloca i32, align 4, !psr.id !42 | ID: 38,
[DEBUG]       EF: psr::EdgeIdentity<psr::BinaryDomain>>
[DEBUG]  
[DEBUG] EDGE: <F: main, D: i32 %argc | ID: main.0>
[DEBUG]  ---> <N: %exn = load i8*, i8** %exn.slot, align 8, !psr.id !63 | ID: 59,
[DEBUG]        D: %argc.addr = alloca i32, align 4, !psr.id !42 | ID: 38,
[DEBUG]       EF: psr::EdgeIdentity<psr::BinaryDomain>>
[DEBUG]  
[DEBUG] EDGE: <F: main, D: i32 %argc | ID: main.0>
[DEBUG]  ---> <N: br label %eh.resume, !psr.id !62 | ID: 58,
[DEBUG]        D: %argc.addr = alloca i32, align 4, !psr.id !42 | ID: 38,
[DEBUG]       EF: psr::EdgeIdentity<psr::BinaryDomain>>
[DEBUG]  
[DEBUG] EDGE: <F: main, D: i32 %argc | ID: main.0>
[DEBUG]  ---> <N: call void @_ZNSt7__cxx1112basic_stringIcSt11char_traitsIcESaIcEED1Ev(%"class.std::__cxx11::basic_string"* noundef nonnull align 8 dereferenceable(32) %conspicuous_x) #6, !psr.id !61 | ID: 57,
[DEBUG]        D: %argc.addr = alloca i32, align 4, !psr.id !42 | ID: 38,
[DEBUG]       EF: psr::EdgeIdentity<psr::BinaryDomain>>
[DEBUG]  
[DEBUG] EDGE: <F: main, D: i32 %argc | ID: main.0>
[DEBUG]  ---> <N: store i32 %2, i32* %ehselector.slot, align 4, !psr.id !60 | ID: 56,
[DEBUG]        D: %argc.addr = alloca i32, align 4, !psr.id !42 | ID: 38,
[DEBUG]       EF: psr::EdgeIdentity<psr::BinaryDomain>>
[DEBUG]  
[DEBUG] EDGE: <F: main, D: i32 %argc | ID: main.0>
[DEBUG]  ---> <N: %2 = extractvalue { i8*, i32 } %0, 1, !psr.id !59 | ID: 55,
[DEBUG]        D: %argc.addr = alloca i32, align 4, !psr.id !42 | ID: 38,
[DEBUG]       EF: psr::EdgeIdentity<psr::BinaryDomain>>
[DEBUG]  
[DEBUG] EDGE: <F: main, D: i32 %argc | ID: main.0>
[DEBUG]  ---> <N: store i8* %1, i8** %exn.slot, align 8, !psr.id !58 | ID: 54,
[DEBUG]        D: %argc.addr = alloca i32, align 4, !psr.id !42 | ID: 38,
[DEBUG]       EF: psr::EdgeIdentity<psr::BinaryDomain>>
[DEBUG]  
[DEBUG] EDGE: <F: main, D: i32 %argc | ID: main.0>
[DEBUG]  ---> <N: %1 = extractvalue { i8*, i32 } %0, 0, !psr.id !57 | ID: 53,
[DEBUG]        D: %argc.addr = alloca i32, align 4, !psr.id !42 | ID: 38,
[DEBUG]       EF: psr::EdgeIdentity<psr::BinaryDomain>>
[DEBUG]  
[DEBUG] EDGE: <F: main, D: i32 %argc | ID: main.0>
[DEBUG]  ---> <N: %0 = landingpad { i8*, i32 }
          cleanup, !psr.id !56 | ID: 52,
[DEBUG]        D: %argc.addr = alloca i32, align 4, !psr.id !42 | ID: 38,
[DEBUG]       EF: psr::EdgeIdentity<psr::BinaryDomain>>
[DEBUG]  
[DEBUG] EDGE: <F: main, D: i32 %argc | ID: main.0>
[DEBUG]  ---> <N: invoke void @_ZNSt7__cxx1112basic_stringIcSt11char_traitsIcESaIcEEC1ERKS4_(%"class.std::__cxx11::basic_string"* noundef nonnull align 8 dereferenceable(32) %agg.tmp, %"class.std::__cxx11::basic_string"* noundef nonnull align 8 dereferenceable(32) %conspicuous_x)
          to label %invoke.cont unwind label %lpad, !psr.id !51 | ID: 47,
[DEBUG]        D: %argc.addr = alloca i32, align 4, !psr.id !42 | ID: 38,
[DEBUG]       EF: psr::EdgeIdentity<psr::BinaryDomain>>
[DEBUG]  
[DEBUG] EDGE: <F: main, D: i32 %argc | ID: main.0>
[DEBUG]  ---> <N: call void @_Z11source_funcB5cxx11v(%"class.std::__cxx11::basic_string"* sret(%"class.std::__cxx11::basic_string") align 8 %conspicuous_x), !psr.id !50 | ID: 46,
[DEBUG]        D: %argc.addr = alloca i32, align 4, !psr.id !42 | ID: 38,
[DEBUG]       EF: psr::EdgeIdentity<psr::BinaryDomain>>
[DEBUG]  
[DEBUG] EDGE: <F: main, D: i32 %argc | ID: main.0>
[DEBUG]  ---> <N: store i8** %argv, i8*** %argv.addr, align 8, !psr.id !49 | ID: 45,
[DEBUG]        D: %argc.addr = alloca i32, align 4, !psr.id !42 | ID: 38,
[DEBUG]       EF: psr::EdgeIdentity<psr::BinaryDomain>>
[DEBUG]  
[DEBUG] EDGE: <F: main, D: i32 %argc | ID: main.0>
[DEBUG]  ---> <N: store i32 %argc, i32* %argc.addr, align 4, !psr.id !48 | ID: 44,
[DEBUG]        D: i32 %argc | ID: main.0,
[DEBUG]       EF: psr::EdgeIdentity<psr::BinaryDomain>>
[DEBUG]  
[DEBUG] EDGE: <F: main, D: i32 %argc | ID: main.0>
[DEBUG]  ---> <N: %ehselector.slot = alloca i32, align 4, !psr.id !47 | ID: 43,
[DEBUG]        D: i32 %argc | ID: main.0,
[DEBUG]       EF: psr::EdgeIdentity<psr::BinaryDomain>>
[DEBUG]  
[DEBUG] EDGE: <F: main, D: i32 %argc | ID: main.0>
[DEBUG]  ---> <N: %exn.slot = alloca i8*, align 8, !psr.id !46 | ID: 42,
[DEBUG]        D: i32 %argc | ID: main.0,
[DEBUG]       EF: psr::EdgeIdentity<psr::BinaryDomain>>
[DEBUG]  
[DEBUG] EDGE: <F: main, D: i32 %argc | ID: main.0>
[DEBUG]  ---> <N: %agg.tmp = alloca %"class.std::__cxx11::basic_string", align 8, !psr.id !45 | ID: 41,
[DEBUG]        D: i32 %argc | ID: main.0,
[DEBUG]       EF: psr::EdgeIdentity<psr::BinaryDomain>>
[DEBUG]  
[DEBUG] EDGE: <F: main, D: i32 %argc | ID: main.0>
[DEBUG]  ---> <N: %conspicuous_x = alloca %"class.std::__cxx11::basic_string", align 8, !psr.id !44 | ID: 40,
[DEBUG]        D: i32 %argc | ID: main.0,
[DEBUG]       EF: psr::EdgeIdentity<psr::BinaryDomain>>
[DEBUG]  
[DEBUG] EDGE: <F: main, D: i32 %argc | ID: main.0>
[DEBUG]  ---> <N: %argv.addr = alloca i8**, align 8, !psr.id !43 | ID: 39,
[DEBUG]        D: i32 %argc | ID: main.0,
[DEBUG]       EF: psr::EdgeIdentity<psr::BinaryDomain>>
[DEBUG]  
[DEBUG] EDGE: <F: main, D: i32 %argc | ID: main.0>
[DEBUG]  ---> <N: %argc.addr = alloca i32, align 4, !psr.id !42 | ID: 38,
[DEBUG]        D: i32 %argc | ID: main.0,
[DEBUG]       EF: psr::EdgeIdentity<psr::BinaryDomain>>
[DEBUG]  
[DEBUG] Start adding new jump function
[DEBUG] Fact at source : i32 %argc | ID: main.0
[DEBUG] Fact at target : i32 %argc | ID: main.0
[DEBUG] Destination    : %argc.addr = alloca i32, align 4, !psr.id !42 | ID: 38
[DEBUG] Edge Function  : psr::EdgeIdentity<psr::BinaryDomain>
[DEBUG] End adding new jump function
[DEBUG] Submit seed at: %argc.addr = alloca i32, align 4, !psr.id !42 | ID: 38
[DEBUG] 	Fact: i8** %argv | ID: main.1
[DEBUG] 	Value: TOP
[DEBUG] Propagate flow
[DEBUG] Source value  : i8** %argv | ID: main.1
[DEBUG] Target        : %argc.addr = alloca i32, align 4, !psr.id !42 | ID: 38
[DEBUG] Target value  : i8** %argv | ID: main.1
[DEBUG] Edge function : psr::EdgeIdentity<psr::BinaryDomain> (result of previous compose)
[DEBUG] Join: psr::AllTop<psr::BinaryDomain> & psr::EdgeIdentity<psr::BinaryDomain> 
[DEBUG]     = psr::EdgeIdentity<psr::BinaryDomain> (new jump func)
[DEBUG]  
[DEBUG] Start adding new jump function
[DEBUG] Fact at source : i8** %argv | ID: main.1
[DEBUG] Fact at target : i8** %argv | ID: main.1
[DEBUG] Destination    : %argc.addr = alloca i32, align 4, !psr.id !42 | ID: 38
[DEBUG] Edge Function  : psr::EdgeIdentity<psr::BinaryDomain>
[DEBUG] End adding new jump function
[DEBUG] -------------------------------------------- 48. Path Edge --------------------------------------------
[DEBUG]  
[DEBUG] Process 48. path edge:
[DEBUG] < D source: i8** %argv | ID: main.1 ;
[DEBUG]   N target: %argc.addr = alloca i32, align 4, !psr.id !42 | ID: 38 ;
[DEBUG]   D target: i8** %argv | ID: main.1 >
[DEBUG]  
[DEBUG] Process normal at target: %argc.addr = alloca i32, align 4, !psr.id !42 | ID: 38
[DEBUG] JumpFunctions Forward-Lookup:
[DEBUG]    Source D: i8** %argv | ID: main.1
[DEBUG]    Target N: %argc.addr = alloca i32, align 4, !psr.id !42 | ID: 38
[DEBUG]    Target D: i8** %argv | ID: main.1
[DEBUG]   => EdgeFn: psr::EdgeIdentity<psr::BinaryDomain>
[DEBUG] Normal flow function factory call
[DEBUG] (N) Curr Inst : %argc.addr = alloca i32, align 4, !psr.id !42 | ID: 38
[DEBUG] (N) Succ Inst : %argv.addr = alloca i8**, align 8, !psr.id !43 | ID: 39
[DEBUG] Flow function fetched from cache
[DEBUG] Normal edge function factory call
[DEBUG] (N) Curr Inst : %argc.addr = alloca i32, align 4, !psr.id !42 | ID: 38
[DEBUG] (D) Curr Node : i8** %argv | ID: main.1
[DEBUG] (N) Succ Inst : %argv.addr = alloca i8**, align 8, !psr.id !43 | ID: 39
[DEBUG] (D) Succ Node : i8** %argv | ID: main.1
[DEBUG] Edge function constructed
[DEBUG] Provide Edge Function: psr::EdgeIdentity<psr::BinaryDomain>
[DEBUG] Queried Normal Edge Function: psr::EdgeIdentity<psr::BinaryDomain>
[DEBUG] Compose: psr::EdgeIdentity<psr::BinaryDomain> * psr::EdgeIdentity<psr::BinaryDomain> = psr::EdgeIdentity<psr::BinaryDomain>
[DEBUG] Propagate flow
[DEBUG] Source value  : i8** %argv | ID: main.1
[DEBUG] Target        : %argv.addr = alloca i8**, align 8, !psr.id !43 | ID: 39
[DEBUG] Target value  : i8** %argv | ID: main.1
[DEBUG] Edge function : psr::EdgeIdentity<psr::BinaryDomain> (result of previous compose)
[DEBUG] Join: psr::AllTop<psr::BinaryDomain> & psr::EdgeIdentity<psr::BinaryDomain> 
[DEBUG]     = psr::EdgeIdentity<psr::BinaryDomain> (new jump func)
[DEBUG]  
[DEBUG] Start adding new jump function
[DEBUG] Fact at source : i8** %argv | ID: main.1
[DEBUG] Fact at target : i8** %argv | ID: main.1
[DEBUG] Destination    : %argv.addr = alloca i8**, align 8, !psr.id !43 | ID: 39
[DEBUG] Edge Function  : psr::EdgeIdentity<psr::BinaryDomain>
[DEBUG] End adding new jump function
[DEBUG] -------------------------------------------- 49. Path Edge --------------------------------------------
[DEBUG]  
[DEBUG] Process 49. path edge:
[DEBUG] < D source: i8** %argv | ID: main.1 ;
[DEBUG]   N target: %argv.addr = alloca i8**, align 8, !psr.id !43 | ID: 39 ;
[DEBUG]   D target: i8** %argv | ID: main.1 >
[DEBUG]  
[DEBUG] Process normal at target: %argv.addr = alloca i8**, align 8, !psr.id !43 | ID: 39
[DEBUG] JumpFunctions Forward-Lookup:
[DEBUG]    Source D: i8** %argv | ID: main.1
[DEBUG]    Target N: %argv.addr = alloca i8**, align 8, !psr.id !43 | ID: 39
[DEBUG]    Target D: i8** %argv | ID: main.1
[DEBUG]   => EdgeFn: psr::EdgeIdentity<psr::BinaryDomain>
[DEBUG] Normal flow function factory call
[DEBUG] (N) Curr Inst : %argv.addr = alloca i8**, align 8, !psr.id !43 | ID: 39
[DEBUG] (N) Succ Inst : %conspicuous_x = alloca %"class.std::__cxx11::basic_string", align 8, !psr.id !44 | ID: 40
[DEBUG] Flow function fetched from cache
[DEBUG] Normal edge function factory call
[DEBUG] (N) Curr Inst : %argv.addr = alloca i8**, align 8, !psr.id !43 | ID: 39
[DEBUG] (D) Curr Node : i8** %argv | ID: main.1
[DEBUG] (N) Succ Inst : %conspicuous_x = alloca %"class.std::__cxx11::basic_string", align 8, !psr.id !44 | ID: 40
[DEBUG] (D) Succ Node : i8** %argv | ID: main.1
[DEBUG] Edge function constructed
[DEBUG] Provide Edge Function: psr::EdgeIdentity<psr::BinaryDomain>
[DEBUG] Queried Normal Edge Function: psr::EdgeIdentity<psr::BinaryDomain>
[DEBUG] Compose: psr::EdgeIdentity<psr::BinaryDomain> * psr::EdgeIdentity<psr::BinaryDomain> = psr::EdgeIdentity<psr::BinaryDomain>
[DEBUG] Propagate flow
[DEBUG] Source value  : i8** %argv | ID: main.1
[DEBUG] Target        : %conspicuous_x = alloca %"class.std::__cxx11::basic_string", align 8, !psr.id !44 | ID: 40
[DEBUG] Target value  : i8** %argv | ID: main.1
[DEBUG] Edge function : psr::EdgeIdentity<psr::BinaryDomain> (result of previous compose)
[DEBUG] Join: psr::AllTop<psr::BinaryDomain> & psr::EdgeIdentity<psr::BinaryDomain> 
[DEBUG]     = psr::EdgeIdentity<psr::BinaryDomain> (new jump func)
[DEBUG]  
[DEBUG] Start adding new jump function
[DEBUG] Fact at source : i8** %argv | ID: main.1
[DEBUG] Fact at target : i8** %argv | ID: main.1
[DEBUG] Destination    : %conspicuous_x = alloca %"class.std::__cxx11::basic_string", align 8, !psr.id !44 | ID: 40
[DEBUG] Edge Function  : psr::EdgeIdentity<psr::BinaryDomain>
[DEBUG] End adding new jump function
[DEBUG] -------------------------------------------- 50. Path Edge --------------------------------------------
[DEBUG]  
[DEBUG] Process 50. path edge:
[DEBUG] < D source: i8** %argv | ID: main.1 ;
[DEBUG]   N target: %conspicuous_x = alloca %"class.std::__cxx11::basic_string", align 8, !psr.id !44 | ID: 40 ;
[DEBUG]   D target: i8** %argv | ID: main.1 >
[DEBUG]  
[DEBUG] Process normal at target: %conspicuous_x = alloca %"class.std::__cxx11::basic_string", align 8, !psr.id !44 | ID: 40
[DEBUG] JumpFunctions Forward-Lookup:
[DEBUG]    Source D: i8** %argv | ID: main.1
[DEBUG]    Target N: %conspicuous_x = alloca %"class.std::__cxx11::basic_string", align 8, !psr.id !44 | ID: 40
[DEBUG]    Target D: i8** %argv | ID: main.1
[DEBUG]   => EdgeFn: psr::EdgeIdentity<psr::BinaryDomain>
[DEBUG] Normal flow function factory call
[DEBUG] (N) Curr Inst : %conspicuous_x = alloca %"class.std::__cxx11::basic_string", align 8, !psr.id !44 | ID: 40
[DEBUG] (N) Succ Inst : %agg.tmp = alloca %"class.std::__cxx11::basic_string", align 8, !psr.id !45 | ID: 41
[DEBUG] Flow function fetched from cache
[DEBUG] Normal edge function factory call
[DEBUG] (N) Curr Inst : %conspicuous_x = alloca %"class.std::__cxx11::basic_string", align 8, !psr.id !44 | ID: 40
[DEBUG] (D) Curr Node : i8** %argv | ID: main.1
[DEBUG] (N) Succ Inst : %agg.tmp = alloca %"class.std::__cxx11::basic_string", align 8, !psr.id !45 | ID: 41
[DEBUG] (D) Succ Node : i8** %argv | ID: main.1
[DEBUG] Edge function constructed
[DEBUG] Provide Edge Function: psr::EdgeIdentity<psr::BinaryDomain>
[DEBUG] Queried Normal Edge Function: psr::EdgeIdentity<psr::BinaryDomain>
[DEBUG] Compose: psr::EdgeIdentity<psr::BinaryDomain> * psr::EdgeIdentity<psr::BinaryDomain> = psr::EdgeIdentity<psr::BinaryDomain>
[DEBUG] Propagate flow
[DEBUG] Source value  : i8** %argv | ID: main.1
[DEBUG] Target        : %agg.tmp = alloca %"class.std::__cxx11::basic_string", align 8, !psr.id !45 | ID: 41
[DEBUG] Target value  : i8** %argv | ID: main.1
[DEBUG] Edge function : psr::EdgeIdentity<psr::BinaryDomain> (result of previous compose)
[DEBUG] Join: psr::AllTop<psr::BinaryDomain> & psr::EdgeIdentity<psr::BinaryDomain> 
[DEBUG]     = psr::EdgeIdentity<psr::BinaryDomain> (new jump func)
[DEBUG]  
[DEBUG] Start adding new jump function
[DEBUG] Fact at source : i8** %argv | ID: main.1
[DEBUG] Fact at target : i8** %argv | ID: main.1
[DEBUG] Destination    : %agg.tmp = alloca %"class.std::__cxx11::basic_string", align 8, !psr.id !45 | ID: 41
[DEBUG] Edge Function  : psr::EdgeIdentity<psr::BinaryDomain>
[DEBUG] End adding new jump function
[DEBUG] -------------------------------------------- 51. Path Edge --------------------------------------------
[DEBUG]  
[DEBUG] Process 51. path edge:
[DEBUG] < D source: i8** %argv | ID: main.1 ;
[DEBUG]   N target: %agg.tmp = alloca %"class.std::__cxx11::basic_string", align 8, !psr.id !45 | ID: 41 ;
[DEBUG]   D target: i8** %argv | ID: main.1 >
[DEBUG]  
[DEBUG] Process normal at target: %agg.tmp = alloca %"class.std::__cxx11::basic_string", align 8, !psr.id !45 | ID: 41
[DEBUG] JumpFunctions Forward-Lookup:
[DEBUG]    Source D: i8** %argv | ID: main.1
[DEBUG]    Target N: %agg.tmp = alloca %"class.std::__cxx11::basic_string", align 8, !psr.id !45 | ID: 41
[DEBUG]    Target D: i8** %argv | ID: main.1
[DEBUG]   => EdgeFn: psr::EdgeIdentity<psr::BinaryDomain>
[DEBUG] Normal flow function factory call
[DEBUG] (N) Curr Inst : %agg.tmp = alloca %"class.std::__cxx11::basic_string", align 8, !psr.id !45 | ID: 41
[DEBUG] (N) Succ Inst : %exn.slot = alloca i8*, align 8, !psr.id !46 | ID: 42
[DEBUG] Flow function fetched from cache
[DEBUG] Normal edge function factory call
[DEBUG] (N) Curr Inst : %agg.tmp = alloca %"class.std::__cxx11::basic_string", align 8, !psr.id !45 | ID: 41
[DEBUG] (D) Curr Node : i8** %argv | ID: main.1
[DEBUG] (N) Succ Inst : %exn.slot = alloca i8*, align 8, !psr.id !46 | ID: 42
[DEBUG] (D) Succ Node : i8** %argv | ID: main.1
[DEBUG] Edge function constructed
[DEBUG] Provide Edge Function: psr::EdgeIdentity<psr::BinaryDomain>
[DEBUG] Queried Normal Edge Function: psr::EdgeIdentity<psr::BinaryDomain>
[DEBUG] Compose: psr::EdgeIdentity<psr::BinaryDomain> * psr::EdgeIdentity<psr::BinaryDomain> = psr::EdgeIdentity<psr::BinaryDomain>
[DEBUG] Propagate flow
[DEBUG] Source value  : i8** %argv | ID: main.1
[DEBUG] Target        : %exn.slot = alloca i8*, align 8, !psr.id !46 | ID: 42
[DEBUG] Target value  : i8** %argv | ID: main.1
[DEBUG] Edge function : psr::EdgeIdentity<psr::BinaryDomain> (result of previous compose)
[DEBUG] Join: psr::AllTop<psr::BinaryDomain> & psr::EdgeIdentity<psr::BinaryDomain> 
[DEBUG]     = psr::EdgeIdentity<psr::BinaryDomain> (new jump func)
[DEBUG]  
[DEBUG] Start adding new jump function
[DEBUG] Fact at source : i8** %argv | ID: main.1
[DEBUG] Fact at target : i8** %argv | ID: main.1
[DEBUG] Destination    : %exn.slot = alloca i8*, align 8, !psr.id !46 | ID: 42
[DEBUG] Edge Function  : psr::EdgeIdentity<psr::BinaryDomain>
[DEBUG] End adding new jump function
[DEBUG] -------------------------------------------- 52. Path Edge --------------------------------------------
[DEBUG]  
[DEBUG] Process 52. path edge:
[DEBUG] < D source: i8** %argv | ID: main.1 ;
[DEBUG]   N target: %exn.slot = alloca i8*, align 8, !psr.id !46 | ID: 42 ;
[DEBUG]   D target: i8** %argv | ID: main.1 >
[DEBUG]  
[DEBUG] Process normal at target: %exn.slot = alloca i8*, align 8, !psr.id !46 | ID: 42
[DEBUG] JumpFunctions Forward-Lookup:
[DEBUG]    Source D: i8** %argv | ID: main.1
[DEBUG]    Target N: %exn.slot = alloca i8*, align 8, !psr.id !46 | ID: 42
[DEBUG]    Target D: i8** %argv | ID: main.1
[DEBUG]   => EdgeFn: psr::EdgeIdentity<psr::BinaryDomain>
[DEBUG] Normal flow function factory call
[DEBUG] (N) Curr Inst : %exn.slot = alloca i8*, align 8, !psr.id !46 | ID: 42
[DEBUG] (N) Succ Inst : %ehselector.slot = alloca i32, align 4, !psr.id !47 | ID: 43
[DEBUG] Flow function fetched from cache
[DEBUG] Normal edge function factory call
[DEBUG] (N) Curr Inst : %exn.slot = alloca i8*, align 8, !psr.id !46 | ID: 42
[DEBUG] (D) Curr Node : i8** %argv | ID: main.1
[DEBUG] (N) Succ Inst : %ehselector.slot = alloca i32, align 4, !psr.id !47 | ID: 43
[DEBUG] (D) Succ Node : i8** %argv | ID: main.1
[DEBUG] Edge function constructed
[DEBUG] Provide Edge Function: psr::EdgeIdentity<psr::BinaryDomain>
[DEBUG] Queried Normal Edge Function: psr::EdgeIdentity<psr::BinaryDomain>
[DEBUG] Compose: psr::EdgeIdentity<psr::BinaryDomain> * psr::EdgeIdentity<psr::BinaryDomain> = psr::EdgeIdentity<psr::BinaryDomain>
[DEBUG] Propagate flow
[DEBUG] Source value  : i8** %argv | ID: main.1
[DEBUG] Target        : %ehselector.slot = alloca i32, align 4, !psr.id !47 | ID: 43
[DEBUG] Target value  : i8** %argv | ID: main.1
[DEBUG] Edge function : psr::EdgeIdentity<psr::BinaryDomain> (result of previous compose)
[DEBUG] Join: psr::AllTop<psr::BinaryDomain> & psr::EdgeIdentity<psr::BinaryDomain> 
[DEBUG]     = psr::EdgeIdentity<psr::BinaryDomain> (new jump func)
[DEBUG]  
[DEBUG] Start adding new jump function
[DEBUG] Fact at source : i8** %argv | ID: main.1
[DEBUG] Fact at target : i8** %argv | ID: main.1
[DEBUG] Destination    : %ehselector.slot = alloca i32, align 4, !psr.id !47 | ID: 43
[DEBUG] Edge Function  : psr::EdgeIdentity<psr::BinaryDomain>
[DEBUG] End adding new jump function
[DEBUG] -------------------------------------------- 53. Path Edge --------------------------------------------
[DEBUG]  
[DEBUG] Process 53. path edge:
[DEBUG] < D source: i8** %argv | ID: main.1 ;
[DEBUG]   N target: %ehselector.slot = alloca i32, align 4, !psr.id !47 | ID: 43 ;
[DEBUG]   D target: i8** %argv | ID: main.1 >
[DEBUG]  
[DEBUG] Process normal at target: %ehselector.slot = alloca i32, align 4, !psr.id !47 | ID: 43
[DEBUG] JumpFunctions Forward-Lookup:
[DEBUG]    Source D: i8** %argv | ID: main.1
[DEBUG]    Target N: %ehselector.slot = alloca i32, align 4, !psr.id !47 | ID: 43
[DEBUG]    Target D: i8** %argv | ID: main.1
[DEBUG]   => EdgeFn: psr::EdgeIdentity<psr::BinaryDomain>
[DEBUG] Normal flow function factory call
[DEBUG] (N) Curr Inst : %ehselector.slot = alloca i32, align 4, !psr.id !47 | ID: 43
[DEBUG] (N) Succ Inst : store i32 %argc, i32* %argc.addr, align 4, !psr.id !48 | ID: 44
[DEBUG] Flow function fetched from cache
[DEBUG] Normal edge function factory call
[DEBUG] (N) Curr Inst : %ehselector.slot = alloca i32, align 4, !psr.id !47 | ID: 43
[DEBUG] (D) Curr Node : i8** %argv | ID: main.1
[DEBUG] (N) Succ Inst : store i32 %argc, i32* %argc.addr, align 4, !psr.id !48 | ID: 44
[DEBUG] (D) Succ Node : i8** %argv | ID: main.1
[DEBUG] Edge function constructed
[DEBUG] Provide Edge Function: psr::EdgeIdentity<psr::BinaryDomain>
[DEBUG] Queried Normal Edge Function: psr::EdgeIdentity<psr::BinaryDomain>
[DEBUG] Compose: psr::EdgeIdentity<psr::BinaryDomain> * psr::EdgeIdentity<psr::BinaryDomain> = psr::EdgeIdentity<psr::BinaryDomain>
[DEBUG] Propagate flow
[DEBUG] Source value  : i8** %argv | ID: main.1
[DEBUG] Target        : store i32 %argc, i32* %argc.addr, align 4, !psr.id !48 | ID: 44
[DEBUG] Target value  : i8** %argv | ID: main.1
[DEBUG] Edge function : psr::EdgeIdentity<psr::BinaryDomain> (result of previous compose)
[DEBUG] Join: psr::AllTop<psr::BinaryDomain> & psr::EdgeIdentity<psr::BinaryDomain> 
[DEBUG]     = psr::EdgeIdentity<psr::BinaryDomain> (new jump func)
[DEBUG]  
[DEBUG] Start adding new jump function
[DEBUG] Fact at source : i8** %argv | ID: main.1
[DEBUG] Fact at target : i8** %argv | ID: main.1
[DEBUG] Destination    : store i32 %argc, i32* %argc.addr, align 4, !psr.id !48 | ID: 44
[DEBUG] Edge Function  : psr::EdgeIdentity<psr::BinaryDomain>
[DEBUG] End adding new jump function
[DEBUG] -------------------------------------------- 54. Path Edge --------------------------------------------
[DEBUG]  
[DEBUG] Process 54. path edge:
[DEBUG] < D source: i8** %argv | ID: main.1 ;
[DEBUG]   N target: store i32 %argc, i32* %argc.addr, align 4, !psr.id !48 | ID: 44 ;
[DEBUG]   D target: i8** %argv | ID: main.1 >
[DEBUG]  
[DEBUG] Process normal at target: store i32 %argc, i32* %argc.addr, align 4, !psr.id !48 | ID: 44
[DEBUG] JumpFunctions Forward-Lookup:
[DEBUG]    Source D: i8** %argv | ID: main.1
[DEBUG]    Target N: store i32 %argc, i32* %argc.addr, align 4, !psr.id !48 | ID: 44
[DEBUG]    Target D: i8** %argv | ID: main.1
[DEBUG]   => EdgeFn: psr::EdgeIdentity<psr::BinaryDomain>
[DEBUG] Normal flow function factory call
[DEBUG] (N) Curr Inst : store i32 %argc, i32* %argc.addr, align 4, !psr.id !48 | ID: 44
[DEBUG] (N) Succ Inst : store i8** %argv, i8*** %argv.addr, align 8, !psr.id !49 | ID: 45
[DEBUG] Flow function fetched from cache
[DEBUG] Normal edge function factory call
[DEBUG] (N) Curr Inst : store i32 %argc, i32* %argc.addr, align 4, !psr.id !48 | ID: 44
[DEBUG] (D) Curr Node : i8** %argv | ID: main.1
[DEBUG] (N) Succ Inst : store i8** %argv, i8*** %argv.addr, align 8, !psr.id !49 | ID: 45
[DEBUG] (D) Succ Node : i8** %argv | ID: main.1
[DEBUG] Edge function constructed
[DEBUG] Provide Edge Function: psr::EdgeIdentity<psr::BinaryDomain>
[DEBUG] Queried Normal Edge Function: psr::EdgeIdentity<psr::BinaryDomain>
[DEBUG] Compose: psr::EdgeIdentity<psr::BinaryDomain> * psr::EdgeIdentity<psr::BinaryDomain> = psr::EdgeIdentity<psr::BinaryDomain>
[DEBUG] Propagate flow
[DEBUG] Source value  : i8** %argv | ID: main.1
[DEBUG] Target        : store i8** %argv, i8*** %argv.addr, align 8, !psr.id !49 | ID: 45
[DEBUG] Target value  : i8** %argv | ID: main.1
[DEBUG] Edge function : psr::EdgeIdentity<psr::BinaryDomain> (result of previous compose)
[DEBUG] Join: psr::AllTop<psr::BinaryDomain> & psr::EdgeIdentity<psr::BinaryDomain> 
[DEBUG]     = psr::EdgeIdentity<psr::BinaryDomain> (new jump func)
[DEBUG]  
[DEBUG] Start adding new jump function
[DEBUG] Fact at source : i8** %argv | ID: main.1
[DEBUG] Fact at target : i8** %argv | ID: main.1
[DEBUG] Destination    : store i8** %argv, i8*** %argv.addr, align 8, !psr.id !49 | ID: 45
[DEBUG] Edge Function  : psr::EdgeIdentity<psr::BinaryDomain>
[DEBUG] End adding new jump function
[DEBUG] -------------------------------------------- 55. Path Edge --------------------------------------------
[DEBUG]  
[DEBUG] Process 55. path edge:
[DEBUG] < D source: i8** %argv | ID: main.1 ;
[DEBUG]   N target: store i8** %argv, i8*** %argv.addr, align 8, !psr.id !49 | ID: 45 ;
[DEBUG]   D target: i8** %argv | ID: main.1 >
[DEBUG]  
[DEBUG] Process normal at target: store i8** %argv, i8*** %argv.addr, align 8, !psr.id !49 | ID: 45
[DEBUG] JumpFunctions Forward-Lookup:
[DEBUG]    Source D: i8** %argv | ID: main.1
[DEBUG]    Target N: store i8** %argv, i8*** %argv.addr, align 8, !psr.id !49 | ID: 45
[DEBUG]    Target D: i8** %argv | ID: main.1
[DEBUG]   => EdgeFn: psr::EdgeIdentity<psr::BinaryDomain>
[DEBUG] Normal flow function factory call
[DEBUG] (N) Curr Inst : store i8** %argv, i8*** %argv.addr, align 8, !psr.id !49 | ID: 45
[DEBUG] (N) Succ Inst : call void @_Z11source_funcB5cxx11v(%"class.std::__cxx11::basic_string"* sret(%"class.std::__cxx11::basic_string") align 8 %conspicuous_x), !psr.id !50 | ID: 46
[DEBUG] Flow function fetched from cache
[DEBUG] Normal edge function factory call
[DEBUG] (N) Curr Inst : store i8** %argv, i8*** %argv.addr, align 8, !psr.id !49 | ID: 45
[DEBUG] (D) Curr Node : i8** %argv | ID: main.1
[DEBUG] (N) Succ Inst : call void @_Z11source_funcB5cxx11v(%"class.std::__cxx11::basic_string"* sret(%"class.std::__cxx11::basic_string") align 8 %conspicuous_x), !psr.id !50 | ID: 46
[DEBUG] (D) Succ Node : i8** %argv | ID: main.1
[DEBUG] Edge function constructed
[DEBUG] Provide Edge Function: psr::EdgeIdentity<psr::BinaryDomain>
[DEBUG] Queried Normal Edge Function: psr::EdgeIdentity<psr::BinaryDomain>
[DEBUG] Compose: psr::EdgeIdentity<psr::BinaryDomain> * psr::EdgeIdentity<psr::BinaryDomain> = psr::EdgeIdentity<psr::BinaryDomain>
[DEBUG] Propagate flow
[DEBUG] Source value  : i8** %argv | ID: main.1
[DEBUG] Target        : call void @_Z11source_funcB5cxx11v(%"class.std::__cxx11::basic_string"* sret(%"class.std::__cxx11::basic_string") align 8 %conspicuous_x), !psr.id !50 | ID: 46
[DEBUG] Target value  : i8** %argv | ID: main.1
[DEBUG] Edge function : psr::EdgeIdentity<psr::BinaryDomain> (result of previous compose)
[DEBUG] Join: psr::AllTop<psr::BinaryDomain> & psr::EdgeIdentity<psr::BinaryDomain> 
[DEBUG]     = psr::EdgeIdentity<psr::BinaryDomain> (new jump func)
[DEBUG]  
[DEBUG] Start adding new jump function
[DEBUG] Fact at source : i8** %argv | ID: main.1
[DEBUG] Fact at target : i8** %argv | ID: main.1
[DEBUG] Destination    : call void @_Z11source_funcB5cxx11v(%"class.std::__cxx11::basic_string"* sret(%"class.std::__cxx11::basic_string") align 8 %conspicuous_x), !psr.id !50 | ID: 46
[DEBUG] Edge Function  : psr::EdgeIdentity<psr::BinaryDomain>
[DEBUG] End adding new jump function
[DEBUG] -------------------------------------------- 56. Path Edge --------------------------------------------
[DEBUG]  
[DEBUG] Process 56. path edge:
[DEBUG] < D source: i8** %argv | ID: main.1 ;
[DEBUG]   N target: call void @_Z11source_funcB5cxx11v(%"class.std::__cxx11::basic_string"* sret(%"class.std::__cxx11::basic_string") align 8 %conspicuous_x), !psr.id !50 | ID: 46 ;
[DEBUG]   D target: i8** %argv | ID: main.1 >
[DEBUG]  
[DEBUG] Process call at target: call void @_Z11source_funcB5cxx11v(%"class.std::__cxx11::basic_string"* sret(%"class.std::__cxx11::basic_string") align 8 %conspicuous_x), !psr.id !50 | ID: 46
[DEBUG] JumpFunctions Forward-Lookup:
[DEBUG]    Source D: i8** %argv | ID: main.1
[DEBUG]    Target N: call void @_Z11source_funcB5cxx11v(%"class.std::__cxx11::basic_string"* sret(%"class.std::__cxx11::basic_string") align 8 %conspicuous_x), !psr.id !50 | ID: 46
[DEBUG]    Target D: i8** %argv | ID: main.1
[DEBUG]   => EdgeFn: psr::EdgeIdentity<psr::BinaryDomain>
[DEBUG] Possible callees:
[DEBUG]   _Z11source_funcB5cxx11v
[DEBUG] Possible return sites:
[DEBUG]   invoke void @_ZNSt7__cxx1112basic_stringIcSt11char_traitsIcESaIcEEC1ERKS4_(%"class.std::__cxx11::basic_string"* noundef nonnull align 8 dereferenceable(32) %agg.tmp, %"class.std::__cxx11::basic_string"* noundef nonnull align 8 dereferenceable(32) %conspicuous_x)
          to label %invoke.cont unwind label %lpad, !psr.id !51 | ID: 47
[DEBUG] Summary flow function factory call
[DEBUG] (N) Call Stmt : call void @_Z11source_funcB5cxx11v(%"class.std::__cxx11::basic_string"* sret(%"class.std::__cxx11::basic_string") align 8 %conspicuous_x), !psr.id !50 | ID: 46
[DEBUG] (F) Dest Mthd : _Z11source_funcB5cxx11v
[DEBUG]  
[DEBUG] Call flow function factory call
[DEBUG] (N) Call Stmt : call void @_Z11source_funcB5cxx11v(%"class.std::__cxx11::basic_string"* sret(%"class.std::__cxx11::basic_string") align 8 %conspicuous_x), !psr.id !50 | ID: 46
[DEBUG] (F) Dest Fun : _Z11source_funcB5cxx11v
[DEBUG] Flow function fetched from cache
[DEBUG] Call-to-Return flow function factory call
[DEBUG] (N) Call Site : call void @_Z11source_funcB5cxx11v(%"class.std::__cxx11::basic_string"* sret(%"class.std::__cxx11::basic_string") align 8 %conspicuous_x), !psr.id !50 | ID: 46
[DEBUG] (N) Ret Site  : invoke void @_ZNSt7__cxx1112basic_stringIcSt11char_traitsIcESaIcEEC1ERKS4_(%"class.std::__cxx11::basic_string"* noundef nonnull align 8 dereferenceable(32) %agg.tmp, %"class.std::__cxx11::basic_string"* noundef nonnull align 8 dereferenceable(32) %conspicuous_x)
          to label %invoke.cont unwind label %lpad, !psr.id !51 | ID: 47
[DEBUG] (F) Callee's  : 
[DEBUG]   _Z11source_funcB5cxx11v
[DEBUG] Flow function fetched from cache
[DEBUG] Call-to-Return edge function factory call
[DEBUG] (N) Call Site : call void @_Z11source_funcB5cxx11v(%"class.std::__cxx11::basic_string"* sret(%"class.std::__cxx11::basic_string") align 8 %conspicuous_x), !psr.id !50 | ID: 46
[DEBUG] (D) Call Node : i8** %argv | ID: main.1
[DEBUG] (N) Ret Site  : invoke void @_ZNSt7__cxx1112basic_stringIcSt11char_traitsIcESaIcEEC1ERKS4_(%"class.std::__cxx11::basic_string"* noundef nonnull align 8 dereferenceable(32) %agg.tmp, %"class.std::__cxx11::basic_string"* noundef nonnull align 8 dereferenceable(32) %conspicuous_x)
          to label %invoke.cont unwind label %lpad, !psr.id !51 | ID: 47
[DEBUG] (D) Ret Node  : i8** %argv | ID: main.1
[DEBUG] (F) Callee's  : 
[DEBUG]   _Z11source_funcB5cxx11v
[DEBUG] Edge function constructed
[DEBUG] Provide Edge Function: psr::EdgeIdentity<psr::BinaryDomain>
[DEBUG] Queried Call-to-Return Edge Function: psr::EdgeIdentity<psr::BinaryDomain>
[DEBUG] Compose: psr::EdgeIdentity<psr::BinaryDomain> * psr::EdgeIdentity<psr::BinaryDomain> = psr::EdgeIdentity<psr::BinaryDomain>
[DEBUG] Propagate flow
[DEBUG] Source value  : i8** %argv | ID: main.1
[DEBUG] Target        : invoke void @_ZNSt7__cxx1112basic_stringIcSt11char_traitsIcESaIcEEC1ERKS4_(%"class.std::__cxx11::basic_string"* noundef nonnull align 8 dereferenceable(32) %agg.tmp, %"class.std::__cxx11::basic_string"* noundef nonnull align 8 dereferenceable(32) %conspicuous_x)
          to label %invoke.cont unwind label %lpad, !psr.id !51 | ID: 47
[DEBUG] Target value  : i8** %argv | ID: main.1
[DEBUG] Edge function : psr::EdgeIdentity<psr::BinaryDomain> (result of previous compose)
[DEBUG] Join: psr::AllTop<psr::BinaryDomain> & psr::EdgeIdentity<psr::BinaryDomain> 
[DEBUG]     = psr::EdgeIdentity<psr::BinaryDomain> (new jump func)
[DEBUG]  
[DEBUG] Start adding new jump function
[DEBUG] Fact at source : i8** %argv | ID: main.1
[DEBUG] Fact at target : i8** %argv | ID: main.1
[DEBUG] Destination    : invoke void @_ZNSt7__cxx1112basic_stringIcSt11char_traitsIcESaIcEEC1ERKS4_(%"class.std::__cxx11::basic_string"* noundef nonnull align 8 dereferenceable(32) %agg.tmp, %"class.std::__cxx11::basic_string"* noundef nonnull align 8 dereferenceable(32) %conspicuous_x)
          to label %invoke.cont unwind label %lpad, !psr.id !51 | ID: 47
[DEBUG] Edge Function  : psr::EdgeIdentity<psr::BinaryDomain>
[DEBUG] End adding new jump function
[DEBUG] -------------------------------------------- 57. Path Edge --------------------------------------------
[DEBUG]  
[DEBUG] Process 57. path edge:
[DEBUG] < D source: i8** %argv | ID: main.1 ;
[DEBUG]   N target: invoke void @_ZNSt7__cxx1112basic_stringIcSt11char_traitsIcESaIcEEC1ERKS4_(%"class.std::__cxx11::basic_string"* noundef nonnull align 8 dereferenceable(32) %agg.tmp, %"class.std::__cxx11::basic_string"* noundef nonnull align 8 dereferenceable(32) %conspicuous_x)
          to label %invoke.cont unwind label %lpad, !psr.id !51 | ID: 47 ;
[DEBUG]   D target: i8** %argv | ID: main.1 >
[DEBUG]  
[DEBUG] Process call at target: invoke void @_ZNSt7__cxx1112basic_stringIcSt11char_traitsIcESaIcEEC1ERKS4_(%"class.std::__cxx11::basic_string"* noundef nonnull align 8 dereferenceable(32) %agg.tmp, %"class.std::__cxx11::basic_string"* noundef nonnull align 8 dereferenceable(32) %conspicuous_x)
          to label %invoke.cont unwind label %lpad, !psr.id !51 | ID: 47
[DEBUG] JumpFunctions Forward-Lookup:
[DEBUG]    Source D: i8** %argv | ID: main.1
[DEBUG]    Target N: invoke void @_ZNSt7__cxx1112basic_stringIcSt11char_traitsIcESaIcEEC1ERKS4_(%"class.std::__cxx11::basic_string"* noundef nonnull align 8 dereferenceable(32) %agg.tmp, %"class.std::__cxx11::basic_string"* noundef nonnull align 8 dereferenceable(32) %conspicuous_x)
          to label %invoke.cont unwind label %lpad, !psr.id !51 | ID: 47
[DEBUG]    Target D: i8** %argv | ID: main.1
[DEBUG]   => EdgeFn: psr::EdgeIdentity<psr::BinaryDomain>
[DEBUG] Possible callees:
[DEBUG]   _ZNSt7__cxx1112basic_stringIcSt11char_traitsIcESaIcEEC1ERKS4_
[DEBUG] Possible return sites:
[DEBUG]   call void @_Z9sink_funcNSt7__cxx1112basic_stringIcSt11char_traitsIcESaIcEEE(%"class.std::__cxx11::basic_string"* noundef %agg.tmp), !psr.id !52 | ID: 48
[DEBUG]   %0 = landingpad { i8*, i32 }
          cleanup, !psr.id !56 | ID: 52
[DEBUG] Summary flow function factory call
[DEBUG] (N) Call Stmt : invoke void @_ZNSt7__cxx1112basic_stringIcSt11char_traitsIcESaIcEEC1ERKS4_(%"class.std::__cxx11::basic_string"* noundef nonnull align 8 dereferenceable(32) %agg.tmp, %"class.std::__cxx11::basic_string"* noundef nonnull align 8 dereferenceable(32) %conspicuous_x)
          to label %invoke.cont unwind label %lpad, !psr.id !51 | ID: 47
[DEBUG] (F) Dest Mthd : _ZNSt7__cxx1112basic_stringIcSt11char_traitsIcESaIcEEC1ERKS4_
[DEBUG]  
[DEBUG] Call flow function factory call
[DEBUG] (N) Call Stmt : invoke void @_ZNSt7__cxx1112basic_stringIcSt11char_traitsIcESaIcEEC1ERKS4_(%"class.std::__cxx11::basic_string"* noundef nonnull align 8 dereferenceable(32) %agg.tmp, %"class.std::__cxx11::basic_string"* noundef nonnull align 8 dereferenceable(32) %conspicuous_x)
          to label %invoke.cont unwind label %lpad, !psr.id !51 | ID: 47
[DEBUG] (F) Dest Fun : _ZNSt7__cxx1112basic_stringIcSt11char_traitsIcESaIcEEC1ERKS4_
[DEBUG] Flow function fetched from cache
[DEBUG] Start points of '_ZNSt7__cxx1112basic_stringIcSt11char_traitsIcESaIcEEC1ERKS4_' currently not available!
[DEBUG] Call-to-Return flow function factory call
[DEBUG] (N) Call Site : invoke void @_ZNSt7__cxx1112basic_stringIcSt11char_traitsIcESaIcEEC1ERKS4_(%"class.std::__cxx11::basic_string"* noundef nonnull align 8 dereferenceable(32) %agg.tmp, %"class.std::__cxx11::basic_string"* noundef nonnull align 8 dereferenceable(32) %conspicuous_x)
          to label %invoke.cont unwind label %lpad, !psr.id !51 | ID: 47
[DEBUG] (N) Ret Site  : call void @_Z9sink_funcNSt7__cxx1112basic_stringIcSt11char_traitsIcESaIcEEE(%"class.std::__cxx11::basic_string"* noundef %agg.tmp), !psr.id !52 | ID: 48
[DEBUG] (F) Callee's  : 
[DEBUG]   _ZNSt7__cxx1112basic_stringIcSt11char_traitsIcESaIcEEC1ERKS4_
[DEBUG] Flow function fetched from cache
[DEBUG] Call-to-Return edge function factory call
[DEBUG] (N) Call Site : invoke void @_ZNSt7__cxx1112basic_stringIcSt11char_traitsIcESaIcEEC1ERKS4_(%"class.std::__cxx11::basic_string"* noundef nonnull align 8 dereferenceable(32) %agg.tmp, %"class.std::__cxx11::basic_string"* noundef nonnull align 8 dereferenceable(32) %conspicuous_x)
          to label %invoke.cont unwind label %lpad, !psr.id !51 | ID: 47
[DEBUG] (D) Call Node : i8** %argv | ID: main.1
[DEBUG] (N) Ret Site  : call void @_Z9sink_funcNSt7__cxx1112basic_stringIcSt11char_traitsIcESaIcEEE(%"class.std::__cxx11::basic_string"* noundef %agg.tmp), !psr.id !52 | ID: 48
[DEBUG] (D) Ret Node  : i8** %argv | ID: main.1
[DEBUG] (F) Callee's  : 
[DEBUG]   _ZNSt7__cxx1112basic_stringIcSt11char_traitsIcESaIcEEC1ERKS4_
[DEBUG] Edge function constructed
[DEBUG] Provide Edge Function: psr::EdgeIdentity<psr::BinaryDomain>
[DEBUG] Queried Call-to-Return Edge Function: psr::EdgeIdentity<psr::BinaryDomain>
[DEBUG] Compose: psr::EdgeIdentity<psr::BinaryDomain> * psr::EdgeIdentity<psr::BinaryDomain> = psr::EdgeIdentity<psr::BinaryDomain>
[DEBUG] Propagate flow
[DEBUG] Source value  : i8** %argv | ID: main.1
[DEBUG] Target        : call void @_Z9sink_funcNSt7__cxx1112basic_stringIcSt11char_traitsIcESaIcEEE(%"class.std::__cxx11::basic_string"* noundef %agg.tmp), !psr.id !52 | ID: 48
[DEBUG] Target value  : i8** %argv | ID: main.1
[DEBUG] Edge function : psr::EdgeIdentity<psr::BinaryDomain> (result of previous compose)
[DEBUG] Join: psr::AllTop<psr::BinaryDomain> & psr::EdgeIdentity<psr::BinaryDomain> 
[DEBUG]     = psr::EdgeIdentity<psr::BinaryDomain> (new jump func)
[DEBUG]  
[DEBUG] Start adding new jump function
[DEBUG] Fact at source : i8** %argv | ID: main.1
[DEBUG] Fact at target : i8** %argv | ID: main.1
[DEBUG] Destination    : call void @_Z9sink_funcNSt7__cxx1112basic_stringIcSt11char_traitsIcESaIcEEE(%"class.std::__cxx11::basic_string"* noundef %agg.tmp), !psr.id !52 | ID: 48
[DEBUG] Edge Function  : psr::EdgeIdentity<psr::BinaryDomain>
[DEBUG] End adding new jump function
[DEBUG] -------------------------------------------- 58. Path Edge --------------------------------------------
[DEBUG]  
[DEBUG] Process 58. path edge:
[DEBUG] < D source: i8** %argv | ID: main.1 ;
[DEBUG]   N target: call void @_Z9sink_funcNSt7__cxx1112basic_stringIcSt11char_traitsIcESaIcEEE(%"class.std::__cxx11::basic_string"* noundef %agg.tmp), !psr.id !52 | ID: 48 ;
[DEBUG]   D target: i8** %argv | ID: main.1 >
[DEBUG]  
[DEBUG] Process call at target: call void @_Z9sink_funcNSt7__cxx1112basic_stringIcSt11char_traitsIcESaIcEEE(%"class.std::__cxx11::basic_string"* noundef %agg.tmp), !psr.id !52 | ID: 48
[DEBUG] JumpFunctions Forward-Lookup:
[DEBUG]    Source D: i8** %argv | ID: main.1
[DEBUG]    Target N: call void @_Z9sink_funcNSt7__cxx1112basic_stringIcSt11char_traitsIcESaIcEEE(%"class.std::__cxx11::basic_string"* noundef %agg.tmp), !psr.id !52 | ID: 48
[DEBUG]    Target D: i8** %argv | ID: main.1
[DEBUG]   => EdgeFn: psr::EdgeIdentity<psr::BinaryDomain>
[DEBUG] Possible callees:
[DEBUG]   _Z9sink_funcNSt7__cxx1112basic_stringIcSt11char_traitsIcESaIcEEE
[DEBUG] Possible return sites:
[DEBUG]   call void @_ZNSt7__cxx1112basic_stringIcSt11char_traitsIcESaIcEED1Ev(%"class.std::__cxx11::basic_string"* noundef nonnull align 8 dereferenceable(32) %agg.tmp) #6, !psr.id !53 | ID: 49
[DEBUG] Summary flow function factory call
[DEBUG] (N) Call Stmt : call void @_Z9sink_funcNSt7__cxx1112basic_stringIcSt11char_traitsIcESaIcEEE(%"class.std::__cxx11::basic_string"* noundef %agg.tmp), !psr.id !52 | ID: 48
[DEBUG] (F) Dest Mthd : _Z9sink_funcNSt7__cxx1112basic_stringIcSt11char_traitsIcESaIcEEE
[DEBUG]  
[DEBUG] Call flow function factory call
[DEBUG] (N) Call Stmt : call void @_Z9sink_funcNSt7__cxx1112basic_stringIcSt11char_traitsIcESaIcEEE(%"class.std::__cxx11::basic_string"* noundef %agg.tmp), !psr.id !52 | ID: 48
[DEBUG] (F) Dest Fun : _Z9sink_funcNSt7__cxx1112basic_stringIcSt11char_traitsIcESaIcEEE
[DEBUG] Flow function fetched from cache
[DEBUG] Create initial self-loop with D: i8** %argv | ID: main.1
[DEBUG] Propagate flow
[DEBUG] Source value  : i8** %argv | ID: main.1
[DEBUG] Target        : ret void, !psr.id !41 | ID: 37
[DEBUG] Target value  : i8** %argv | ID: main.1
[DEBUG] Edge function : psr::EdgeIdentity<psr::BinaryDomain> (result of previous compose)
[DEBUG] Join: psr::AllTop<psr::BinaryDomain> & psr::EdgeIdentity<psr::BinaryDomain> 
[DEBUG]     = psr::EdgeIdentity<psr::BinaryDomain> (new jump func)
[DEBUG]  
[DEBUG] Start adding new jump function
[DEBUG] Fact at source : i8** %argv | ID: main.1
[DEBUG] Fact at target : i8** %argv | ID: main.1
[DEBUG] Destination    : ret void, !psr.id !41 | ID: 37
[DEBUG] Edge Function  : psr::EdgeIdentity<psr::BinaryDomain>
[DEBUG] End adding new jump function
[DEBUG] -------------------------------------------- 59. Path Edge --------------------------------------------
[DEBUG]  
[DEBUG] Process 59. path edge:
[DEBUG] < D source: i8** %argv | ID: main.1 ;
[DEBUG]   N target: ret void, !psr.id !41 | ID: 37 ;
[DEBUG]   D target: i8** %argv | ID: main.1 >
[DEBUG]  
[DEBUG] Process exit at target: ret void, !psr.id !41 | ID: 37
[DEBUG] JumpFunctions Forward-Lookup:
[DEBUG]    Source D: i8** %argv | ID: main.1
[DEBUG]    Target N: ret void, !psr.id !41 | ID: 37
[DEBUG]    Target D: i8** %argv | ID: main.1
[DEBUG]   => EdgeFn: psr::EdgeIdentity<psr::BinaryDomain>
[DEBUG] Start of endsummarytab entry
[DEBUG] sP: %argc.addr = alloca i32, align 4, !psr.id !42 | ID: 38
[DEBUG] d1: i32 %argc | ID: main.0
[DEBUG]   eP: ret i32 0, !psr.id !55 | ID: 51
[DEBUG]   d2: %argc.addr = alloca i32, align 4, !psr.id !42 | ID: 38
[DEBUG]   EF: psr::EdgeIdentity<psr::BinaryDomain>
[DEBUG]   eP: ret i32 0, !psr.id !55 | ID: 51
[DEBUG]   d2: i32 %argc | ID: main.0
[DEBUG]   EF: psr::EdgeIdentity<psr::BinaryDomain>
[DEBUG] ---------------
[DEBUG] sP: ret void, !psr.id !41 | ID: 37
[DEBUG] d1: i8** %argv | ID: main.1
[DEBUG]   eP: ret void, !psr.id !41 | ID: 37
[DEBUG]   d2: i8** %argv | ID: main.1
[DEBUG]   EF: psr::EdgeIdentity<psr::BinaryDomain>
[DEBUG] ---------------
[DEBUG] sP: ret void, !psr.id !41 | ID: 37
[DEBUG] d1: %argc.addr = alloca i32, align 4, !psr.id !42 | ID: 38
[DEBUG]   eP: ret void, !psr.id !41 | ID: 37
[DEBUG]   d2: %argc.addr = alloca i32, align 4, !psr.id !42 | ID: 38
[DEBUG]   EF: psr::EdgeIdentity<psr::BinaryDomain>
[DEBUG] ---------------
[DEBUG] sP: ret void, !psr.id !41 | ID: 37
[DEBUG] d1: i32 %argc | ID: main.0
[DEBUG]   eP: ret void, !psr.id !41 | ID: 37
[DEBUG]   d2: i32 %argc | ID: main.0
[DEBUG]   EF: psr::EdgeIdentity<psr::BinaryDomain>
[DEBUG] ---------------
[DEBUG] End of endsummarytab entry
[DEBUG] Start of incomingtab entry
[DEBUG] sP: ret void, !psr.id !41 | ID: 37
[DEBUG] d3: i32 %argc | ID: main.0
[DEBUG]   n: call void @_Z9sink_funcNSt7__cxx1112basic_stringIcSt11char_traitsIcESaIcEEE(%"class.std::__cxx11::basic_string"* noundef %agg.tmp), !psr.id !52 | ID: 48
[DEBUG]   d2: i32 %argc | ID: main.0
[DEBUG] ---------------
[DEBUG] sP: ret void, !psr.id !41 | ID: 37
[DEBUG] d3: i8** %argv | ID: main.1
[DEBUG] ---------------
[DEBUG] sP: ret void, !psr.id !41 | ID: 37
[DEBUG] d3: %argc.addr = alloca i32, align 4, !psr.id !42 | ID: 38
[DEBUG]   n: call void @_Z9sink_funcNSt7__cxx1112basic_stringIcSt11char_traitsIcESaIcEEE(%"class.std::__cxx11::basic_string"* noundef %agg.tmp), !psr.id !52 | ID: 48
[DEBUG]   d2: %argc.addr = alloca i32, align 4, !psr.id !42 | ID: 38
[DEBUG] ---------------
[DEBUG] sP: %argc.addr = alloca i32, align 4, !psr.id !42 | ID: 38
[DEBUG] d3: i32 %argc | ID: main.0
[DEBUG] ---------------
[DEBUG] End of incomingtab entry
[DEBUG] EDGE: <F: _Z9sink_funcNSt7__cxx1112basic_stringIcSt11char_traitsIcESaIcEEE, D: i8** %argv | ID: main.1>
[DEBUG]  ---> <N: ret void, !psr.id !41 | ID: 37,
[DEBUG]        D: i8** %argv | ID: main.1,
[DEBUG]       EF: psr::EdgeIdentity<psr::BinaryDomain>>
[DEBUG]  
[DEBUG] Return flow function factory call
[DEBUG] (N) Call Site : call void @_Z9sink_funcNSt7__cxx1112basic_stringIcSt11char_traitsIcESaIcEEE(%"class.std::__cxx11::basic_string"* noundef %agg.tmp), !psr.id !52 | ID: 48
[DEBUG] (F) Callee    : _Z9sink_funcNSt7__cxx1112basic_stringIcSt11char_traitsIcESaIcEEE
[DEBUG] (N) Exit Stmt : ret void, !psr.id !41 | ID: 37
[DEBUG] (N) Ret Site  : call void @_ZNSt7__cxx1112basic_stringIcSt11char_traitsIcESaIcEED1Ev(%"class.std::__cxx11::basic_string"* noundef nonnull align 8 dereferenceable(32) %agg.tmp) #6, !psr.id !53 | ID: 49
[DEBUG] Flow function fetched from cache
[DEBUG] Call-to-Return flow function factory call
[DEBUG] (N) Call Site : call void @_Z9sink_funcNSt7__cxx1112basic_stringIcSt11char_traitsIcESaIcEEE(%"class.std::__cxx11::basic_string"* noundef %agg.tmp), !psr.id !52 | ID: 48
[DEBUG] (N) Ret Site  : call void @_ZNSt7__cxx1112basic_stringIcSt11char_traitsIcESaIcEED1Ev(%"class.std::__cxx11::basic_string"* noundef nonnull align 8 dereferenceable(32) %agg.tmp) #6, !psr.id !53 | ID: 49
[DEBUG] (F) Callee's  : 
[DEBUG]   _Z9sink_funcNSt7__cxx1112basic_stringIcSt11char_traitsIcESaIcEEE
[DEBUG] Flow function fetched from cache
[DEBUG] Call-to-Return edge function factory call
[DEBUG] (N) Call Site : call void @_Z9sink_funcNSt7__cxx1112basic_stringIcSt11char_traitsIcESaIcEEE(%"class.std::__cxx11::basic_string"* noundef %agg.tmp), !psr.id !52 | ID: 48
[DEBUG] (D) Call Node : i8** %argv | ID: main.1
[DEBUG] (N) Ret Site  : call void @_ZNSt7__cxx1112basic_stringIcSt11char_traitsIcESaIcEED1Ev(%"class.std::__cxx11::basic_string"* noundef nonnull align 8 dereferenceable(32) %agg.tmp) #6, !psr.id !53 | ID: 49
[DEBUG] (D) Ret Node  : i8** %argv | ID: main.1
[DEBUG] (F) Callee's  : 
[DEBUG]   _Z9sink_funcNSt7__cxx1112basic_stringIcSt11char_traitsIcESaIcEEE
[DEBUG] Edge function constructed
[DEBUG] Provide Edge Function: psr::EdgeIdentity<psr::BinaryDomain>
[DEBUG] Queried Call-to-Return Edge Function: psr::EdgeIdentity<psr::BinaryDomain>
[DEBUG] Compose: psr::EdgeIdentity<psr::BinaryDomain> * psr::EdgeIdentity<psr::BinaryDomain> = psr::EdgeIdentity<psr::BinaryDomain>
[DEBUG] Propagate flow
[DEBUG] Source value  : i8** %argv | ID: main.1
[DEBUG] Target        : call void @_ZNSt7__cxx1112basic_stringIcSt11char_traitsIcESaIcEED1Ev(%"class.std::__cxx11::basic_string"* noundef nonnull align 8 dereferenceable(32) %agg.tmp) #6, !psr.id !53 | ID: 49
[DEBUG] Target value  : i8** %argv | ID: main.1
[DEBUG] Edge function : psr::EdgeIdentity<psr::BinaryDomain> (result of previous compose)
[DEBUG] Join: psr::AllTop<psr::BinaryDomain> & psr::EdgeIdentity<psr::BinaryDomain> 
[DEBUG]     = psr::EdgeIdentity<psr::BinaryDomain> (new jump func)
[DEBUG]  
[DEBUG] Start adding new jump function
[DEBUG] Fact at source : i8** %argv | ID: main.1
[DEBUG] Fact at target : i8** %argv | ID: main.1
[DEBUG] Destination    : call void @_ZNSt7__cxx1112basic_stringIcSt11char_traitsIcESaIcEED1Ev(%"class.std::__cxx11::basic_string"* noundef nonnull align 8 dereferenceable(32) %agg.tmp) #6, !psr.id !53 | ID: 49
[DEBUG] Edge Function  : psr::EdgeIdentity<psr::BinaryDomain>
[DEBUG] End adding new jump function
[DEBUG] -------------------------------------------- 60. Path Edge --------------------------------------------
[DEBUG]  
[DEBUG] Process 60. path edge:
[DEBUG] < D source: i8** %argv | ID: main.1 ;
[DEBUG]   N target: call void @_ZNSt7__cxx1112basic_stringIcSt11char_traitsIcESaIcEED1Ev(%"class.std::__cxx11::basic_string"* noundef nonnull align 8 dereferenceable(32) %agg.tmp) #6, !psr.id !53 | ID: 49 ;
[DEBUG]   D target: i8** %argv | ID: main.1 >
[DEBUG]  
[DEBUG] Process call at target: call void @_ZNSt7__cxx1112basic_stringIcSt11char_traitsIcESaIcEED1Ev(%"class.std::__cxx11::basic_string"* noundef nonnull align 8 dereferenceable(32) %agg.tmp) #6, !psr.id !53 | ID: 49
[DEBUG] JumpFunctions Forward-Lookup:
[DEBUG]    Source D: i8** %argv | ID: main.1
[DEBUG]    Target N: call void @_ZNSt7__cxx1112basic_stringIcSt11char_traitsIcESaIcEED1Ev(%"class.std::__cxx11::basic_string"* noundef nonnull align 8 dereferenceable(32) %agg.tmp) #6, !psr.id !53 | ID: 49
[DEBUG]    Target D: i8** %argv | ID: main.1
[DEBUG]   => EdgeFn: psr::EdgeIdentity<psr::BinaryDomain>
[DEBUG] Possible callees:
[DEBUG]   _ZNSt7__cxx1112basic_stringIcSt11char_traitsIcESaIcEED1Ev
[DEBUG] Possible return sites:
[DEBUG]   call void @_ZNSt7__cxx1112basic_stringIcSt11char_traitsIcESaIcEED1Ev(%"class.std::__cxx11::basic_string"* noundef nonnull align 8 dereferenceable(32) %conspicuous_x) #6, !psr.id !54 | ID: 50
[DEBUG] Summary flow function factory call
[DEBUG] (N) Call Stmt : call void @_ZNSt7__cxx1112basic_stringIcSt11char_traitsIcESaIcEED1Ev(%"class.std::__cxx11::basic_string"* noundef nonnull align 8 dereferenceable(32) %agg.tmp) #6, !psr.id !53 | ID: 49
[DEBUG] (F) Dest Mthd : _ZNSt7__cxx1112basic_stringIcSt11char_traitsIcESaIcEED1Ev
[DEBUG]  
[DEBUG] Call flow function factory call
[DEBUG] (N) Call Stmt : call void @_ZNSt7__cxx1112basic_stringIcSt11char_traitsIcESaIcEED1Ev(%"class.std::__cxx11::basic_string"* noundef nonnull align 8 dereferenceable(32) %agg.tmp) #6, !psr.id !53 | ID: 49
[DEBUG] (F) Dest Fun : _ZNSt7__cxx1112basic_stringIcSt11char_traitsIcESaIcEED1Ev
[DEBUG] Flow function fetched from cache
[DEBUG] Start points of '_ZNSt7__cxx1112basic_stringIcSt11char_traitsIcESaIcEED1Ev' currently not available!
[DEBUG] Call-to-Return flow function factory call
[DEBUG] (N) Call Site : call void @_ZNSt7__cxx1112basic_stringIcSt11char_traitsIcESaIcEED1Ev(%"class.std::__cxx11::basic_string"* noundef nonnull align 8 dereferenceable(32) %agg.tmp) #6, !psr.id !53 | ID: 49
[DEBUG] (N) Ret Site  : call void @_ZNSt7__cxx1112basic_stringIcSt11char_traitsIcESaIcEED1Ev(%"class.std::__cxx11::basic_string"* noundef nonnull align 8 dereferenceable(32) %conspicuous_x) #6, !psr.id !54 | ID: 50
[DEBUG] (F) Callee's  : 
[DEBUG]   _ZNSt7__cxx1112basic_stringIcSt11char_traitsIcESaIcEED1Ev
[DEBUG] Flow function fetched from cache
[DEBUG] Call-to-Return edge function factory call
[DEBUG] (N) Call Site : call void @_ZNSt7__cxx1112basic_stringIcSt11char_traitsIcESaIcEED1Ev(%"class.std::__cxx11::basic_string"* noundef nonnull align 8 dereferenceable(32) %agg.tmp) #6, !psr.id !53 | ID: 49
[DEBUG] (D) Call Node : i8** %argv | ID: main.1
[DEBUG] (N) Ret Site  : call void @_ZNSt7__cxx1112basic_stringIcSt11char_traitsIcESaIcEED1Ev(%"class.std::__cxx11::basic_string"* noundef nonnull align 8 dereferenceable(32) %conspicuous_x) #6, !psr.id !54 | ID: 50
[DEBUG] (D) Ret Node  : i8** %argv | ID: main.1
[DEBUG] (F) Callee's  : 
[DEBUG]   _ZNSt7__cxx1112basic_stringIcSt11char_traitsIcESaIcEED1Ev
[DEBUG] Edge function constructed
[DEBUG] Provide Edge Function: psr::EdgeIdentity<psr::BinaryDomain>
[DEBUG] Queried Call-to-Return Edge Function: psr::EdgeIdentity<psr::BinaryDomain>
[DEBUG] Compose: psr::EdgeIdentity<psr::BinaryDomain> * psr::EdgeIdentity<psr::BinaryDomain> = psr::EdgeIdentity<psr::BinaryDomain>
[DEBUG] Propagate flow
[DEBUG] Source value  : i8** %argv | ID: main.1
[DEBUG] Target        : call void @_ZNSt7__cxx1112basic_stringIcSt11char_traitsIcESaIcEED1Ev(%"class.std::__cxx11::basic_string"* noundef nonnull align 8 dereferenceable(32) %conspicuous_x) #6, !psr.id !54 | ID: 50
[DEBUG] Target value  : i8** %argv | ID: main.1
[DEBUG] Edge function : psr::EdgeIdentity<psr::BinaryDomain> (result of previous compose)
[DEBUG] Join: psr::AllTop<psr::BinaryDomain> & psr::EdgeIdentity<psr::BinaryDomain> 
[DEBUG]     = psr::EdgeIdentity<psr::BinaryDomain> (new jump func)
[DEBUG]  
[DEBUG] Start adding new jump function
[DEBUG] Fact at source : i8** %argv | ID: main.1
[DEBUG] Fact at target : i8** %argv | ID: main.1
[DEBUG] Destination    : call void @_ZNSt7__cxx1112basic_stringIcSt11char_traitsIcESaIcEED1Ev(%"class.std::__cxx11::basic_string"* noundef nonnull align 8 dereferenceable(32) %conspicuous_x) #6, !psr.id !54 | ID: 50
[DEBUG] Edge Function  : psr::EdgeIdentity<psr::BinaryDomain>
[DEBUG] End adding new jump function
[DEBUG] -------------------------------------------- 61. Path Edge --------------------------------------------
[DEBUG]  
[DEBUG] Process 61. path edge:
[DEBUG] < D source: i8** %argv | ID: main.1 ;
[DEBUG]   N target: call void @_ZNSt7__cxx1112basic_stringIcSt11char_traitsIcESaIcEED1Ev(%"class.std::__cxx11::basic_string"* noundef nonnull align 8 dereferenceable(32) %conspicuous_x) #6, !psr.id !54 | ID: 50 ;
[DEBUG]   D target: i8** %argv | ID: main.1 >
[DEBUG]  
[DEBUG] Process call at target: call void @_ZNSt7__cxx1112basic_stringIcSt11char_traitsIcESaIcEED1Ev(%"class.std::__cxx11::basic_string"* noundef nonnull align 8 dereferenceable(32) %conspicuous_x) #6, !psr.id !54 | ID: 50
[DEBUG] JumpFunctions Forward-Lookup:
[DEBUG]    Source D: i8** %argv | ID: main.1
[DEBUG]    Target N: call void @_ZNSt7__cxx1112basic_stringIcSt11char_traitsIcESaIcEED1Ev(%"class.std::__cxx11::basic_string"* noundef nonnull align 8 dereferenceable(32) %conspicuous_x) #6, !psr.id !54 | ID: 50
[DEBUG]    Target D: i8** %argv | ID: main.1
[DEBUG]   => EdgeFn: psr::EdgeIdentity<psr::BinaryDomain>
[DEBUG] Possible callees:
[DEBUG]   _ZNSt7__cxx1112basic_stringIcSt11char_traitsIcESaIcEED1Ev
[DEBUG] Possible return sites:
[DEBUG]   ret i32 0, !psr.id !55 | ID: 51
[DEBUG] Summary flow function factory call
[DEBUG] (N) Call Stmt : call void @_ZNSt7__cxx1112basic_stringIcSt11char_traitsIcESaIcEED1Ev(%"class.std::__cxx11::basic_string"* noundef nonnull align 8 dereferenceable(32) %conspicuous_x) #6, !psr.id !54 | ID: 50
[DEBUG] (F) Dest Mthd : _ZNSt7__cxx1112basic_stringIcSt11char_traitsIcESaIcEED1Ev
[DEBUG]  
[DEBUG] Call flow function factory call
[DEBUG] (N) Call Stmt : call void @_ZNSt7__cxx1112basic_stringIcSt11char_traitsIcESaIcEED1Ev(%"class.std::__cxx11::basic_string"* noundef nonnull align 8 dereferenceable(32) %conspicuous_x) #6, !psr.id !54 | ID: 50
[DEBUG] (F) Dest Fun : _ZNSt7__cxx1112basic_stringIcSt11char_traitsIcESaIcEED1Ev
[DEBUG] Flow function fetched from cache
[DEBUG] Start points of '_ZNSt7__cxx1112basic_stringIcSt11char_traitsIcESaIcEED1Ev' currently not available!
[DEBUG] Call-to-Return flow function factory call
[DEBUG] (N) Call Site : call void @_ZNSt7__cxx1112basic_stringIcSt11char_traitsIcESaIcEED1Ev(%"class.std::__cxx11::basic_string"* noundef nonnull align 8 dereferenceable(32) %conspicuous_x) #6, !psr.id !54 | ID: 50
[DEBUG] (N) Ret Site  : ret i32 0, !psr.id !55 | ID: 51
[DEBUG] (F) Callee's  : 
[DEBUG]   _ZNSt7__cxx1112basic_stringIcSt11char_traitsIcESaIcEED1Ev
[DEBUG] Flow function fetched from cache
[DEBUG] Call-to-Return edge function factory call
[DEBUG] (N) Call Site : call void @_ZNSt7__cxx1112basic_stringIcSt11char_traitsIcESaIcEED1Ev(%"class.std::__cxx11::basic_string"* noundef nonnull align 8 dereferenceable(32) %conspicuous_x) #6, !psr.id !54 | ID: 50
[DEBUG] (D) Call Node : i8** %argv | ID: main.1
[DEBUG] (N) Ret Site  : ret i32 0, !psr.id !55 | ID: 51
[DEBUG] (D) Ret Node  : i8** %argv | ID: main.1
[DEBUG] (F) Callee's  : 
[DEBUG]   _ZNSt7__cxx1112basic_stringIcSt11char_traitsIcESaIcEED1Ev
[DEBUG] Edge function constructed
[DEBUG] Provide Edge Function: psr::EdgeIdentity<psr::BinaryDomain>
[DEBUG] Queried Call-to-Return Edge Function: psr::EdgeIdentity<psr::BinaryDomain>
[DEBUG] Compose: psr::EdgeIdentity<psr::BinaryDomain> * psr::EdgeIdentity<psr::BinaryDomain> = psr::EdgeIdentity<psr::BinaryDomain>
[DEBUG] Propagate flow
[DEBUG] Source value  : i8** %argv | ID: main.1
[DEBUG] Target        : ret i32 0, !psr.id !55 | ID: 51
[DEBUG] Target value  : i8** %argv | ID: main.1
[DEBUG] Edge function : psr::EdgeIdentity<psr::BinaryDomain> (result of previous compose)
[DEBUG] Join: psr::AllTop<psr::BinaryDomain> & psr::EdgeIdentity<psr::BinaryDomain> 
[DEBUG]     = psr::EdgeIdentity<psr::BinaryDomain> (new jump func)
[DEBUG]  
[DEBUG] Start adding new jump function
[DEBUG] Fact at source : i8** %argv | ID: main.1
[DEBUG] Fact at target : i8** %argv | ID: main.1
[DEBUG] Destination    : ret i32 0, !psr.id !55 | ID: 51
[DEBUG] Edge Function  : psr::EdgeIdentity<psr::BinaryDomain>
[DEBUG] End adding new jump function
[DEBUG] -------------------------------------------- 62. Path Edge --------------------------------------------
[DEBUG]  
[DEBUG] Process 62. path edge:
[DEBUG] < D source: i8** %argv | ID: main.1 ;
[DEBUG]   N target: ret i32 0, !psr.id !55 | ID: 51 ;
[DEBUG]   D target: i8** %argv | ID: main.1 >
[DEBUG]  
[DEBUG] Process exit at target: ret i32 0, !psr.id !55 | ID: 51
[DEBUG] JumpFunctions Forward-Lookup:
[DEBUG]    Source D: i8** %argv | ID: main.1
[DEBUG]    Target N: ret i32 0, !psr.id !55 | ID: 51
[DEBUG]    Target D: i8** %argv | ID: main.1
[DEBUG]   => EdgeFn: psr::EdgeIdentity<psr::BinaryDomain>
[DEBUG] Start of endsummarytab entry
[DEBUG] sP: %argc.addr = alloca i32, align 4, !psr.id !42 | ID: 38
[DEBUG] d1: i8** %argv | ID: main.1
[DEBUG]   eP: ret i32 0, !psr.id !55 | ID: 51
[DEBUG]   d2: i8** %argv | ID: main.1
[DEBUG]   EF: psr::EdgeIdentity<psr::BinaryDomain>
[DEBUG] ---------------
[DEBUG] sP: %argc.addr = alloca i32, align 4, !psr.id !42 | ID: 38
[DEBUG] d1: i32 %argc | ID: main.0
[DEBUG]   eP: ret i32 0, !psr.id !55 | ID: 51
[DEBUG]   d2: %argc.addr = alloca i32, align 4, !psr.id !42 | ID: 38
[DEBUG]   EF: psr::EdgeIdentity<psr::BinaryDomain>
[DEBUG]   eP: ret i32 0, !psr.id !55 | ID: 51
[DEBUG]   d2: i32 %argc | ID: main.0
[DEBUG]   EF: psr::EdgeIdentity<psr::BinaryDomain>
[DEBUG] ---------------
[DEBUG] sP: ret void, !psr.id !41 | ID: 37
[DEBUG] d1: i8** %argv | ID: main.1
[DEBUG]   eP: ret void, !psr.id !41 | ID: 37
[DEBUG]   d2: i8** %argv | ID: main.1
[DEBUG]   EF: psr::EdgeIdentity<psr::BinaryDomain>
[DEBUG] ---------------
[DEBUG] sP: ret void, !psr.id !41 | ID: 37
[DEBUG] d1: %argc.addr = alloca i32, align 4, !psr.id !42 | ID: 38
[DEBUG]   eP: ret void, !psr.id !41 | ID: 37
[DEBUG]   d2: %argc.addr = alloca i32, align 4, !psr.id !42 | ID: 38
[DEBUG]   EF: psr::EdgeIdentity<psr::BinaryDomain>
[DEBUG] ---------------
[DEBUG] sP: ret void, !psr.id !41 | ID: 37
[DEBUG] d1: i32 %argc | ID: main.0
[DEBUG]   eP: ret void, !psr.id !41 | ID: 37
[DEBUG]   d2: i32 %argc | ID: main.0
[DEBUG]   EF: psr::EdgeIdentity<psr::BinaryDomain>
[DEBUG] ---------------
[DEBUG] End of endsummarytab entry
[DEBUG] Start of incomingtab entry
[DEBUG] sP: ret void, !psr.id !41 | ID: 37
[DEBUG] d3: i32 %argc | ID: main.0
[DEBUG]   n: call void @_Z9sink_funcNSt7__cxx1112basic_stringIcSt11char_traitsIcESaIcEEE(%"class.std::__cxx11::basic_string"* noundef %agg.tmp), !psr.id !52 | ID: 48
[DEBUG]   d2: i32 %argc | ID: main.0
[DEBUG] ---------------
[DEBUG] sP: ret void, !psr.id !41 | ID: 37
[DEBUG] d3: i8** %argv | ID: main.1
[DEBUG]   n: call void @_Z9sink_funcNSt7__cxx1112basic_stringIcSt11char_traitsIcESaIcEEE(%"class.std::__cxx11::basic_string"* noundef %agg.tmp), !psr.id !52 | ID: 48
[DEBUG]   d2: i8** %argv | ID: main.1
[DEBUG] ---------------
[DEBUG] sP: ret void, !psr.id !41 | ID: 37
[DEBUG] d3: %argc.addr = alloca i32, align 4, !psr.id !42 | ID: 38
[DEBUG]   n: call void @_Z9sink_funcNSt7__cxx1112basic_stringIcSt11char_traitsIcESaIcEEE(%"class.std::__cxx11::basic_string"* noundef %agg.tmp), !psr.id !52 | ID: 48
[DEBUG]   d2: %argc.addr = alloca i32, align 4, !psr.id !42 | ID: 38
[DEBUG] ---------------
[DEBUG] sP: %argc.addr = alloca i32, align 4, !psr.id !42 | ID: 38
[DEBUG] d3: i32 %argc | ID: main.0
[DEBUG] ---------------
[DEBUG] sP: %argc.addr = alloca i32, align 4, !psr.id !42 | ID: 38
[DEBUG] d3: i8** %argv | ID: main.1
[DEBUG] ---------------
[DEBUG] End of incomingtab entry
[DEBUG] EDGE: <F: main, D: i8** %argv | ID: main.1>
[DEBUG]  ---> <N: ret i32 0, !psr.id !55 | ID: 51,
[DEBUG]        D: i8** %argv | ID: main.1,
[DEBUG]       EF: psr::EdgeIdentity<psr::BinaryDomain>>
[DEBUG]  
[DEBUG] EDGE: <F: main, D: i8** %argv | ID: main.1>
[DEBUG]  ---> <N: call void @_ZNSt7__cxx1112basic_stringIcSt11char_traitsIcESaIcEED1Ev(%"class.std::__cxx11::basic_string"* noundef nonnull align 8 dereferenceable(32) %conspicuous_x) #6, !psr.id !54 | ID: 50,
[DEBUG]        D: i8** %argv | ID: main.1,
[DEBUG]       EF: psr::EdgeIdentity<psr::BinaryDomain>>
[DEBUG]  
[DEBUG] EDGE: <F: main, D: i8** %argv | ID: main.1>
[DEBUG]  ---> <N: call void @_ZNSt7__cxx1112basic_stringIcSt11char_traitsIcESaIcEED1Ev(%"class.std::__cxx11::basic_string"* noundef nonnull align 8 dereferenceable(32) %agg.tmp) #6, !psr.id !53 | ID: 49,
[DEBUG]        D: i8** %argv | ID: main.1,
[DEBUG]       EF: psr::EdgeIdentity<psr::BinaryDomain>>
[DEBUG]  
[DEBUG] EDGE: <F: main, D: i8** %argv | ID: main.1>
[DEBUG]  ---> <N: call void @_Z9sink_funcNSt7__cxx1112basic_stringIcSt11char_traitsIcESaIcEEE(%"class.std::__cxx11::basic_string"* noundef %agg.tmp), !psr.id !52 | ID: 48,
[DEBUG]        D: i8** %argv | ID: main.1,
[DEBUG]       EF: psr::EdgeIdentity<psr::BinaryDomain>>
[DEBUG]  
[DEBUG] Call-to-Return flow function factory call
[DEBUG] (N) Call Site : invoke void @_ZNSt7__cxx1112basic_stringIcSt11char_traitsIcESaIcEEC1ERKS4_(%"class.std::__cxx11::basic_string"* noundef nonnull align 8 dereferenceable(32) %agg.tmp, %"class.std::__cxx11::basic_string"* noundef nonnull align 8 dereferenceable(32) %conspicuous_x)
          to label %invoke.cont unwind label %lpad, !psr.id !51 | ID: 47
[DEBUG] (N) Ret Site  : %0 = landingpad { i8*, i32 }
          cleanup, !psr.id !56 | ID: 52
[DEBUG] (F) Callee's  : 
[DEBUG]   _ZNSt7__cxx1112basic_stringIcSt11char_traitsIcESaIcEEC1ERKS4_
[DEBUG] Flow function fetched from cache
[DEBUG] Call-to-Return edge function factory call
[DEBUG] (N) Call Site : invoke void @_ZNSt7__cxx1112basic_stringIcSt11char_traitsIcESaIcEEC1ERKS4_(%"class.std::__cxx11::basic_string"* noundef nonnull align 8 dereferenceable(32) %agg.tmp, %"class.std::__cxx11::basic_string"* noundef nonnull align 8 dereferenceable(32) %conspicuous_x)
          to label %invoke.cont unwind label %lpad, !psr.id !51 | ID: 47
[DEBUG] (D) Call Node : i8** %argv | ID: main.1
[DEBUG] (N) Ret Site  : %0 = landingpad { i8*, i32 }
          cleanup, !psr.id !56 | ID: 52
[DEBUG] (D) Ret Node  : i8** %argv | ID: main.1
[DEBUG] (F) Callee's  : 
[DEBUG]   _ZNSt7__cxx1112basic_stringIcSt11char_traitsIcESaIcEEC1ERKS4_
[DEBUG] Edge function constructed
[DEBUG] Provide Edge Function: psr::EdgeIdentity<psr::BinaryDomain>
[DEBUG] Queried Call-to-Return Edge Function: psr::EdgeIdentity<psr::BinaryDomain>
[DEBUG] Compose: psr::EdgeIdentity<psr::BinaryDomain> * psr::EdgeIdentity<psr::BinaryDomain> = psr::EdgeIdentity<psr::BinaryDomain>
[DEBUG] Propagate flow
[DEBUG] Source value  : i8** %argv | ID: main.1
[DEBUG] Target        : %0 = landingpad { i8*, i32 }
          cleanup, !psr.id !56 | ID: 52
[DEBUG] Target value  : i8** %argv | ID: main.1
[DEBUG] Edge function : psr::EdgeIdentity<psr::BinaryDomain> (result of previous compose)
[DEBUG] Join: psr::AllTop<psr::BinaryDomain> & psr::EdgeIdentity<psr::BinaryDomain> 
[DEBUG]     = psr::EdgeIdentity<psr::BinaryDomain> (new jump func)
[DEBUG]  
[DEBUG] Start adding new jump function
[DEBUG] Fact at source : i8** %argv | ID: main.1
[DEBUG] Fact at target : i8** %argv | ID: main.1
[DEBUG] Destination    : %0 = landingpad { i8*, i32 }
          cleanup, !psr.id !56 | ID: 52
[DEBUG] Edge Function  : psr::EdgeIdentity<psr::BinaryDomain>
[DEBUG] End adding new jump function
[DEBUG] -------------------------------------------- 63. Path Edge --------------------------------------------
[DEBUG]  
[DEBUG] Process 63. path edge:
[DEBUG] < D source: i8** %argv | ID: main.1 ;
[DEBUG]   N target: %0 = landingpad { i8*, i32 }
          cleanup, !psr.id !56 | ID: 52 ;
[DEBUG]   D target: i8** %argv | ID: main.1 >
[DEBUG]  
[DEBUG] Process normal at target: %0 = landingpad { i8*, i32 }
          cleanup, !psr.id !56 | ID: 52
[DEBUG] JumpFunctions Forward-Lookup:
[DEBUG]    Source D: i8** %argv | ID: main.1
[DEBUG]    Target N: %0 = landingpad { i8*, i32 }
          cleanup, !psr.id !56 | ID: 52
[DEBUG]    Target D: i8** %argv | ID: main.1
[DEBUG]   => EdgeFn: psr::EdgeIdentity<psr::BinaryDomain>
[DEBUG] Normal flow function factory call
[DEBUG] (N) Curr Inst : %0 = landingpad { i8*, i32 }
          cleanup, !psr.id !56 | ID: 52
[DEBUG] (N) Succ Inst : %1 = extractvalue { i8*, i32 } %0, 0, !psr.id !57 | ID: 53
[DEBUG] Flow function fetched from cache
[DEBUG] Normal edge function factory call
[DEBUG] (N) Curr Inst : %0 = landingpad { i8*, i32 }
          cleanup, !psr.id !56 | ID: 52
[DEBUG] (D) Curr Node : i8** %argv | ID: main.1
[DEBUG] (N) Succ Inst : %1 = extractvalue { i8*, i32 } %0, 0, !psr.id !57 | ID: 53
[DEBUG] (D) Succ Node : i8** %argv | ID: main.1
[DEBUG] Edge function constructed
[DEBUG] Provide Edge Function: psr::EdgeIdentity<psr::BinaryDomain>
[DEBUG] Queried Normal Edge Function: psr::EdgeIdentity<psr::BinaryDomain>
[DEBUG] Compose: psr::EdgeIdentity<psr::BinaryDomain> * psr::EdgeIdentity<psr::BinaryDomain> = psr::EdgeIdentity<psr::BinaryDomain>
[DEBUG] Propagate flow
[DEBUG] Source value  : i8** %argv | ID: main.1
[DEBUG] Target        : %1 = extractvalue { i8*, i32 } %0, 0, !psr.id !57 | ID: 53
[DEBUG] Target value  : i8** %argv | ID: main.1
[DEBUG] Edge function : psr::EdgeIdentity<psr::BinaryDomain> (result of previous compose)
[DEBUG] Join: psr::AllTop<psr::BinaryDomain> & psr::EdgeIdentity<psr::BinaryDomain> 
[DEBUG]     = psr::EdgeIdentity<psr::BinaryDomain> (new jump func)
[DEBUG]  
[DEBUG] Start adding new jump function
[DEBUG] Fact at source : i8** %argv | ID: main.1
[DEBUG] Fact at target : i8** %argv | ID: main.1
[DEBUG] Destination    : %1 = extractvalue { i8*, i32 } %0, 0, !psr.id !57 | ID: 53
[DEBUG] Edge Function  : psr::EdgeIdentity<psr::BinaryDomain>
[DEBUG] End adding new jump function
[DEBUG] -------------------------------------------- 64. Path Edge --------------------------------------------
[DEBUG]  
[DEBUG] Process 64. path edge:
[DEBUG] < D source: i8** %argv | ID: main.1 ;
[DEBUG]   N target: %1 = extractvalue { i8*, i32 } %0, 0, !psr.id !57 | ID: 53 ;
[DEBUG]   D target: i8** %argv | ID: main.1 >
[DEBUG]  
[DEBUG] Process normal at target: %1 = extractvalue { i8*, i32 } %0, 0, !psr.id !57 | ID: 53
[DEBUG] JumpFunctions Forward-Lookup:
[DEBUG]    Source D: i8** %argv | ID: main.1
[DEBUG]    Target N: %1 = extractvalue { i8*, i32 } %0, 0, !psr.id !57 | ID: 53
[DEBUG]    Target D: i8** %argv | ID: main.1
[DEBUG]   => EdgeFn: psr::EdgeIdentity<psr::BinaryDomain>
[DEBUG] Normal flow function factory call
[DEBUG] (N) Curr Inst : %1 = extractvalue { i8*, i32 } %0, 0, !psr.id !57 | ID: 53
[DEBUG] (N) Succ Inst : store i8* %1, i8** %exn.slot, align 8, !psr.id !58 | ID: 54
[DEBUG] Flow function fetched from cache
[DEBUG] Normal edge function factory call
[DEBUG] (N) Curr Inst : %1 = extractvalue { i8*, i32 } %0, 0, !psr.id !57 | ID: 53
[DEBUG] (D) Curr Node : i8** %argv | ID: main.1
[DEBUG] (N) Succ Inst : store i8* %1, i8** %exn.slot, align 8, !psr.id !58 | ID: 54
[DEBUG] (D) Succ Node : i8** %argv | ID: main.1
[DEBUG] Edge function constructed
[DEBUG] Provide Edge Function: psr::EdgeIdentity<psr::BinaryDomain>
[DEBUG] Queried Normal Edge Function: psr::EdgeIdentity<psr::BinaryDomain>
[DEBUG] Compose: psr::EdgeIdentity<psr::BinaryDomain> * psr::EdgeIdentity<psr::BinaryDomain> = psr::EdgeIdentity<psr::BinaryDomain>
[DEBUG] Propagate flow
[DEBUG] Source value  : i8** %argv | ID: main.1
[DEBUG] Target        : store i8* %1, i8** %exn.slot, align 8, !psr.id !58 | ID: 54
[DEBUG] Target value  : i8** %argv | ID: main.1
[DEBUG] Edge function : psr::EdgeIdentity<psr::BinaryDomain> (result of previous compose)
[DEBUG] Join: psr::AllTop<psr::BinaryDomain> & psr::EdgeIdentity<psr::BinaryDomain> 
[DEBUG]     = psr::EdgeIdentity<psr::BinaryDomain> (new jump func)
[DEBUG]  
[DEBUG] Start adding new jump function
[DEBUG] Fact at source : i8** %argv | ID: main.1
[DEBUG] Fact at target : i8** %argv | ID: main.1
[DEBUG] Destination    : store i8* %1, i8** %exn.slot, align 8, !psr.id !58 | ID: 54
[DEBUG] Edge Function  : psr::EdgeIdentity<psr::BinaryDomain>
[DEBUG] End adding new jump function
[DEBUG] -------------------------------------------- 65. Path Edge --------------------------------------------
[DEBUG]  
[DEBUG] Process 65. path edge:
[DEBUG] < D source: i8** %argv | ID: main.1 ;
[DEBUG]   N target: store i8* %1, i8** %exn.slot, align 8, !psr.id !58 | ID: 54 ;
[DEBUG]   D target: i8** %argv | ID: main.1 >
[DEBUG]  
[DEBUG] Process normal at target: store i8* %1, i8** %exn.slot, align 8, !psr.id !58 | ID: 54
[DEBUG] JumpFunctions Forward-Lookup:
[DEBUG]    Source D: i8** %argv | ID: main.1
[DEBUG]    Target N: store i8* %1, i8** %exn.slot, align 8, !psr.id !58 | ID: 54
[DEBUG]    Target D: i8** %argv | ID: main.1
[DEBUG]   => EdgeFn: psr::EdgeIdentity<psr::BinaryDomain>
[DEBUG] Normal flow function factory call
[DEBUG] (N) Curr Inst : store i8* %1, i8** %exn.slot, align 8, !psr.id !58 | ID: 54
[DEBUG] (N) Succ Inst : %2 = extractvalue { i8*, i32 } %0, 1, !psr.id !59 | ID: 55
[DEBUG] Flow function fetched from cache
[DEBUG] Normal edge function factory call
[DEBUG] (N) Curr Inst : store i8* %1, i8** %exn.slot, align 8, !psr.id !58 | ID: 54
[DEBUG] (D) Curr Node : i8** %argv | ID: main.1
[DEBUG] (N) Succ Inst : %2 = extractvalue { i8*, i32 } %0, 1, !psr.id !59 | ID: 55
[DEBUG] (D) Succ Node : i8** %argv | ID: main.1
[DEBUG] Edge function constructed
[DEBUG] Provide Edge Function: psr::EdgeIdentity<psr::BinaryDomain>
[DEBUG] Queried Normal Edge Function: psr::EdgeIdentity<psr::BinaryDomain>
[DEBUG] Compose: psr::EdgeIdentity<psr::BinaryDomain> * psr::EdgeIdentity<psr::BinaryDomain> = psr::EdgeIdentity<psr::BinaryDomain>
[DEBUG] Propagate flow
[DEBUG] Source value  : i8** %argv | ID: main.1
[DEBUG] Target        : %2 = extractvalue { i8*, i32 } %0, 1, !psr.id !59 | ID: 55
[DEBUG] Target value  : i8** %argv | ID: main.1
[DEBUG] Edge function : psr::EdgeIdentity<psr::BinaryDomain> (result of previous compose)
[DEBUG] Join: psr::AllTop<psr::BinaryDomain> & psr::EdgeIdentity<psr::BinaryDomain> 
[DEBUG]     = psr::EdgeIdentity<psr::BinaryDomain> (new jump func)
[DEBUG]  
[DEBUG] Start adding new jump function
[DEBUG] Fact at source : i8** %argv | ID: main.1
[DEBUG] Fact at target : i8** %argv | ID: main.1
[DEBUG] Destination    : %2 = extractvalue { i8*, i32 } %0, 1, !psr.id !59 | ID: 55
[DEBUG] Edge Function  : psr::EdgeIdentity<psr::BinaryDomain>
[DEBUG] End adding new jump function
[DEBUG] -------------------------------------------- 66. Path Edge --------------------------------------------
[DEBUG]  
[DEBUG] Process 66. path edge:
[DEBUG] < D source: i8** %argv | ID: main.1 ;
[DEBUG]   N target: %2 = extractvalue { i8*, i32 } %0, 1, !psr.id !59 | ID: 55 ;
[DEBUG]   D target: i8** %argv | ID: main.1 >
[DEBUG]  
[DEBUG] Process normal at target: %2 = extractvalue { i8*, i32 } %0, 1, !psr.id !59 | ID: 55
[DEBUG] JumpFunctions Forward-Lookup:
[DEBUG]    Source D: i8** %argv | ID: main.1
[DEBUG]    Target N: %2 = extractvalue { i8*, i32 } %0, 1, !psr.id !59 | ID: 55
[DEBUG]    Target D: i8** %argv | ID: main.1
[DEBUG]   => EdgeFn: psr::EdgeIdentity<psr::BinaryDomain>
[DEBUG] Normal flow function factory call
[DEBUG] (N) Curr Inst : %2 = extractvalue { i8*, i32 } %0, 1, !psr.id !59 | ID: 55
[DEBUG] (N) Succ Inst : store i32 %2, i32* %ehselector.slot, align 4, !psr.id !60 | ID: 56
[DEBUG] Flow function fetched from cache
[DEBUG] Normal edge function factory call
[DEBUG] (N) Curr Inst : %2 = extractvalue { i8*, i32 } %0, 1, !psr.id !59 | ID: 55
[DEBUG] (D) Curr Node : i8** %argv | ID: main.1
[DEBUG] (N) Succ Inst : store i32 %2, i32* %ehselector.slot, align 4, !psr.id !60 | ID: 56
[DEBUG] (D) Succ Node : i8** %argv | ID: main.1
[DEBUG] Edge function constructed
[DEBUG] Provide Edge Function: psr::EdgeIdentity<psr::BinaryDomain>
[DEBUG] Queried Normal Edge Function: psr::EdgeIdentity<psr::BinaryDomain>
[DEBUG] Compose: psr::EdgeIdentity<psr::BinaryDomain> * psr::EdgeIdentity<psr::BinaryDomain> = psr::EdgeIdentity<psr::BinaryDomain>
[DEBUG] Propagate flow
[DEBUG] Source value  : i8** %argv | ID: main.1
[DEBUG] Target        : store i32 %2, i32* %ehselector.slot, align 4, !psr.id !60 | ID: 56
[DEBUG] Target value  : i8** %argv | ID: main.1
[DEBUG] Edge function : psr::EdgeIdentity<psr::BinaryDomain> (result of previous compose)
[DEBUG] Join: psr::AllTop<psr::BinaryDomain> & psr::EdgeIdentity<psr::BinaryDomain> 
[DEBUG]     = psr::EdgeIdentity<psr::BinaryDomain> (new jump func)
[DEBUG]  
[DEBUG] Start adding new jump function
[DEBUG] Fact at source : i8** %argv | ID: main.1
[DEBUG] Fact at target : i8** %argv | ID: main.1
[DEBUG] Destination    : store i32 %2, i32* %ehselector.slot, align 4, !psr.id !60 | ID: 56
[DEBUG] Edge Function  : psr::EdgeIdentity<psr::BinaryDomain>
[DEBUG] End adding new jump function
[DEBUG] -------------------------------------------- 67. Path Edge --------------------------------------------
[DEBUG]  
[DEBUG] Process 67. path edge:
[DEBUG] < D source: i8** %argv | ID: main.1 ;
[DEBUG]   N target: store i32 %2, i32* %ehselector.slot, align 4, !psr.id !60 | ID: 56 ;
[DEBUG]   D target: i8** %argv | ID: main.1 >
[DEBUG]  
[DEBUG] Process normal at target: store i32 %2, i32* %ehselector.slot, align 4, !psr.id !60 | ID: 56
[DEBUG] JumpFunctions Forward-Lookup:
[DEBUG]    Source D: i8** %argv | ID: main.1
[DEBUG]    Target N: store i32 %2, i32* %ehselector.slot, align 4, !psr.id !60 | ID: 56
[DEBUG]    Target D: i8** %argv | ID: main.1
[DEBUG]   => EdgeFn: psr::EdgeIdentity<psr::BinaryDomain>
[DEBUG] Normal flow function factory call
[DEBUG] (N) Curr Inst : store i32 %2, i32* %ehselector.slot, align 4, !psr.id !60 | ID: 56
[DEBUG] (N) Succ Inst : call void @_ZNSt7__cxx1112basic_stringIcSt11char_traitsIcESaIcEED1Ev(%"class.std::__cxx11::basic_string"* noundef nonnull align 8 dereferenceable(32) %conspicuous_x) #6, !psr.id !61 | ID: 57
[DEBUG] Flow function fetched from cache
[DEBUG] Normal edge function factory call
[DEBUG] (N) Curr Inst : store i32 %2, i32* %ehselector.slot, align 4, !psr.id !60 | ID: 56
[DEBUG] (D) Curr Node : i8** %argv | ID: main.1
[DEBUG] (N) Succ Inst : call void @_ZNSt7__cxx1112basic_stringIcSt11char_traitsIcESaIcEED1Ev(%"class.std::__cxx11::basic_string"* noundef nonnull align 8 dereferenceable(32) %conspicuous_x) #6, !psr.id !61 | ID: 57
[DEBUG] (D) Succ Node : i8** %argv | ID: main.1
[DEBUG] Edge function constructed
[DEBUG] Provide Edge Function: psr::EdgeIdentity<psr::BinaryDomain>
[DEBUG] Queried Normal Edge Function: psr::EdgeIdentity<psr::BinaryDomain>
[DEBUG] Compose: psr::EdgeIdentity<psr::BinaryDomain> * psr::EdgeIdentity<psr::BinaryDomain> = psr::EdgeIdentity<psr::BinaryDomain>
[DEBUG] Propagate flow
[DEBUG] Source value  : i8** %argv | ID: main.1
[DEBUG] Target        : call void @_ZNSt7__cxx1112basic_stringIcSt11char_traitsIcESaIcEED1Ev(%"class.std::__cxx11::basic_string"* noundef nonnull align 8 dereferenceable(32) %conspicuous_x) #6, !psr.id !61 | ID: 57
[DEBUG] Target value  : i8** %argv | ID: main.1
[DEBUG] Edge function : psr::EdgeIdentity<psr::BinaryDomain> (result of previous compose)
[DEBUG] Join: psr::AllTop<psr::BinaryDomain> & psr::EdgeIdentity<psr::BinaryDomain> 
[DEBUG]     = psr::EdgeIdentity<psr::BinaryDomain> (new jump func)
[DEBUG]  
[DEBUG] Start adding new jump function
[DEBUG] Fact at source : i8** %argv | ID: main.1
[DEBUG] Fact at target : i8** %argv | ID: main.1
[DEBUG] Destination    : call void @_ZNSt7__cxx1112basic_stringIcSt11char_traitsIcESaIcEED1Ev(%"class.std::__cxx11::basic_string"* noundef nonnull align 8 dereferenceable(32) %conspicuous_x) #6, !psr.id !61 | ID: 57
[DEBUG] Edge Function  : psr::EdgeIdentity<psr::BinaryDomain>
[DEBUG] End adding new jump function
[DEBUG] -------------------------------------------- 68. Path Edge --------------------------------------------
[DEBUG]  
[DEBUG] Process 68. path edge:
[DEBUG] < D source: i8** %argv | ID: main.1 ;
[DEBUG]   N target: call void @_ZNSt7__cxx1112basic_stringIcSt11char_traitsIcESaIcEED1Ev(%"class.std::__cxx11::basic_string"* noundef nonnull align 8 dereferenceable(32) %conspicuous_x) #6, !psr.id !61 | ID: 57 ;
[DEBUG]   D target: i8** %argv | ID: main.1 >
[DEBUG]  
[DEBUG] Process call at target: call void @_ZNSt7__cxx1112basic_stringIcSt11char_traitsIcESaIcEED1Ev(%"class.std::__cxx11::basic_string"* noundef nonnull align 8 dereferenceable(32) %conspicuous_x) #6, !psr.id !61 | ID: 57
[DEBUG] JumpFunctions Forward-Lookup:
[DEBUG]    Source D: i8** %argv | ID: main.1
[DEBUG]    Target N: call void @_ZNSt7__cxx1112basic_stringIcSt11char_traitsIcESaIcEED1Ev(%"class.std::__cxx11::basic_string"* noundef nonnull align 8 dereferenceable(32) %conspicuous_x) #6, !psr.id !61 | ID: 57
[DEBUG]    Target D: i8** %argv | ID: main.1
[DEBUG]   => EdgeFn: psr::EdgeIdentity<psr::BinaryDomain>
[DEBUG] Possible callees:
[DEBUG]   _ZNSt7__cxx1112basic_stringIcSt11char_traitsIcESaIcEED1Ev
[DEBUG] Possible return sites:
[DEBUG]   br label %eh.resume, !psr.id !62 | ID: 58
[DEBUG] Summary flow function factory call
[DEBUG] (N) Call Stmt : call void @_ZNSt7__cxx1112basic_stringIcSt11char_traitsIcESaIcEED1Ev(%"class.std::__cxx11::basic_string"* noundef nonnull align 8 dereferenceable(32) %conspicuous_x) #6, !psr.id !61 | ID: 57
[DEBUG] (F) Dest Mthd : _ZNSt7__cxx1112basic_stringIcSt11char_traitsIcESaIcEED1Ev
[DEBUG]  
[DEBUG] Call flow function factory call
[DEBUG] (N) Call Stmt : call void @_ZNSt7__cxx1112basic_stringIcSt11char_traitsIcESaIcEED1Ev(%"class.std::__cxx11::basic_string"* noundef nonnull align 8 dereferenceable(32) %conspicuous_x) #6, !psr.id !61 | ID: 57
[DEBUG] (F) Dest Fun : _ZNSt7__cxx1112basic_stringIcSt11char_traitsIcESaIcEED1Ev
[DEBUG] Flow function fetched from cache
[DEBUG] Start points of '_ZNSt7__cxx1112basic_stringIcSt11char_traitsIcESaIcEED1Ev' currently not available!
[DEBUG] Call-to-Return flow function factory call
[DEBUG] (N) Call Site : call void @_ZNSt7__cxx1112basic_stringIcSt11char_traitsIcESaIcEED1Ev(%"class.std::__cxx11::basic_string"* noundef nonnull align 8 dereferenceable(32) %conspicuous_x) #6, !psr.id !61 | ID: 57
[DEBUG] (N) Ret Site  : br label %eh.resume, !psr.id !62 | ID: 58
[DEBUG] (F) Callee's  : 
[DEBUG]   _ZNSt7__cxx1112basic_stringIcSt11char_traitsIcESaIcEED1Ev
[DEBUG] Flow function fetched from cache
[DEBUG] Call-to-Return edge function factory call
[DEBUG] (N) Call Site : call void @_ZNSt7__cxx1112basic_stringIcSt11char_traitsIcESaIcEED1Ev(%"class.std::__cxx11::basic_string"* noundef nonnull align 8 dereferenceable(32) %conspicuous_x) #6, !psr.id !61 | ID: 57
[DEBUG] (D) Call Node : i8** %argv | ID: main.1
[DEBUG] (N) Ret Site  : br label %eh.resume, !psr.id !62 | ID: 58
[DEBUG] (D) Ret Node  : i8** %argv | ID: main.1
[DEBUG] (F) Callee's  : 
[DEBUG]   _ZNSt7__cxx1112basic_stringIcSt11char_traitsIcESaIcEED1Ev
[DEBUG] Edge function constructed
[DEBUG] Provide Edge Function: psr::EdgeIdentity<psr::BinaryDomain>
[DEBUG] Queried Call-to-Return Edge Function: psr::EdgeIdentity<psr::BinaryDomain>
[DEBUG] Compose: psr::EdgeIdentity<psr::BinaryDomain> * psr::EdgeIdentity<psr::BinaryDomain> = psr::EdgeIdentity<psr::BinaryDomain>
[DEBUG] Propagate flow
[DEBUG] Source value  : i8** %argv | ID: main.1
[DEBUG] Target        : br label %eh.resume, !psr.id !62 | ID: 58
[DEBUG] Target value  : i8** %argv | ID: main.1
[DEBUG] Edge function : psr::EdgeIdentity<psr::BinaryDomain> (result of previous compose)
[DEBUG] Join: psr::AllTop<psr::BinaryDomain> & psr::EdgeIdentity<psr::BinaryDomain> 
[DEBUG]     = psr::EdgeIdentity<psr::BinaryDomain> (new jump func)
[DEBUG]  
[DEBUG] Start adding new jump function
[DEBUG] Fact at source : i8** %argv | ID: main.1
[DEBUG] Fact at target : i8** %argv | ID: main.1
[DEBUG] Destination    : br label %eh.resume, !psr.id !62 | ID: 58
[DEBUG] Edge Function  : psr::EdgeIdentity<psr::BinaryDomain>
[DEBUG] End adding new jump function
[DEBUG] -------------------------------------------- 69. Path Edge --------------------------------------------
[DEBUG]  
[DEBUG] Process 69. path edge:
[DEBUG] < D source: i8** %argv | ID: main.1 ;
[DEBUG]   N target: br label %eh.resume, !psr.id !62 | ID: 58 ;
[DEBUG]   D target: i8** %argv | ID: main.1 >
[DEBUG]  
[DEBUG] Process normal at target: br label %eh.resume, !psr.id !62 | ID: 58
[DEBUG] JumpFunctions Forward-Lookup:
[DEBUG]    Source D: i8** %argv | ID: main.1
[DEBUG]    Target N: br label %eh.resume, !psr.id !62 | ID: 58
[DEBUG]    Target D: i8** %argv | ID: main.1
[DEBUG]   => EdgeFn: psr::EdgeIdentity<psr::BinaryDomain>
[DEBUG] Normal flow function factory call
[DEBUG] (N) Curr Inst : br label %eh.resume, !psr.id !62 | ID: 58
[DEBUG] (N) Succ Inst : %exn = load i8*, i8** %exn.slot, align 8, !psr.id !63 | ID: 59
[DEBUG] Flow function fetched from cache
[DEBUG] Normal edge function factory call
[DEBUG] (N) Curr Inst : br label %eh.resume, !psr.id !62 | ID: 58
[DEBUG] (D) Curr Node : i8** %argv | ID: main.1
[DEBUG] (N) Succ Inst : %exn = load i8*, i8** %exn.slot, align 8, !psr.id !63 | ID: 59
[DEBUG] (D) Succ Node : i8** %argv | ID: main.1
[DEBUG] Edge function constructed
[DEBUG] Provide Edge Function: psr::EdgeIdentity<psr::BinaryDomain>
[DEBUG] Queried Normal Edge Function: psr::EdgeIdentity<psr::BinaryDomain>
[DEBUG] Compose: psr::EdgeIdentity<psr::BinaryDomain> * psr::EdgeIdentity<psr::BinaryDomain> = psr::EdgeIdentity<psr::BinaryDomain>
[DEBUG] Propagate flow
[DEBUG] Source value  : i8** %argv | ID: main.1
[DEBUG] Target        : %exn = load i8*, i8** %exn.slot, align 8, !psr.id !63 | ID: 59
[DEBUG] Target value  : i8** %argv | ID: main.1
[DEBUG] Edge function : psr::EdgeIdentity<psr::BinaryDomain> (result of previous compose)
[DEBUG] Join: psr::AllTop<psr::BinaryDomain> & psr::EdgeIdentity<psr::BinaryDomain> 
[DEBUG]     = psr::EdgeIdentity<psr::BinaryDomain> (new jump func)
[DEBUG]  
[DEBUG] Start adding new jump function
[DEBUG] Fact at source : i8** %argv | ID: main.1
[DEBUG] Fact at target : i8** %argv | ID: main.1
[DEBUG] Destination    : %exn = load i8*, i8** %exn.slot, align 8, !psr.id !63 | ID: 59
[DEBUG] Edge Function  : psr::EdgeIdentity<psr::BinaryDomain>
[DEBUG] End adding new jump function
[DEBUG] -------------------------------------------- 70. Path Edge --------------------------------------------
[DEBUG]  
[DEBUG] Process 70. path edge:
[DEBUG] < D source: i8** %argv | ID: main.1 ;
[DEBUG]   N target: %exn = load i8*, i8** %exn.slot, align 8, !psr.id !63 | ID: 59 ;
[DEBUG]   D target: i8** %argv | ID: main.1 >
[DEBUG]  
[DEBUG] Process normal at target: %exn = load i8*, i8** %exn.slot, align 8, !psr.id !63 | ID: 59
[DEBUG] JumpFunctions Forward-Lookup:
[DEBUG]    Source D: i8** %argv | ID: main.1
[DEBUG]    Target N: %exn = load i8*, i8** %exn.slot, align 8, !psr.id !63 | ID: 59
[DEBUG]    Target D: i8** %argv | ID: main.1
[DEBUG]   => EdgeFn: psr::EdgeIdentity<psr::BinaryDomain>
[DEBUG] Normal flow function factory call
[DEBUG] (N) Curr Inst : %exn = load i8*, i8** %exn.slot, align 8, !psr.id !63 | ID: 59
[DEBUG] (N) Succ Inst : %sel = load i32, i32* %ehselector.slot, align 4, !psr.id !64 | ID: 60
[DEBUG] Flow function fetched from cache
[DEBUG] Normal edge function factory call
[DEBUG] (N) Curr Inst : %exn = load i8*, i8** %exn.slot, align 8, !psr.id !63 | ID: 59
[DEBUG] (D) Curr Node : i8** %argv | ID: main.1
[DEBUG] (N) Succ Inst : %sel = load i32, i32* %ehselector.slot, align 4, !psr.id !64 | ID: 60
[DEBUG] (D) Succ Node : i8** %argv | ID: main.1
[DEBUG] Edge function constructed
[DEBUG] Provide Edge Function: psr::EdgeIdentity<psr::BinaryDomain>
[DEBUG] Queried Normal Edge Function: psr::EdgeIdentity<psr::BinaryDomain>
[DEBUG] Compose: psr::EdgeIdentity<psr::BinaryDomain> * psr::EdgeIdentity<psr::BinaryDomain> = psr::EdgeIdentity<psr::BinaryDomain>
[DEBUG] Propagate flow
[DEBUG] Source value  : i8** %argv | ID: main.1
[DEBUG] Target        : %sel = load i32, i32* %ehselector.slot, align 4, !psr.id !64 | ID: 60
[DEBUG] Target value  : i8** %argv | ID: main.1
[DEBUG] Edge function : psr::EdgeIdentity<psr::BinaryDomain> (result of previous compose)
[DEBUG] Join: psr::AllTop<psr::BinaryDomain> & psr::EdgeIdentity<psr::BinaryDomain> 
[DEBUG]     = psr::EdgeIdentity<psr::BinaryDomain> (new jump func)
[DEBUG]  
[DEBUG] Start adding new jump function
[DEBUG] Fact at source : i8** %argv | ID: main.1
[DEBUG] Fact at target : i8** %argv | ID: main.1
[DEBUG] Destination    : %sel = load i32, i32* %ehselector.slot, align 4, !psr.id !64 | ID: 60
[DEBUG] Edge Function  : psr::EdgeIdentity<psr::BinaryDomain>
[DEBUG] End adding new jump function
[DEBUG] -------------------------------------------- 71. Path Edge --------------------------------------------
[DEBUG]  
[DEBUG] Process 71. path edge:
[DEBUG] < D source: i8** %argv | ID: main.1 ;
[DEBUG]   N target: %sel = load i32, i32* %ehselector.slot, align 4, !psr.id !64 | ID: 60 ;
[DEBUG]   D target: i8** %argv | ID: main.1 >
[DEBUG]  
[DEBUG] Process normal at target: %sel = load i32, i32* %ehselector.slot, align 4, !psr.id !64 | ID: 60
[DEBUG] JumpFunctions Forward-Lookup:
[DEBUG]    Source D: i8** %argv | ID: main.1
[DEBUG]    Target N: %sel = load i32, i32* %ehselector.slot, align 4, !psr.id !64 | ID: 60
[DEBUG]    Target D: i8** %argv | ID: main.1
[DEBUG]   => EdgeFn: psr::EdgeIdentity<psr::BinaryDomain>
[DEBUG] Normal flow function factory call
[DEBUG] (N) Curr Inst : %sel = load i32, i32* %ehselector.slot, align 4, !psr.id !64 | ID: 60
[DEBUG] (N) Succ Inst : %lpad.val = insertvalue { i8*, i32 } undef, i8* %exn, 0, !psr.id !65 | ID: 61
[DEBUG] Flow function fetched from cache
[DEBUG] Normal edge function factory call
[DEBUG] (N) Curr Inst : %sel = load i32, i32* %ehselector.slot, align 4, !psr.id !64 | ID: 60
[DEBUG] (D) Curr Node : i8** %argv | ID: main.1
[DEBUG] (N) Succ Inst : %lpad.val = insertvalue { i8*, i32 } undef, i8* %exn, 0, !psr.id !65 | ID: 61
[DEBUG] (D) Succ Node : i8** %argv | ID: main.1
[DEBUG] Edge function constructed
[DEBUG] Provide Edge Function: psr::EdgeIdentity<psr::BinaryDomain>
[DEBUG] Queried Normal Edge Function: psr::EdgeIdentity<psr::BinaryDomain>
[DEBUG] Compose: psr::EdgeIdentity<psr::BinaryDomain> * psr::EdgeIdentity<psr::BinaryDomain> = psr::EdgeIdentity<psr::BinaryDomain>
[DEBUG] Propagate flow
[DEBUG] Source value  : i8** %argv | ID: main.1
[DEBUG] Target        : %lpad.val = insertvalue { i8*, i32 } undef, i8* %exn, 0, !psr.id !65 | ID: 61
[DEBUG] Target value  : i8** %argv | ID: main.1
[DEBUG] Edge function : psr::EdgeIdentity<psr::BinaryDomain> (result of previous compose)
[DEBUG] Join: psr::AllTop<psr::BinaryDomain> & psr::EdgeIdentity<psr::BinaryDomain> 
[DEBUG]     = psr::EdgeIdentity<psr::BinaryDomain> (new jump func)
[DEBUG]  
[DEBUG] Start adding new jump function
[DEBUG] Fact at source : i8** %argv | ID: main.1
[DEBUG] Fact at target : i8** %argv | ID: main.1
[DEBUG] Destination    : %lpad.val = insertvalue { i8*, i32 } undef, i8* %exn, 0, !psr.id !65 | ID: 61
[DEBUG] Edge Function  : psr::EdgeIdentity<psr::BinaryDomain>
[DEBUG] End adding new jump function
[DEBUG] -------------------------------------------- 72. Path Edge --------------------------------------------
[DEBUG]  
[DEBUG] Process 72. path edge:
[DEBUG] < D source: i8** %argv | ID: main.1 ;
[DEBUG]   N target: %lpad.val = insertvalue { i8*, i32 } undef, i8* %exn, 0, !psr.id !65 | ID: 61 ;
[DEBUG]   D target: i8** %argv | ID: main.1 >
[DEBUG]  
[DEBUG] Process normal at target: %lpad.val = insertvalue { i8*, i32 } undef, i8* %exn, 0, !psr.id !65 | ID: 61
[DEBUG] JumpFunctions Forward-Lookup:
[DEBUG]    Source D: i8** %argv | ID: main.1
[DEBUG]    Target N: %lpad.val = insertvalue { i8*, i32 } undef, i8* %exn, 0, !psr.id !65 | ID: 61
[DEBUG]    Target D: i8** %argv | ID: main.1
[DEBUG]   => EdgeFn: psr::EdgeIdentity<psr::BinaryDomain>
[DEBUG] Normal flow function factory call
[DEBUG] (N) Curr Inst : %lpad.val = insertvalue { i8*, i32 } undef, i8* %exn, 0, !psr.id !65 | ID: 61
[DEBUG] (N) Succ Inst : %lpad.val1 = insertvalue { i8*, i32 } %lpad.val, i32 %sel, 1, !psr.id !66 | ID: 62
[DEBUG] Flow function fetched from cache
[DEBUG] Normal edge function factory call
[DEBUG] (N) Curr Inst : %lpad.val = insertvalue { i8*, i32 } undef, i8* %exn, 0, !psr.id !65 | ID: 61
[DEBUG] (D) Curr Node : i8** %argv | ID: main.1
[DEBUG] (N) Succ Inst : %lpad.val1 = insertvalue { i8*, i32 } %lpad.val, i32 %sel, 1, !psr.id !66 | ID: 62
[DEBUG] (D) Succ Node : i8** %argv | ID: main.1
[DEBUG] Edge function constructed
[DEBUG] Provide Edge Function: psr::EdgeIdentity<psr::BinaryDomain>
[DEBUG] Queried Normal Edge Function: psr::EdgeIdentity<psr::BinaryDomain>
[DEBUG] Compose: psr::EdgeIdentity<psr::BinaryDomain> * psr::EdgeIdentity<psr::BinaryDomain> = psr::EdgeIdentity<psr::BinaryDomain>
[DEBUG] Propagate flow
[DEBUG] Source value  : i8** %argv | ID: main.1
[DEBUG] Target        : %lpad.val1 = insertvalue { i8*, i32 } %lpad.val, i32 %sel, 1, !psr.id !66 | ID: 62
[DEBUG] Target value  : i8** %argv | ID: main.1
[DEBUG] Edge function : psr::EdgeIdentity<psr::BinaryDomain> (result of previous compose)
[DEBUG] Join: psr::AllTop<psr::BinaryDomain> & psr::EdgeIdentity<psr::BinaryDomain> 
[DEBUG]     = psr::EdgeIdentity<psr::BinaryDomain> (new jump func)
[DEBUG]  
[DEBUG] Start adding new jump function
[DEBUG] Fact at source : i8** %argv | ID: main.1
[DEBUG] Fact at target : i8** %argv | ID: main.1
[DEBUG] Destination    : %lpad.val1 = insertvalue { i8*, i32 } %lpad.val, i32 %sel, 1, !psr.id !66 | ID: 62
[DEBUG] Edge Function  : psr::EdgeIdentity<psr::BinaryDomain>
[DEBUG] End adding new jump function
[DEBUG] -------------------------------------------- 73. Path Edge --------------------------------------------
[DEBUG]  
[DEBUG] Process 73. path edge:
[DEBUG] < D source: i8** %argv | ID: main.1 ;
[DEBUG]   N target: %lpad.val1 = insertvalue { i8*, i32 } %lpad.val, i32 %sel, 1, !psr.id !66 | ID: 62 ;
[DEBUG]   D target: i8** %argv | ID: main.1 >
[DEBUG]  
[DEBUG] Process normal at target: %lpad.val1 = insertvalue { i8*, i32 } %lpad.val, i32 %sel, 1, !psr.id !66 | ID: 62
[DEBUG] JumpFunctions Forward-Lookup:
[DEBUG]    Source D: i8** %argv | ID: main.1
[DEBUG]    Target N: %lpad.val1 = insertvalue { i8*, i32 } %lpad.val, i32 %sel, 1, !psr.id !66 | ID: 62
[DEBUG]    Target D: i8** %argv | ID: main.1
[DEBUG]   => EdgeFn: psr::EdgeIdentity<psr::BinaryDomain>
[DEBUG] Normal flow function factory call
[DEBUG] (N) Curr Inst : %lpad.val1 = insertvalue { i8*, i32 } %lpad.val, i32 %sel, 1, !psr.id !66 | ID: 62
[DEBUG] (N) Succ Inst : resume { i8*, i32 } %lpad.val1, !psr.id !67 | ID: 63
[DEBUG] Flow function fetched from cache
[DEBUG] Normal edge function factory call
[DEBUG] (N) Curr Inst : %lpad.val1 = insertvalue { i8*, i32 } %lpad.val, i32 %sel, 1, !psr.id !66 | ID: 62
[DEBUG] (D) Curr Node : i8** %argv | ID: main.1
[DEBUG] (N) Succ Inst : resume { i8*, i32 } %lpad.val1, !psr.id !67 | ID: 63
[DEBUG] (D) Succ Node : i8** %argv | ID: main.1
[DEBUG] Edge function constructed
[DEBUG] Provide Edge Function: psr::EdgeIdentity<psr::BinaryDomain>
[DEBUG] Queried Normal Edge Function: psr::EdgeIdentity<psr::BinaryDomain>
[DEBUG] Compose: psr::EdgeIdentity<psr::BinaryDomain> * psr::EdgeIdentity<psr::BinaryDomain> = psr::EdgeIdentity<psr::BinaryDomain>
[DEBUG] Propagate flow
[DEBUG] Source value  : i8** %argv | ID: main.1
[DEBUG] Target        : resume { i8*, i32 } %lpad.val1, !psr.id !67 | ID: 63
[DEBUG] Target value  : i8** %argv | ID: main.1
[DEBUG] Edge function : psr::EdgeIdentity<psr::BinaryDomain> (result of previous compose)
[DEBUG] Join: psr::AllTop<psr::BinaryDomain> & psr::EdgeIdentity<psr::BinaryDomain> 
[DEBUG]     = psr::EdgeIdentity<psr::BinaryDomain> (new jump func)
[DEBUG]  
[DEBUG] Start adding new jump function
[DEBUG] Fact at source : i8** %argv | ID: main.1
[DEBUG] Fact at target : i8** %argv | ID: main.1
[DEBUG] Destination    : resume { i8*, i32 } %lpad.val1, !psr.id !67 | ID: 63
[DEBUG] Edge Function  : psr::EdgeIdentity<psr::BinaryDomain>
[DEBUG] End adding new jump function
[DEBUG] -------------------------------------------- 74. Path Edge --------------------------------------------
[DEBUG]  
[DEBUG] Process 74. path edge:
[DEBUG] < D source: i8** %argv | ID: main.1 ;
[DEBUG]   N target: resume { i8*, i32 } %lpad.val1, !psr.id !67 | ID: 63 ;
[DEBUG]   D target: i8** %argv | ID: main.1 >
[DEBUG]  
[DEBUG] EDGE: <F: main, D: i8** %argv | ID: main.1>
[DEBUG]  ---> <N: resume { i8*, i32 } %lpad.val1, !psr.id !67 | ID: 63,
[DEBUG]        D: i8** %argv | ID: main.1,
[DEBUG]       EF: psr::EdgeIdentity<psr::BinaryDomain>>
[DEBUG]  
[DEBUG] EDGE: <F: main, D: i8** %argv | ID: main.1>
[DEBUG]  ---> <N: %lpad.val1 = insertvalue { i8*, i32 } %lpad.val, i32 %sel, 1, !psr.id !66 | ID: 62,
[DEBUG]        D: i8** %argv | ID: main.1,
[DEBUG]       EF: psr::EdgeIdentity<psr::BinaryDomain>>
[DEBUG]  
[DEBUG] EDGE: <F: main, D: i8** %argv | ID: main.1>
[DEBUG]  ---> <N: %lpad.val = insertvalue { i8*, i32 } undef, i8* %exn, 0, !psr.id !65 | ID: 61,
[DEBUG]        D: i8** %argv | ID: main.1,
[DEBUG]       EF: psr::EdgeIdentity<psr::BinaryDomain>>
[DEBUG]  
[DEBUG] EDGE: <F: main, D: i8** %argv | ID: main.1>
[DEBUG]  ---> <N: %sel = load i32, i32* %ehselector.slot, align 4, !psr.id !64 | ID: 60,
[DEBUG]        D: i8** %argv | ID: main.1,
[DEBUG]       EF: psr::EdgeIdentity<psr::BinaryDomain>>
[DEBUG]  
[DEBUG] EDGE: <F: main, D: i8** %argv | ID: main.1>
[DEBUG]  ---> <N: %exn = load i8*, i8** %exn.slot, align 8, !psr.id !63 | ID: 59,
[DEBUG]        D: i8** %argv | ID: main.1,
[DEBUG]       EF: psr::EdgeIdentity<psr::BinaryDomain>>
[DEBUG]  
[DEBUG] EDGE: <F: main, D: i8** %argv | ID: main.1>
[DEBUG]  ---> <N: br label %eh.resume, !psr.id !62 | ID: 58,
[DEBUG]        D: i8** %argv | ID: main.1,
[DEBUG]       EF: psr::EdgeIdentity<psr::BinaryDomain>>
[DEBUG]  
[DEBUG] EDGE: <F: main, D: i8** %argv | ID: main.1>
[DEBUG]  ---> <N: call void @_ZNSt7__cxx1112basic_stringIcSt11char_traitsIcESaIcEED1Ev(%"class.std::__cxx11::basic_string"* noundef nonnull align 8 dereferenceable(32) %conspicuous_x) #6, !psr.id !61 | ID: 57,
[DEBUG]        D: i8** %argv | ID: main.1,
[DEBUG]       EF: psr::EdgeIdentity<psr::BinaryDomain>>
[DEBUG]  
[DEBUG] EDGE: <F: main, D: i8** %argv | ID: main.1>
[DEBUG]  ---> <N: store i32 %2, i32* %ehselector.slot, align 4, !psr.id !60 | ID: 56,
[DEBUG]        D: i8** %argv | ID: main.1,
[DEBUG]       EF: psr::EdgeIdentity<psr::BinaryDomain>>
[DEBUG]  
[DEBUG] EDGE: <F: main, D: i8** %argv | ID: main.1>
[DEBUG]  ---> <N: %2 = extractvalue { i8*, i32 } %0, 1, !psr.id !59 | ID: 55,
[DEBUG]        D: i8** %argv | ID: main.1,
[DEBUG]       EF: psr::EdgeIdentity<psr::BinaryDomain>>
[DEBUG]  
[DEBUG] EDGE: <F: main, D: i8** %argv | ID: main.1>
[DEBUG]  ---> <N: store i8* %1, i8** %exn.slot, align 8, !psr.id !58 | ID: 54,
[DEBUG]        D: i8** %argv | ID: main.1,
[DEBUG]       EF: psr::EdgeIdentity<psr::BinaryDomain>>
[DEBUG]  
[DEBUG] EDGE: <F: main, D: i8** %argv | ID: main.1>
[DEBUG]  ---> <N: %1 = extractvalue { i8*, i32 } %0, 0, !psr.id !57 | ID: 53,
[DEBUG]        D: i8** %argv | ID: main.1,
[DEBUG]       EF: psr::EdgeIdentity<psr::BinaryDomain>>
[DEBUG]  
[DEBUG] EDGE: <F: main, D: i8** %argv | ID: main.1>
[DEBUG]  ---> <N: %0 = landingpad { i8*, i32 }
          cleanup, !psr.id !56 | ID: 52,
[DEBUG]        D: i8** %argv | ID: main.1,
[DEBUG]       EF: psr::EdgeIdentity<psr::BinaryDomain>>
[DEBUG]  
[DEBUG] EDGE: <F: main, D: i8** %argv | ID: main.1>
[DEBUG]  ---> <N: invoke void @_ZNSt7__cxx1112basic_stringIcSt11char_traitsIcESaIcEEC1ERKS4_(%"class.std::__cxx11::basic_string"* noundef nonnull align 8 dereferenceable(32) %agg.tmp, %"class.std::__cxx11::basic_string"* noundef nonnull align 8 dereferenceable(32) %conspicuous_x)
          to label %invoke.cont unwind label %lpad, !psr.id !51 | ID: 47,
[DEBUG]        D: i8** %argv | ID: main.1,
[DEBUG]       EF: psr::EdgeIdentity<psr::BinaryDomain>>
[DEBUG]  
[DEBUG] EDGE: <F: main, D: i8** %argv | ID: main.1>
[DEBUG]  ---> <N: call void @_Z11source_funcB5cxx11v(%"class.std::__cxx11::basic_string"* sret(%"class.std::__cxx11::basic_string") align 8 %conspicuous_x), !psr.id !50 | ID: 46,
[DEBUG]        D: i8** %argv | ID: main.1,
[DEBUG]       EF: psr::EdgeIdentity<psr::BinaryDomain>>
[DEBUG]  
[DEBUG] Normal edge function factory call
[DEBUG] (N) Curr Inst : store i8** %argv, i8*** %argv.addr, align 8, !psr.id !49 | ID: 45
[DEBUG] (D) Curr Node : i8** %argv | ID: main.1
[DEBUG] (N) Succ Inst : call void @_Z11source_funcB5cxx11v(%"class.std::__cxx11::basic_string"* sret(%"class.std::__cxx11::basic_string") align 8 %conspicuous_x), !psr.id !50 | ID: 46
[DEBUG] (D) Succ Node : %argv.addr = alloca i8**, align 8, !psr.id !43 | ID: 39
[DEBUG] Edge function constructed
[DEBUG] Provide Edge Function: psr::EdgeIdentity<psr::BinaryDomain>
[DEBUG] Queried Normal Edge Function: psr::EdgeIdentity<psr::BinaryDomain>
[DEBUG] Compose: psr::EdgeIdentity<psr::BinaryDomain> * psr::EdgeIdentity<psr::BinaryDomain> = psr::EdgeIdentity<psr::BinaryDomain>
[DEBUG] Propagate flow
[DEBUG] Source value  : i8** %argv | ID: main.1
[DEBUG] Target        : call void @_Z11source_funcB5cxx11v(%"class.std::__cxx11::basic_string"* sret(%"class.std::__cxx11::basic_string") align 8 %conspicuous_x), !psr.id !50 | ID: 46
[DEBUG] Target value  : %argv.addr = alloca i8**, align 8, !psr.id !43 | ID: 39
[DEBUG] Edge function : psr::EdgeIdentity<psr::BinaryDomain> (result of previous compose)
[DEBUG] Join: psr::AllTop<psr::BinaryDomain> & psr::EdgeIdentity<psr::BinaryDomain> 
[DEBUG]     = psr::EdgeIdentity<psr::BinaryDomain> (new jump func)
[DEBUG]  
[DEBUG] Start adding new jump function
[DEBUG] Fact at source : i8** %argv | ID: main.1
[DEBUG] Fact at target : %argv.addr = alloca i8**, align 8, !psr.id !43 | ID: 39
[DEBUG] Destination    : call void @_Z11source_funcB5cxx11v(%"class.std::__cxx11::basic_string"* sret(%"class.std::__cxx11::basic_string") align 8 %conspicuous_x), !psr.id !50 | ID: 46
[DEBUG] Edge Function  : psr::EdgeIdentity<psr::BinaryDomain>
[DEBUG] End adding new jump function
[DEBUG] -------------------------------------------- 75. Path Edge --------------------------------------------
[DEBUG]  
[DEBUG] Process 75. path edge:
[DEBUG] < D source: i8** %argv | ID: main.1 ;
[DEBUG]   N target: call void @_Z11source_funcB5cxx11v(%"class.std::__cxx11::basic_string"* sret(%"class.std::__cxx11::basic_string") align 8 %conspicuous_x), !psr.id !50 | ID: 46 ;
[DEBUG]   D target: %argv.addr = alloca i8**, align 8, !psr.id !43 | ID: 39 >
[DEBUG]  
[DEBUG] Process call at target: call void @_Z11source_funcB5cxx11v(%"class.std::__cxx11::basic_string"* sret(%"class.std::__cxx11::basic_string") align 8 %conspicuous_x), !psr.id !50 | ID: 46
[DEBUG] JumpFunctions Forward-Lookup:
[DEBUG]    Source D: i8** %argv | ID: main.1
[DEBUG]    Target N: call void @_Z11source_funcB5cxx11v(%"class.std::__cxx11::basic_string"* sret(%"class.std::__cxx11::basic_string") align 8 %conspicuous_x), !psr.id !50 | ID: 46
[DEBUG]    Target D: %argv.addr = alloca i8**, align 8, !psr.id !43 | ID: 39
[DEBUG]   => EdgeFn: psr::EdgeIdentity<psr::BinaryDomain>
[DEBUG] Possible callees:
[DEBUG]   _Z11source_funcB5cxx11v
[DEBUG] Possible return sites:
[DEBUG]   invoke void @_ZNSt7__cxx1112basic_stringIcSt11char_traitsIcESaIcEEC1ERKS4_(%"class.std::__cxx11::basic_string"* noundef nonnull align 8 dereferenceable(32) %agg.tmp, %"class.std::__cxx11::basic_string"* noundef nonnull align 8 dereferenceable(32) %conspicuous_x)
          to label %invoke.cont unwind label %lpad, !psr.id !51 | ID: 47
[DEBUG] Summary flow function factory call
[DEBUG] (N) Call Stmt : call void @_Z11source_funcB5cxx11v(%"class.std::__cxx11::basic_string"* sret(%"class.std::__cxx11::basic_string") align 8 %conspicuous_x), !psr.id !50 | ID: 46
[DEBUG] (F) Dest Mthd : _Z11source_funcB5cxx11v
[DEBUG]  
[DEBUG] Call flow function factory call
[DEBUG] (N) Call Stmt : call void @_Z11source_funcB5cxx11v(%"class.std::__cxx11::basic_string"* sret(%"class.std::__cxx11::basic_string") align 8 %conspicuous_x), !psr.id !50 | ID: 46
[DEBUG] (F) Dest Fun : _Z11source_funcB5cxx11v
[DEBUG] Flow function fetched from cache
[DEBUG] Call-to-Return flow function factory call
[DEBUG] (N) Call Site : call void @_Z11source_funcB5cxx11v(%"class.std::__cxx11::basic_string"* sret(%"class.std::__cxx11::basic_string") align 8 %conspicuous_x), !psr.id !50 | ID: 46
[DEBUG] (N) Ret Site  : invoke void @_ZNSt7__cxx1112basic_stringIcSt11char_traitsIcESaIcEEC1ERKS4_(%"class.std::__cxx11::basic_string"* noundef nonnull align 8 dereferenceable(32) %agg.tmp, %"class.std::__cxx11::basic_string"* noundef nonnull align 8 dereferenceable(32) %conspicuous_x)
          to label %invoke.cont unwind label %lpad, !psr.id !51 | ID: 47
[DEBUG] (F) Callee's  : 
[DEBUG]   _Z11source_funcB5cxx11v
[DEBUG] Flow function fetched from cache
[DEBUG] Call-to-Return edge function factory call
[DEBUG] (N) Call Site : call void @_Z11source_funcB5cxx11v(%"class.std::__cxx11::basic_string"* sret(%"class.std::__cxx11::basic_string") align 8 %conspicuous_x), !psr.id !50 | ID: 46
[DEBUG] (D) Call Node : %argv.addr = alloca i8**, align 8, !psr.id !43 | ID: 39
[DEBUG] (N) Ret Site  : invoke void @_ZNSt7__cxx1112basic_stringIcSt11char_traitsIcESaIcEEC1ERKS4_(%"class.std::__cxx11::basic_string"* noundef nonnull align 8 dereferenceable(32) %agg.tmp, %"class.std::__cxx11::basic_string"* noundef nonnull align 8 dereferenceable(32) %conspicuous_x)
          to label %invoke.cont unwind label %lpad, !psr.id !51 | ID: 47
[DEBUG] (D) Ret Node  : %argv.addr = alloca i8**, align 8, !psr.id !43 | ID: 39
[DEBUG] (F) Callee's  : 
[DEBUG]   _Z11source_funcB5cxx11v
[DEBUG] Edge function constructed
[DEBUG] Provide Edge Function: psr::EdgeIdentity<psr::BinaryDomain>
[DEBUG] Queried Call-to-Return Edge Function: psr::EdgeIdentity<psr::BinaryDomain>
[DEBUG] Compose: psr::EdgeIdentity<psr::BinaryDomain> * psr::EdgeIdentity<psr::BinaryDomain> = psr::EdgeIdentity<psr::BinaryDomain>
[DEBUG] Propagate flow
[DEBUG] Source value  : i8** %argv | ID: main.1
[DEBUG] Target        : invoke void @_ZNSt7__cxx1112basic_stringIcSt11char_traitsIcESaIcEEC1ERKS4_(%"class.std::__cxx11::basic_string"* noundef nonnull align 8 dereferenceable(32) %agg.tmp, %"class.std::__cxx11::basic_string"* noundef nonnull align 8 dereferenceable(32) %conspicuous_x)
          to label %invoke.cont unwind label %lpad, !psr.id !51 | ID: 47
[DEBUG] Target value  : %argv.addr = alloca i8**, align 8, !psr.id !43 | ID: 39
[DEBUG] Edge function : psr::EdgeIdentity<psr::BinaryDomain> (result of previous compose)
[DEBUG] Join: psr::AllTop<psr::BinaryDomain> & psr::EdgeIdentity<psr::BinaryDomain> 
[DEBUG]     = psr::EdgeIdentity<psr::BinaryDomain> (new jump func)
[DEBUG]  
[DEBUG] Start adding new jump function
[DEBUG] Fact at source : i8** %argv | ID: main.1
[DEBUG] Fact at target : %argv.addr = alloca i8**, align 8, !psr.id !43 | ID: 39
[DEBUG] Destination    : invoke void @_ZNSt7__cxx1112basic_stringIcSt11char_traitsIcESaIcEEC1ERKS4_(%"class.std::__cxx11::basic_string"* noundef nonnull align 8 dereferenceable(32) %agg.tmp, %"class.std::__cxx11::basic_string"* noundef nonnull align 8 dereferenceable(32) %conspicuous_x)
          to label %invoke.cont unwind label %lpad, !psr.id !51 | ID: 47
[DEBUG] Edge Function  : psr::EdgeIdentity<psr::BinaryDomain>
[DEBUG] End adding new jump function
[DEBUG] -------------------------------------------- 76. Path Edge --------------------------------------------
[DEBUG]  
[DEBUG] Process 76. path edge:
[DEBUG] < D source: i8** %argv | ID: main.1 ;
[DEBUG]   N target: invoke void @_ZNSt7__cxx1112basic_stringIcSt11char_traitsIcESaIcEEC1ERKS4_(%"class.std::__cxx11::basic_string"* noundef nonnull align 8 dereferenceable(32) %agg.tmp, %"class.std::__cxx11::basic_string"* noundef nonnull align 8 dereferenceable(32) %conspicuous_x)
          to label %invoke.cont unwind label %lpad, !psr.id !51 | ID: 47 ;
[DEBUG]   D target: %argv.addr = alloca i8**, align 8, !psr.id !43 | ID: 39 >
[DEBUG]  
[DEBUG] Process call at target: invoke void @_ZNSt7__cxx1112basic_stringIcSt11char_traitsIcESaIcEEC1ERKS4_(%"class.std::__cxx11::basic_string"* noundef nonnull align 8 dereferenceable(32) %agg.tmp, %"class.std::__cxx11::basic_string"* noundef nonnull align 8 dereferenceable(32) %conspicuous_x)
          to label %invoke.cont unwind label %lpad, !psr.id !51 | ID: 47
[DEBUG] JumpFunctions Forward-Lookup:
[DEBUG]    Source D: i8** %argv | ID: main.1
[DEBUG]    Target N: invoke void @_ZNSt7__cxx1112basic_stringIcSt11char_traitsIcESaIcEEC1ERKS4_(%"class.std::__cxx11::basic_string"* noundef nonnull align 8 dereferenceable(32) %agg.tmp, %"class.std::__cxx11::basic_string"* noundef nonnull align 8 dereferenceable(32) %conspicuous_x)
          to label %invoke.cont unwind label %lpad, !psr.id !51 | ID: 47
[DEBUG]    Target D: %argv.addr = alloca i8**, align 8, !psr.id !43 | ID: 39
[DEBUG]   => EdgeFn: psr::EdgeIdentity<psr::BinaryDomain>
[DEBUG] Possible callees:
[DEBUG]   _ZNSt7__cxx1112basic_stringIcSt11char_traitsIcESaIcEEC1ERKS4_
[DEBUG] Possible return sites:
[DEBUG]   call void @_Z9sink_funcNSt7__cxx1112basic_stringIcSt11char_traitsIcESaIcEEE(%"class.std::__cxx11::basic_string"* noundef %agg.tmp), !psr.id !52 | ID: 48
[DEBUG]   %0 = landingpad { i8*, i32 }
          cleanup, !psr.id !56 | ID: 52
[DEBUG] Summary flow function factory call
[DEBUG] (N) Call Stmt : invoke void @_ZNSt7__cxx1112basic_stringIcSt11char_traitsIcESaIcEEC1ERKS4_(%"class.std::__cxx11::basic_string"* noundef nonnull align 8 dereferenceable(32) %agg.tmp, %"class.std::__cxx11::basic_string"* noundef nonnull align 8 dereferenceable(32) %conspicuous_x)
          to label %invoke.cont unwind label %lpad, !psr.id !51 | ID: 47
[DEBUG] (F) Dest Mthd : _ZNSt7__cxx1112basic_stringIcSt11char_traitsIcESaIcEEC1ERKS4_
[DEBUG]  
[DEBUG] Call flow function factory call
[DEBUG] (N) Call Stmt : invoke void @_ZNSt7__cxx1112basic_stringIcSt11char_traitsIcESaIcEEC1ERKS4_(%"class.std::__cxx11::basic_string"* noundef nonnull align 8 dereferenceable(32) %agg.tmp, %"class.std::__cxx11::basic_string"* noundef nonnull align 8 dereferenceable(32) %conspicuous_x)
          to label %invoke.cont unwind label %lpad, !psr.id !51 | ID: 47
[DEBUG] (F) Dest Fun : _ZNSt7__cxx1112basic_stringIcSt11char_traitsIcESaIcEEC1ERKS4_
[DEBUG] Flow function fetched from cache
[DEBUG] Start points of '_ZNSt7__cxx1112basic_stringIcSt11char_traitsIcESaIcEEC1ERKS4_' currently not available!
[DEBUG] Call-to-Return flow function factory call
[DEBUG] (N) Call Site : invoke void @_ZNSt7__cxx1112basic_stringIcSt11char_traitsIcESaIcEEC1ERKS4_(%"class.std::__cxx11::basic_string"* noundef nonnull align 8 dereferenceable(32) %agg.tmp, %"class.std::__cxx11::basic_string"* noundef nonnull align 8 dereferenceable(32) %conspicuous_x)
          to label %invoke.cont unwind label %lpad, !psr.id !51 | ID: 47
[DEBUG] (N) Ret Site  : call void @_Z9sink_funcNSt7__cxx1112basic_stringIcSt11char_traitsIcESaIcEEE(%"class.std::__cxx11::basic_string"* noundef %agg.tmp), !psr.id !52 | ID: 48
[DEBUG] (F) Callee's  : 
[DEBUG]   _ZNSt7__cxx1112basic_stringIcSt11char_traitsIcESaIcEEC1ERKS4_
[DEBUG] Flow function fetched from cache
[DEBUG] Call-to-Return edge function factory call
[DEBUG] (N) Call Site : invoke void @_ZNSt7__cxx1112basic_stringIcSt11char_traitsIcESaIcEEC1ERKS4_(%"class.std::__cxx11::basic_string"* noundef nonnull align 8 dereferenceable(32) %agg.tmp, %"class.std::__cxx11::basic_string"* noundef nonnull align 8 dereferenceable(32) %conspicuous_x)
          to label %invoke.cont unwind label %lpad, !psr.id !51 | ID: 47
[DEBUG] (D) Call Node : %argv.addr = alloca i8**, align 8, !psr.id !43 | ID: 39
[DEBUG] (N) Ret Site  : call void @_Z9sink_funcNSt7__cxx1112basic_stringIcSt11char_traitsIcESaIcEEE(%"class.std::__cxx11::basic_string"* noundef %agg.tmp), !psr.id !52 | ID: 48
[DEBUG] (D) Ret Node  : %argv.addr = alloca i8**, align 8, !psr.id !43 | ID: 39
[DEBUG] (F) Callee's  : 
[DEBUG]   _ZNSt7__cxx1112basic_stringIcSt11char_traitsIcESaIcEEC1ERKS4_
[DEBUG] Edge function constructed
[DEBUG] Provide Edge Function: psr::EdgeIdentity<psr::BinaryDomain>
[DEBUG] Queried Call-to-Return Edge Function: psr::EdgeIdentity<psr::BinaryDomain>
[DEBUG] Compose: psr::EdgeIdentity<psr::BinaryDomain> * psr::EdgeIdentity<psr::BinaryDomain> = psr::EdgeIdentity<psr::BinaryDomain>
[DEBUG] Propagate flow
[DEBUG] Source value  : i8** %argv | ID: main.1
[DEBUG] Target        : call void @_Z9sink_funcNSt7__cxx1112basic_stringIcSt11char_traitsIcESaIcEEE(%"class.std::__cxx11::basic_string"* noundef %agg.tmp), !psr.id !52 | ID: 48
[DEBUG] Target value  : %argv.addr = alloca i8**, align 8, !psr.id !43 | ID: 39
[DEBUG] Edge function : psr::EdgeIdentity<psr::BinaryDomain> (result of previous compose)
[DEBUG] Join: psr::AllTop<psr::BinaryDomain> & psr::EdgeIdentity<psr::BinaryDomain> 
[DEBUG]     = psr::EdgeIdentity<psr::BinaryDomain> (new jump func)
[DEBUG]  
[DEBUG] Start adding new jump function
[DEBUG] Fact at source : i8** %argv | ID: main.1
[DEBUG] Fact at target : %argv.addr = alloca i8**, align 8, !psr.id !43 | ID: 39
[DEBUG] Destination    : call void @_Z9sink_funcNSt7__cxx1112basic_stringIcSt11char_traitsIcESaIcEEE(%"class.std::__cxx11::basic_string"* noundef %agg.tmp), !psr.id !52 | ID: 48
[DEBUG] Edge Function  : psr::EdgeIdentity<psr::BinaryDomain>
[DEBUG] End adding new jump function
[DEBUG] -------------------------------------------- 77. Path Edge --------------------------------------------
[DEBUG]  
[DEBUG] Process 77. path edge:
[DEBUG] < D source: i8** %argv | ID: main.1 ;
[DEBUG]   N target: call void @_Z9sink_funcNSt7__cxx1112basic_stringIcSt11char_traitsIcESaIcEEE(%"class.std::__cxx11::basic_string"* noundef %agg.tmp), !psr.id !52 | ID: 48 ;
[DEBUG]   D target: %argv.addr = alloca i8**, align 8, !psr.id !43 | ID: 39 >
[DEBUG]  
[DEBUG] Process call at target: call void @_Z9sink_funcNSt7__cxx1112basic_stringIcSt11char_traitsIcESaIcEEE(%"class.std::__cxx11::basic_string"* noundef %agg.tmp), !psr.id !52 | ID: 48
[DEBUG] JumpFunctions Forward-Lookup:
[DEBUG]    Source D: i8** %argv | ID: main.1
[DEBUG]    Target N: call void @_Z9sink_funcNSt7__cxx1112basic_stringIcSt11char_traitsIcESaIcEEE(%"class.std::__cxx11::basic_string"* noundef %agg.tmp), !psr.id !52 | ID: 48
[DEBUG]    Target D: %argv.addr = alloca i8**, align 8, !psr.id !43 | ID: 39
[DEBUG]   => EdgeFn: psr::EdgeIdentity<psr::BinaryDomain>
[DEBUG] Possible callees:
[DEBUG]   _Z9sink_funcNSt7__cxx1112basic_stringIcSt11char_traitsIcESaIcEEE
[DEBUG] Possible return sites:
[DEBUG]   call void @_ZNSt7__cxx1112basic_stringIcSt11char_traitsIcESaIcEED1Ev(%"class.std::__cxx11::basic_string"* noundef nonnull align 8 dereferenceable(32) %agg.tmp) #6, !psr.id !53 | ID: 49
[DEBUG] Summary flow function factory call
[DEBUG] (N) Call Stmt : call void @_Z9sink_funcNSt7__cxx1112basic_stringIcSt11char_traitsIcESaIcEEE(%"class.std::__cxx11::basic_string"* noundef %agg.tmp), !psr.id !52 | ID: 48
[DEBUG] (F) Dest Mthd : _Z9sink_funcNSt7__cxx1112basic_stringIcSt11char_traitsIcESaIcEEE
[DEBUG]  
[DEBUG] Call flow function factory call
[DEBUG] (N) Call Stmt : call void @_Z9sink_funcNSt7__cxx1112basic_stringIcSt11char_traitsIcESaIcEEE(%"class.std::__cxx11::basic_string"* noundef %agg.tmp), !psr.id !52 | ID: 48
[DEBUG] (F) Dest Fun : _Z9sink_funcNSt7__cxx1112basic_stringIcSt11char_traitsIcESaIcEEE
[DEBUG] Flow function fetched from cache
[DEBUG] Create initial self-loop with D: %argv.addr = alloca i8**, align 8, !psr.id !43 | ID: 39
[DEBUG] Propagate flow
[DEBUG] Source value  : %argv.addr = alloca i8**, align 8, !psr.id !43 | ID: 39
[DEBUG] Target        : ret void, !psr.id !41 | ID: 37
[DEBUG] Target value  : %argv.addr = alloca i8**, align 8, !psr.id !43 | ID: 39
[DEBUG] Edge function : psr::EdgeIdentity<psr::BinaryDomain> (result of previous compose)
[DEBUG] Join: psr::AllTop<psr::BinaryDomain> & psr::EdgeIdentity<psr::BinaryDomain> 
[DEBUG]     = psr::EdgeIdentity<psr::BinaryDomain> (new jump func)
[DEBUG]  
[DEBUG] Start adding new jump function
[DEBUG] Fact at source : %argv.addr = alloca i8**, align 8, !psr.id !43 | ID: 39
[DEBUG] Fact at target : %argv.addr = alloca i8**, align 8, !psr.id !43 | ID: 39
[DEBUG] Destination    : ret void, !psr.id !41 | ID: 37
[DEBUG] Edge Function  : psr::EdgeIdentity<psr::BinaryDomain>
[DEBUG] End adding new jump function
[DEBUG] -------------------------------------------- 78. Path Edge --------------------------------------------
[DEBUG]  
[DEBUG] Process 78. path edge:
[DEBUG] < D source: %argv.addr = alloca i8**, align 8, !psr.id !43 | ID: 39 ;
[DEBUG]   N target: ret void, !psr.id !41 | ID: 37 ;
[DEBUG]   D target: %argv.addr = alloca i8**, align 8, !psr.id !43 | ID: 39 >
[DEBUG]  
[DEBUG] Process exit at target: ret void, !psr.id !41 | ID: 37
[DEBUG] JumpFunctions Forward-Lookup:
[DEBUG]    Source D: %argv.addr = alloca i8**, align 8, !psr.id !43 | ID: 39
[DEBUG]    Target N: ret void, !psr.id !41 | ID: 37
[DEBUG]    Target D: %argv.addr = alloca i8**, align 8, !psr.id !43 | ID: 39
[DEBUG]   => EdgeFn: psr::EdgeIdentity<psr::BinaryDomain>
[DEBUG] Start of endsummarytab entry
[DEBUG] sP: %argc.addr = alloca i32, align 4, !psr.id !42 | ID: 38
[DEBUG] d1: i8** %argv | ID: main.1
[DEBUG]   eP: ret i32 0, !psr.id !55 | ID: 51
[DEBUG]   d2: i8** %argv | ID: main.1
[DEBUG]   EF: psr::EdgeIdentity<psr::BinaryDomain>
[DEBUG] ---------------
[DEBUG] sP: %argc.addr = alloca i32, align 4, !psr.id !42 | ID: 38
[DEBUG] d1: i32 %argc | ID: main.0
[DEBUG]   eP: ret i32 0, !psr.id !55 | ID: 51
[DEBUG]   d2: %argc.addr = alloca i32, align 4, !psr.id !42 | ID: 38
[DEBUG]   EF: psr::EdgeIdentity<psr::BinaryDomain>
[DEBUG]   eP: ret i32 0, !psr.id !55 | ID: 51
[DEBUG]   d2: i32 %argc | ID: main.0
[DEBUG]   EF: psr::EdgeIdentity<psr::BinaryDomain>
[DEBUG] ---------------
[DEBUG] sP: ret void, !psr.id !41 | ID: 37
[DEBUG] d1: %argv.addr = alloca i8**, align 8, !psr.id !43 | ID: 39
[DEBUG]   eP: ret void, !psr.id !41 | ID: 37
[DEBUG]   d2: %argv.addr = alloca i8**, align 8, !psr.id !43 | ID: 39
[DEBUG]   EF: psr::EdgeIdentity<psr::BinaryDomain>
[DEBUG] ---------------
[DEBUG] sP: ret void, !psr.id !41 | ID: 37
[DEBUG] d1: i8** %argv | ID: main.1
[DEBUG]   eP: ret void, !psr.id !41 | ID: 37
[DEBUG]   d2: i8** %argv | ID: main.1
[DEBUG]   EF: psr::EdgeIdentity<psr::BinaryDomain>
[DEBUG] ---------------
[DEBUG] sP: ret void, !psr.id !41 | ID: 37
[DEBUG] d1: %argc.addr = alloca i32, align 4, !psr.id !42 | ID: 38
[DEBUG]   eP: ret void, !psr.id !41 | ID: 37
[DEBUG]   d2: %argc.addr = alloca i32, align 4, !psr.id !42 | ID: 38
[DEBUG]   EF: psr::EdgeIdentity<psr::BinaryDomain>
[DEBUG] ---------------
[DEBUG] sP: ret void, !psr.id !41 | ID: 37
[DEBUG] d1: i32 %argc | ID: main.0
[DEBUG]   eP: ret void, !psr.id !41 | ID: 37
[DEBUG]   d2: i32 %argc | ID: main.0
[DEBUG]   EF: psr::EdgeIdentity<psr::BinaryDomain>
[DEBUG] ---------------
[DEBUG] End of endsummarytab entry
[DEBUG] Start of incomingtab entry
[DEBUG] sP: ret void, !psr.id !41 | ID: 37
[DEBUG] d3: i32 %argc | ID: main.0
[DEBUG]   n: call void @_Z9sink_funcNSt7__cxx1112basic_stringIcSt11char_traitsIcESaIcEEE(%"class.std::__cxx11::basic_string"* noundef %agg.tmp), !psr.id !52 | ID: 48
[DEBUG]   d2: i32 %argc | ID: main.0
[DEBUG] ---------------
[DEBUG] sP: ret void, !psr.id !41 | ID: 37
[DEBUG] d3: i8** %argv | ID: main.1
[DEBUG]   n: call void @_Z9sink_funcNSt7__cxx1112basic_stringIcSt11char_traitsIcESaIcEEE(%"class.std::__cxx11::basic_string"* noundef %agg.tmp), !psr.id !52 | ID: 48
[DEBUG]   d2: i8** %argv | ID: main.1
[DEBUG] ---------------
[DEBUG] sP: ret void, !psr.id !41 | ID: 37
[DEBUG] d3: %argc.addr = alloca i32, align 4, !psr.id !42 | ID: 38
[DEBUG]   n: call void @_Z9sink_funcNSt7__cxx1112basic_stringIcSt11char_traitsIcESaIcEEE(%"class.std::__cxx11::basic_string"* noundef %agg.tmp), !psr.id !52 | ID: 48
[DEBUG]   d2: %argc.addr = alloca i32, align 4, !psr.id !42 | ID: 38
[DEBUG] ---------------
[DEBUG] sP: ret void, !psr.id !41 | ID: 37
[DEBUG] d3: %argv.addr = alloca i8**, align 8, !psr.id !43 | ID: 39
[DEBUG] ---------------
[DEBUG] sP: %argc.addr = alloca i32, align 4, !psr.id !42 | ID: 38
[DEBUG] d3: i32 %argc | ID: main.0
[DEBUG] ---------------
[DEBUG] sP: %argc.addr = alloca i32, align 4, !psr.id !42 | ID: 38
[DEBUG] d3: i8** %argv | ID: main.1
[DEBUG] ---------------
[DEBUG] End of incomingtab entry
[DEBUG] EDGE: <F: _Z9sink_funcNSt7__cxx1112basic_stringIcSt11char_traitsIcESaIcEEE, D: %argv.addr = alloca i8**, align 8, !psr.id !43 | ID: 39>
[DEBUG]  ---> <N: ret void, !psr.id !41 | ID: 37,
[DEBUG]        D: %argv.addr = alloca i8**, align 8, !psr.id !43 | ID: 39,
[DEBUG]       EF: psr::EdgeIdentity<psr::BinaryDomain>>
[DEBUG]  
[DEBUG] Return flow function factory call
[DEBUG] (N) Call Site : call void @_Z9sink_funcNSt7__cxx1112basic_stringIcSt11char_traitsIcESaIcEEE(%"class.std::__cxx11::basic_string"* noundef %agg.tmp), !psr.id !52 | ID: 48
[DEBUG] (F) Callee    : _Z9sink_funcNSt7__cxx1112basic_stringIcSt11char_traitsIcESaIcEEE
[DEBUG] (N) Exit Stmt : ret void, !psr.id !41 | ID: 37
[DEBUG] (N) Ret Site  : call void @_ZNSt7__cxx1112basic_stringIcSt11char_traitsIcESaIcEED1Ev(%"class.std::__cxx11::basic_string"* noundef nonnull align 8 dereferenceable(32) %agg.tmp) #6, !psr.id !53 | ID: 49
[DEBUG] Flow function fetched from cache
[DEBUG] Call-to-Return flow function factory call
[DEBUG] (N) Call Site : call void @_Z9sink_funcNSt7__cxx1112basic_stringIcSt11char_traitsIcESaIcEEE(%"class.std::__cxx11::basic_string"* noundef %agg.tmp), !psr.id !52 | ID: 48
[DEBUG] (N) Ret Site  : call void @_ZNSt7__cxx1112basic_stringIcSt11char_traitsIcESaIcEED1Ev(%"class.std::__cxx11::basic_string"* noundef nonnull align 8 dereferenceable(32) %agg.tmp) #6, !psr.id !53 | ID: 49
[DEBUG] (F) Callee's  : 
[DEBUG]   _Z9sink_funcNSt7__cxx1112basic_stringIcSt11char_traitsIcESaIcEEE
[DEBUG] Flow function fetched from cache
[DEBUG] Call-to-Return edge function factory call
[DEBUG] (N) Call Site : call void @_Z9sink_funcNSt7__cxx1112basic_stringIcSt11char_traitsIcESaIcEEE(%"class.std::__cxx11::basic_string"* noundef %agg.tmp), !psr.id !52 | ID: 48
[DEBUG] (D) Call Node : %argv.addr = alloca i8**, align 8, !psr.id !43 | ID: 39
[DEBUG] (N) Ret Site  : call void @_ZNSt7__cxx1112basic_stringIcSt11char_traitsIcESaIcEED1Ev(%"class.std::__cxx11::basic_string"* noundef nonnull align 8 dereferenceable(32) %agg.tmp) #6, !psr.id !53 | ID: 49
[DEBUG] (D) Ret Node  : %argv.addr = alloca i8**, align 8, !psr.id !43 | ID: 39
[DEBUG] (F) Callee's  : 
[DEBUG]   _Z9sink_funcNSt7__cxx1112basic_stringIcSt11char_traitsIcESaIcEEE
[DEBUG] Edge function constructed
[DEBUG] Provide Edge Function: psr::EdgeIdentity<psr::BinaryDomain>
[DEBUG] Queried Call-to-Return Edge Function: psr::EdgeIdentity<psr::BinaryDomain>
[DEBUG] Compose: psr::EdgeIdentity<psr::BinaryDomain> * psr::EdgeIdentity<psr::BinaryDomain> = psr::EdgeIdentity<psr::BinaryDomain>
[DEBUG] Propagate flow
[DEBUG] Source value  : i8** %argv | ID: main.1
[DEBUG] Target        : call void @_ZNSt7__cxx1112basic_stringIcSt11char_traitsIcESaIcEED1Ev(%"class.std::__cxx11::basic_string"* noundef nonnull align 8 dereferenceable(32) %agg.tmp) #6, !psr.id !53 | ID: 49
[DEBUG] Target value  : %argv.addr = alloca i8**, align 8, !psr.id !43 | ID: 39
[DEBUG] Edge function : psr::EdgeIdentity<psr::BinaryDomain> (result of previous compose)
[DEBUG] Join: psr::AllTop<psr::BinaryDomain> & psr::EdgeIdentity<psr::BinaryDomain> 
[DEBUG]     = psr::EdgeIdentity<psr::BinaryDomain> (new jump func)
[DEBUG]  
[DEBUG] Start adding new jump function
[DEBUG] Fact at source : i8** %argv | ID: main.1
[DEBUG] Fact at target : %argv.addr = alloca i8**, align 8, !psr.id !43 | ID: 39
[DEBUG] Destination    : call void @_ZNSt7__cxx1112basic_stringIcSt11char_traitsIcESaIcEED1Ev(%"class.std::__cxx11::basic_string"* noundef nonnull align 8 dereferenceable(32) %agg.tmp) #6, !psr.id !53 | ID: 49
[DEBUG] Edge Function  : psr::EdgeIdentity<psr::BinaryDomain>
[DEBUG] End adding new jump function
[DEBUG] -------------------------------------------- 79. Path Edge --------------------------------------------
[DEBUG]  
[DEBUG] Process 79. path edge:
[DEBUG] < D source: i8** %argv | ID: main.1 ;
[DEBUG]   N target: call void @_ZNSt7__cxx1112basic_stringIcSt11char_traitsIcESaIcEED1Ev(%"class.std::__cxx11::basic_string"* noundef nonnull align 8 dereferenceable(32) %agg.tmp) #6, !psr.id !53 | ID: 49 ;
[DEBUG]   D target: %argv.addr = alloca i8**, align 8, !psr.id !43 | ID: 39 >
[DEBUG]  
[DEBUG] Process call at target: call void @_ZNSt7__cxx1112basic_stringIcSt11char_traitsIcESaIcEED1Ev(%"class.std::__cxx11::basic_string"* noundef nonnull align 8 dereferenceable(32) %agg.tmp) #6, !psr.id !53 | ID: 49
[DEBUG] JumpFunctions Forward-Lookup:
[DEBUG]    Source D: i8** %argv | ID: main.1
[DEBUG]    Target N: call void @_ZNSt7__cxx1112basic_stringIcSt11char_traitsIcESaIcEED1Ev(%"class.std::__cxx11::basic_string"* noundef nonnull align 8 dereferenceable(32) %agg.tmp) #6, !psr.id !53 | ID: 49
[DEBUG]    Target D: %argv.addr = alloca i8**, align 8, !psr.id !43 | ID: 39
[DEBUG]   => EdgeFn: psr::EdgeIdentity<psr::BinaryDomain>
[DEBUG] Possible callees:
[DEBUG]   _ZNSt7__cxx1112basic_stringIcSt11char_traitsIcESaIcEED1Ev
[DEBUG] Possible return sites:
[DEBUG]   call void @_ZNSt7__cxx1112basic_stringIcSt11char_traitsIcESaIcEED1Ev(%"class.std::__cxx11::basic_string"* noundef nonnull align 8 dereferenceable(32) %conspicuous_x) #6, !psr.id !54 | ID: 50
[DEBUG] Summary flow function factory call
[DEBUG] (N) Call Stmt : call void @_ZNSt7__cxx1112basic_stringIcSt11char_traitsIcESaIcEED1Ev(%"class.std::__cxx11::basic_string"* noundef nonnull align 8 dereferenceable(32) %agg.tmp) #6, !psr.id !53 | ID: 49
[DEBUG] (F) Dest Mthd : _ZNSt7__cxx1112basic_stringIcSt11char_traitsIcESaIcEED1Ev
[DEBUG]  
[DEBUG] Call flow function factory call
[DEBUG] (N) Call Stmt : call void @_ZNSt7__cxx1112basic_stringIcSt11char_traitsIcESaIcEED1Ev(%"class.std::__cxx11::basic_string"* noundef nonnull align 8 dereferenceable(32) %agg.tmp) #6, !psr.id !53 | ID: 49
[DEBUG] (F) Dest Fun : _ZNSt7__cxx1112basic_stringIcSt11char_traitsIcESaIcEED1Ev
[DEBUG] Flow function fetched from cache
[DEBUG] Start points of '_ZNSt7__cxx1112basic_stringIcSt11char_traitsIcESaIcEED1Ev' currently not available!
[DEBUG] Call-to-Return flow function factory call
[DEBUG] (N) Call Site : call void @_ZNSt7__cxx1112basic_stringIcSt11char_traitsIcESaIcEED1Ev(%"class.std::__cxx11::basic_string"* noundef nonnull align 8 dereferenceable(32) %agg.tmp) #6, !psr.id !53 | ID: 49
[DEBUG] (N) Ret Site  : call void @_ZNSt7__cxx1112basic_stringIcSt11char_traitsIcESaIcEED1Ev(%"class.std::__cxx11::basic_string"* noundef nonnull align 8 dereferenceable(32) %conspicuous_x) #6, !psr.id !54 | ID: 50
[DEBUG] (F) Callee's  : 
[DEBUG]   _ZNSt7__cxx1112basic_stringIcSt11char_traitsIcESaIcEED1Ev
[DEBUG] Flow function fetched from cache
[DEBUG] Call-to-Return edge function factory call
[DEBUG] (N) Call Site : call void @_ZNSt7__cxx1112basic_stringIcSt11char_traitsIcESaIcEED1Ev(%"class.std::__cxx11::basic_string"* noundef nonnull align 8 dereferenceable(32) %agg.tmp) #6, !psr.id !53 | ID: 49
[DEBUG] (D) Call Node : %argv.addr = alloca i8**, align 8, !psr.id !43 | ID: 39
[DEBUG] (N) Ret Site  : call void @_ZNSt7__cxx1112basic_stringIcSt11char_traitsIcESaIcEED1Ev(%"class.std::__cxx11::basic_string"* noundef nonnull align 8 dereferenceable(32) %conspicuous_x) #6, !psr.id !54 | ID: 50
[DEBUG] (D) Ret Node  : %argv.addr = alloca i8**, align 8, !psr.id !43 | ID: 39
[DEBUG] (F) Callee's  : 
[DEBUG]   _ZNSt7__cxx1112basic_stringIcSt11char_traitsIcESaIcEED1Ev
[DEBUG] Edge function constructed
[DEBUG] Provide Edge Function: psr::EdgeIdentity<psr::BinaryDomain>
[DEBUG] Queried Call-to-Return Edge Function: psr::EdgeIdentity<psr::BinaryDomain>
[DEBUG] Compose: psr::EdgeIdentity<psr::BinaryDomain> * psr::EdgeIdentity<psr::BinaryDomain> = psr::EdgeIdentity<psr::BinaryDomain>
[DEBUG] Propagate flow
[DEBUG] Source value  : i8** %argv | ID: main.1
[DEBUG] Target        : call void @_ZNSt7__cxx1112basic_stringIcSt11char_traitsIcESaIcEED1Ev(%"class.std::__cxx11::basic_string"* noundef nonnull align 8 dereferenceable(32) %conspicuous_x) #6, !psr.id !54 | ID: 50
[DEBUG] Target value  : %argv.addr = alloca i8**, align 8, !psr.id !43 | ID: 39
[DEBUG] Edge function : psr::EdgeIdentity<psr::BinaryDomain> (result of previous compose)
[DEBUG] Join: psr::AllTop<psr::BinaryDomain> & psr::EdgeIdentity<psr::BinaryDomain> 
[DEBUG]     = psr::EdgeIdentity<psr::BinaryDomain> (new jump func)
[DEBUG]  
[DEBUG] Start adding new jump function
[DEBUG] Fact at source : i8** %argv | ID: main.1
[DEBUG] Fact at target : %argv.addr = alloca i8**, align 8, !psr.id !43 | ID: 39
[DEBUG] Destination    : call void @_ZNSt7__cxx1112basic_stringIcSt11char_traitsIcESaIcEED1Ev(%"class.std::__cxx11::basic_string"* noundef nonnull align 8 dereferenceable(32) %conspicuous_x) #6, !psr.id !54 | ID: 50
[DEBUG] Edge Function  : psr::EdgeIdentity<psr::BinaryDomain>
[DEBUG] End adding new jump function
[DEBUG] -------------------------------------------- 80. Path Edge --------------------------------------------
[DEBUG]  
[DEBUG] Process 80. path edge:
[DEBUG] < D source: i8** %argv | ID: main.1 ;
[DEBUG]   N target: call void @_ZNSt7__cxx1112basic_stringIcSt11char_traitsIcESaIcEED1Ev(%"class.std::__cxx11::basic_string"* noundef nonnull align 8 dereferenceable(32) %conspicuous_x) #6, !psr.id !54 | ID: 50 ;
[DEBUG]   D target: %argv.addr = alloca i8**, align 8, !psr.id !43 | ID: 39 >
[DEBUG]  
[DEBUG] Process call at target: call void @_ZNSt7__cxx1112basic_stringIcSt11char_traitsIcESaIcEED1Ev(%"class.std::__cxx11::basic_string"* noundef nonnull align 8 dereferenceable(32) %conspicuous_x) #6, !psr.id !54 | ID: 50
[DEBUG] JumpFunctions Forward-Lookup:
[DEBUG]    Source D: i8** %argv | ID: main.1
[DEBUG]    Target N: call void @_ZNSt7__cxx1112basic_stringIcSt11char_traitsIcESaIcEED1Ev(%"class.std::__cxx11::basic_string"* noundef nonnull align 8 dereferenceable(32) %conspicuous_x) #6, !psr.id !54 | ID: 50
[DEBUG]    Target D: %argv.addr = alloca i8**, align 8, !psr.id !43 | ID: 39
[DEBUG]   => EdgeFn: psr::EdgeIdentity<psr::BinaryDomain>
[DEBUG] Possible callees:
[DEBUG]   _ZNSt7__cxx1112basic_stringIcSt11char_traitsIcESaIcEED1Ev
[DEBUG] Possible return sites:
[DEBUG]   ret i32 0, !psr.id !55 | ID: 51
[DEBUG] Summary flow function factory call
[DEBUG] (N) Call Stmt : call void @_ZNSt7__cxx1112basic_stringIcSt11char_traitsIcESaIcEED1Ev(%"class.std::__cxx11::basic_string"* noundef nonnull align 8 dereferenceable(32) %conspicuous_x) #6, !psr.id !54 | ID: 50
[DEBUG] (F) Dest Mthd : _ZNSt7__cxx1112basic_stringIcSt11char_traitsIcESaIcEED1Ev
[DEBUG]  
[DEBUG] Call flow function factory call
[DEBUG] (N) Call Stmt : call void @_ZNSt7__cxx1112basic_stringIcSt11char_traitsIcESaIcEED1Ev(%"class.std::__cxx11::basic_string"* noundef nonnull align 8 dereferenceable(32) %conspicuous_x) #6, !psr.id !54 | ID: 50
[DEBUG] (F) Dest Fun : _ZNSt7__cxx1112basic_stringIcSt11char_traitsIcESaIcEED1Ev
[DEBUG] Flow function fetched from cache
[DEBUG] Start points of '_ZNSt7__cxx1112basic_stringIcSt11char_traitsIcESaIcEED1Ev' currently not available!
[DEBUG] Call-to-Return flow function factory call
[DEBUG] (N) Call Site : call void @_ZNSt7__cxx1112basic_stringIcSt11char_traitsIcESaIcEED1Ev(%"class.std::__cxx11::basic_string"* noundef nonnull align 8 dereferenceable(32) %conspicuous_x) #6, !psr.id !54 | ID: 50
[DEBUG] (N) Ret Site  : ret i32 0, !psr.id !55 | ID: 51
[DEBUG] (F) Callee's  : 
[DEBUG]   _ZNSt7__cxx1112basic_stringIcSt11char_traitsIcESaIcEED1Ev
[DEBUG] Flow function fetched from cache
[DEBUG] Call-to-Return edge function factory call
[DEBUG] (N) Call Site : call void @_ZNSt7__cxx1112basic_stringIcSt11char_traitsIcESaIcEED1Ev(%"class.std::__cxx11::basic_string"* noundef nonnull align 8 dereferenceable(32) %conspicuous_x) #6, !psr.id !54 | ID: 50
[DEBUG] (D) Call Node : %argv.addr = alloca i8**, align 8, !psr.id !43 | ID: 39
[DEBUG] (N) Ret Site  : ret i32 0, !psr.id !55 | ID: 51
[DEBUG] (D) Ret Node  : %argv.addr = alloca i8**, align 8, !psr.id !43 | ID: 39
[DEBUG] (F) Callee's  : 
[DEBUG]   _ZNSt7__cxx1112basic_stringIcSt11char_traitsIcESaIcEED1Ev
[DEBUG] Edge function constructed
[DEBUG] Provide Edge Function: psr::EdgeIdentity<psr::BinaryDomain>
[DEBUG] Queried Call-to-Return Edge Function: psr::EdgeIdentity<psr::BinaryDomain>
[DEBUG] Compose: psr::EdgeIdentity<psr::BinaryDomain> * psr::EdgeIdentity<psr::BinaryDomain> = psr::EdgeIdentity<psr::BinaryDomain>
[DEBUG] Propagate flow
[DEBUG] Source value  : i8** %argv | ID: main.1
[DEBUG] Target        : ret i32 0, !psr.id !55 | ID: 51
[DEBUG] Target value  : %argv.addr = alloca i8**, align 8, !psr.id !43 | ID: 39
[DEBUG] Edge function : psr::EdgeIdentity<psr::BinaryDomain> (result of previous compose)
[DEBUG] Join: psr::AllTop<psr::BinaryDomain> & psr::EdgeIdentity<psr::BinaryDomain> 
[DEBUG]     = psr::EdgeIdentity<psr::BinaryDomain> (new jump func)
[DEBUG]  
[DEBUG] Start adding new jump function
[DEBUG] Fact at source : i8** %argv | ID: main.1
[DEBUG] Fact at target : %argv.addr = alloca i8**, align 8, !psr.id !43 | ID: 39
[DEBUG] Destination    : ret i32 0, !psr.id !55 | ID: 51
[DEBUG] Edge Function  : psr::EdgeIdentity<psr::BinaryDomain>
[DEBUG] End adding new jump function
[DEBUG] -------------------------------------------- 81. Path Edge --------------------------------------------
[DEBUG]  
[DEBUG] Process 81. path edge:
[DEBUG] < D source: i8** %argv | ID: main.1 ;
[DEBUG]   N target: ret i32 0, !psr.id !55 | ID: 51 ;
[DEBUG]   D target: %argv.addr = alloca i8**, align 8, !psr.id !43 | ID: 39 >
[DEBUG]  
[DEBUG] Process exit at target: ret i32 0, !psr.id !55 | ID: 51
[DEBUG] JumpFunctions Forward-Lookup:
[DEBUG]    Source D: i8** %argv | ID: main.1
[DEBUG]    Target N: ret i32 0, !psr.id !55 | ID: 51
[DEBUG]    Target D: %argv.addr = alloca i8**, align 8, !psr.id !43 | ID: 39
[DEBUG]   => EdgeFn: psr::EdgeIdentity<psr::BinaryDomain>
[DEBUG] Start of endsummarytab entry
[DEBUG] sP: %argc.addr = alloca i32, align 4, !psr.id !42 | ID: 38
[DEBUG] d1: i8** %argv | ID: main.1
[DEBUG]   eP: ret i32 0, !psr.id !55 | ID: 51
[DEBUG]   d2: %argv.addr = alloca i8**, align 8, !psr.id !43 | ID: 39
[DEBUG]   EF: psr::EdgeIdentity<psr::BinaryDomain>
[DEBUG]   eP: ret i32 0, !psr.id !55 | ID: 51
[DEBUG]   d2: i8** %argv | ID: main.1
[DEBUG]   EF: psr::EdgeIdentity<psr::BinaryDomain>
[DEBUG] ---------------
[DEBUG] sP: %argc.addr = alloca i32, align 4, !psr.id !42 | ID: 38
[DEBUG] d1: i32 %argc | ID: main.0
[DEBUG]   eP: ret i32 0, !psr.id !55 | ID: 51
[DEBUG]   d2: %argc.addr = alloca i32, align 4, !psr.id !42 | ID: 38
[DEBUG]   EF: psr::EdgeIdentity<psr::BinaryDomain>
[DEBUG]   eP: ret i32 0, !psr.id !55 | ID: 51
[DEBUG]   d2: i32 %argc | ID: main.0
[DEBUG]   EF: psr::EdgeIdentity<psr::BinaryDomain>
[DEBUG] ---------------
[DEBUG] sP: ret void, !psr.id !41 | ID: 37
[DEBUG] d1: %argv.addr = alloca i8**, align 8, !psr.id !43 | ID: 39
[DEBUG]   eP: ret void, !psr.id !41 | ID: 37
[DEBUG]   d2: %argv.addr = alloca i8**, align 8, !psr.id !43 | ID: 39
[DEBUG]   EF: psr::EdgeIdentity<psr::BinaryDomain>
[DEBUG] ---------------
[DEBUG] sP: ret void, !psr.id !41 | ID: 37
[DEBUG] d1: i8** %argv | ID: main.1
[DEBUG]   eP: ret void, !psr.id !41 | ID: 37
[DEBUG]   d2: i8** %argv | ID: main.1
[DEBUG]   EF: psr::EdgeIdentity<psr::BinaryDomain>
[DEBUG] ---------------
[DEBUG] sP: ret void, !psr.id !41 | ID: 37
[DEBUG] d1: %argc.addr = alloca i32, align 4, !psr.id !42 | ID: 38
[DEBUG]   eP: ret void, !psr.id !41 | ID: 37
[DEBUG]   d2: %argc.addr = alloca i32, align 4, !psr.id !42 | ID: 38
[DEBUG]   EF: psr::EdgeIdentity<psr::BinaryDomain>
[DEBUG] ---------------
[DEBUG] sP: ret void, !psr.id !41 | ID: 37
[DEBUG] d1: i32 %argc | ID: main.0
[DEBUG]   eP: ret void, !psr.id !41 | ID: 37
[DEBUG]   d2: i32 %argc | ID: main.0
[DEBUG]   EF: psr::EdgeIdentity<psr::BinaryDomain>
[DEBUG] ---------------
[DEBUG] End of endsummarytab entry
[DEBUG] Start of incomingtab entry
[DEBUG] sP: ret void, !psr.id !41 | ID: 37
[DEBUG] d3: i32 %argc | ID: main.0
[DEBUG]   n: call void @_Z9sink_funcNSt7__cxx1112basic_stringIcSt11char_traitsIcESaIcEEE(%"class.std::__cxx11::basic_string"* noundef %agg.tmp), !psr.id !52 | ID: 48
[DEBUG]   d2: i32 %argc | ID: main.0
[DEBUG] ---------------
[DEBUG] sP: ret void, !psr.id !41 | ID: 37
[DEBUG] d3: i8** %argv | ID: main.1
[DEBUG]   n: call void @_Z9sink_funcNSt7__cxx1112basic_stringIcSt11char_traitsIcESaIcEEE(%"class.std::__cxx11::basic_string"* noundef %agg.tmp), !psr.id !52 | ID: 48
[DEBUG]   d2: i8** %argv | ID: main.1
[DEBUG] ---------------
[DEBUG] sP: ret void, !psr.id !41 | ID: 37
[DEBUG] d3: %argc.addr = alloca i32, align 4, !psr.id !42 | ID: 38
[DEBUG]   n: call void @_Z9sink_funcNSt7__cxx1112basic_stringIcSt11char_traitsIcESaIcEEE(%"class.std::__cxx11::basic_string"* noundef %agg.tmp), !psr.id !52 | ID: 48
[DEBUG]   d2: %argc.addr = alloca i32, align 4, !psr.id !42 | ID: 38
[DEBUG] ---------------
[DEBUG] sP: ret void, !psr.id !41 | ID: 37
[DEBUG] d3: %argv.addr = alloca i8**, align 8, !psr.id !43 | ID: 39
[DEBUG]   n: call void @_Z9sink_funcNSt7__cxx1112basic_stringIcSt11char_traitsIcESaIcEEE(%"class.std::__cxx11::basic_string"* noundef %agg.tmp), !psr.id !52 | ID: 48
[DEBUG]   d2: %argv.addr = alloca i8**, align 8, !psr.id !43 | ID: 39
[DEBUG] ---------------
[DEBUG] sP: %argc.addr = alloca i32, align 4, !psr.id !42 | ID: 38
[DEBUG] d3: i32 %argc | ID: main.0
[DEBUG] ---------------
[DEBUG] sP: %argc.addr = alloca i32, align 4, !psr.id !42 | ID: 38
[DEBUG] d3: i8** %argv | ID: main.1
[DEBUG] ---------------
[DEBUG] End of incomingtab entry
[DEBUG] EDGE: <F: main, D: i8** %argv | ID: main.1>
[DEBUG]  ---> <N: ret i32 0, !psr.id !55 | ID: 51,
[DEBUG]        D: %argv.addr = alloca i8**, align 8, !psr.id !43 | ID: 39,
[DEBUG]       EF: psr::EdgeIdentity<psr::BinaryDomain>>
[DEBUG]  
[DEBUG] EDGE: <F: main, D: i8** %argv | ID: main.1>
[DEBUG]  ---> <N: call void @_ZNSt7__cxx1112basic_stringIcSt11char_traitsIcESaIcEED1Ev(%"class.std::__cxx11::basic_string"* noundef nonnull align 8 dereferenceable(32) %conspicuous_x) #6, !psr.id !54 | ID: 50,
[DEBUG]        D: %argv.addr = alloca i8**, align 8, !psr.id !43 | ID: 39,
[DEBUG]       EF: psr::EdgeIdentity<psr::BinaryDomain>>
[DEBUG]  
[DEBUG] EDGE: <F: main, D: i8** %argv | ID: main.1>
[DEBUG]  ---> <N: call void @_ZNSt7__cxx1112basic_stringIcSt11char_traitsIcESaIcEED1Ev(%"class.std::__cxx11::basic_string"* noundef nonnull align 8 dereferenceable(32) %agg.tmp) #6, !psr.id !53 | ID: 49,
[DEBUG]        D: %argv.addr = alloca i8**, align 8, !psr.id !43 | ID: 39,
[DEBUG]       EF: psr::EdgeIdentity<psr::BinaryDomain>>
[DEBUG]  
[DEBUG] EDGE: <F: main, D: i8** %argv | ID: main.1>
[DEBUG]  ---> <N: call void @_Z9sink_funcNSt7__cxx1112basic_stringIcSt11char_traitsIcESaIcEEE(%"class.std::__cxx11::basic_string"* noundef %agg.tmp), !psr.id !52 | ID: 48,
[DEBUG]        D: %argv.addr = alloca i8**, align 8, !psr.id !43 | ID: 39,
[DEBUG]       EF: psr::EdgeIdentity<psr::BinaryDomain>>
[DEBUG]  
[DEBUG] Call-to-Return flow function factory call
[DEBUG] (N) Call Site : invoke void @_ZNSt7__cxx1112basic_stringIcSt11char_traitsIcESaIcEEC1ERKS4_(%"class.std::__cxx11::basic_string"* noundef nonnull align 8 dereferenceable(32) %agg.tmp, %"class.std::__cxx11::basic_string"* noundef nonnull align 8 dereferenceable(32) %conspicuous_x)
          to label %invoke.cont unwind label %lpad, !psr.id !51 | ID: 47
[DEBUG] (N) Ret Site  : %0 = landingpad { i8*, i32 }
          cleanup, !psr.id !56 | ID: 52
[DEBUG] (F) Callee's  : 
[DEBUG]   _ZNSt7__cxx1112basic_stringIcSt11char_traitsIcESaIcEEC1ERKS4_
[DEBUG] Flow function fetched from cache
[DEBUG] Call-to-Return edge function factory call
[DEBUG] (N) Call Site : invoke void @_ZNSt7__cxx1112basic_stringIcSt11char_traitsIcESaIcEEC1ERKS4_(%"class.std::__cxx11::basic_string"* noundef nonnull align 8 dereferenceable(32) %agg.tmp, %"class.std::__cxx11::basic_string"* noundef nonnull align 8 dereferenceable(32) %conspicuous_x)
          to label %invoke.cont unwind label %lpad, !psr.id !51 | ID: 47
[DEBUG] (D) Call Node : %argv.addr = alloca i8**, align 8, !psr.id !43 | ID: 39
[DEBUG] (N) Ret Site  : %0 = landingpad { i8*, i32 }
          cleanup, !psr.id !56 | ID: 52
[DEBUG] (D) Ret Node  : %argv.addr = alloca i8**, align 8, !psr.id !43 | ID: 39
[DEBUG] (F) Callee's  : 
[DEBUG]   _ZNSt7__cxx1112basic_stringIcSt11char_traitsIcESaIcEEC1ERKS4_
[DEBUG] Edge function constructed
[DEBUG] Provide Edge Function: psr::EdgeIdentity<psr::BinaryDomain>
[DEBUG] Queried Call-to-Return Edge Function: psr::EdgeIdentity<psr::BinaryDomain>
[DEBUG] Compose: psr::EdgeIdentity<psr::BinaryDomain> * psr::EdgeIdentity<psr::BinaryDomain> = psr::EdgeIdentity<psr::BinaryDomain>
[DEBUG] Propagate flow
[DEBUG] Source value  : i8** %argv | ID: main.1
[DEBUG] Target        : %0 = landingpad { i8*, i32 }
          cleanup, !psr.id !56 | ID: 52
[DEBUG] Target value  : %argv.addr = alloca i8**, align 8, !psr.id !43 | ID: 39
[DEBUG] Edge function : psr::EdgeIdentity<psr::BinaryDomain> (result of previous compose)
[DEBUG] Join: psr::AllTop<psr::BinaryDomain> & psr::EdgeIdentity<psr::BinaryDomain> 
[DEBUG]     = psr::EdgeIdentity<psr::BinaryDomain> (new jump func)
[DEBUG]  
[DEBUG] Start adding new jump function
[DEBUG] Fact at source : i8** %argv | ID: main.1
[DEBUG] Fact at target : %argv.addr = alloca i8**, align 8, !psr.id !43 | ID: 39
[DEBUG] Destination    : %0 = landingpad { i8*, i32 }
          cleanup, !psr.id !56 | ID: 52
[DEBUG] Edge Function  : psr::EdgeIdentity<psr::BinaryDomain>
[DEBUG] End adding new jump function
[DEBUG] -------------------------------------------- 82. Path Edge --------------------------------------------
[DEBUG]  
[DEBUG] Process 82. path edge:
[DEBUG] < D source: i8** %argv | ID: main.1 ;
[DEBUG]   N target: %0 = landingpad { i8*, i32 }
          cleanup, !psr.id !56 | ID: 52 ;
[DEBUG]   D target: %argv.addr = alloca i8**, align 8, !psr.id !43 | ID: 39 >
[DEBUG]  
[DEBUG] Process normal at target: %0 = landingpad { i8*, i32 }
          cleanup, !psr.id !56 | ID: 52
[DEBUG] JumpFunctions Forward-Lookup:
[DEBUG]    Source D: i8** %argv | ID: main.1
[DEBUG]    Target N: %0 = landingpad { i8*, i32 }
          cleanup, !psr.id !56 | ID: 52
[DEBUG]    Target D: %argv.addr = alloca i8**, align 8, !psr.id !43 | ID: 39
[DEBUG]   => EdgeFn: psr::EdgeIdentity<psr::BinaryDomain>
[DEBUG] Normal flow function factory call
[DEBUG] (N) Curr Inst : %0 = landingpad { i8*, i32 }
          cleanup, !psr.id !56 | ID: 52
[DEBUG] (N) Succ Inst : %1 = extractvalue { i8*, i32 } %0, 0, !psr.id !57 | ID: 53
[DEBUG] Flow function fetched from cache
[DEBUG] Normal edge function factory call
[DEBUG] (N) Curr Inst : %0 = landingpad { i8*, i32 }
          cleanup, !psr.id !56 | ID: 52
[DEBUG] (D) Curr Node : %argv.addr = alloca i8**, align 8, !psr.id !43 | ID: 39
[DEBUG] (N) Succ Inst : %1 = extractvalue { i8*, i32 } %0, 0, !psr.id !57 | ID: 53
[DEBUG] (D) Succ Node : %argv.addr = alloca i8**, align 8, !psr.id !43 | ID: 39
[DEBUG] Edge function constructed
[DEBUG] Provide Edge Function: psr::EdgeIdentity<psr::BinaryDomain>
[DEBUG] Queried Normal Edge Function: psr::EdgeIdentity<psr::BinaryDomain>
[DEBUG] Compose: psr::EdgeIdentity<psr::BinaryDomain> * psr::EdgeIdentity<psr::BinaryDomain> = psr::EdgeIdentity<psr::BinaryDomain>
[DEBUG] Propagate flow
[DEBUG] Source value  : i8** %argv | ID: main.1
[DEBUG] Target        : %1 = extractvalue { i8*, i32 } %0, 0, !psr.id !57 | ID: 53
[DEBUG] Target value  : %argv.addr = alloca i8**, align 8, !psr.id !43 | ID: 39
[DEBUG] Edge function : psr::EdgeIdentity<psr::BinaryDomain> (result of previous compose)
[DEBUG] Join: psr::AllTop<psr::BinaryDomain> & psr::EdgeIdentity<psr::BinaryDomain> 
[DEBUG]     = psr::EdgeIdentity<psr::BinaryDomain> (new jump func)
[DEBUG]  
[DEBUG] Start adding new jump function
[DEBUG] Fact at source : i8** %argv | ID: main.1
[DEBUG] Fact at target : %argv.addr = alloca i8**, align 8, !psr.id !43 | ID: 39
[DEBUG] Destination    : %1 = extractvalue { i8*, i32 } %0, 0, !psr.id !57 | ID: 53
[DEBUG] Edge Function  : psr::EdgeIdentity<psr::BinaryDomain>
[DEBUG] End adding new jump function
[DEBUG] -------------------------------------------- 83. Path Edge --------------------------------------------
[DEBUG]  
[DEBUG] Process 83. path edge:
[DEBUG] < D source: i8** %argv | ID: main.1 ;
[DEBUG]   N target: %1 = extractvalue { i8*, i32 } %0, 0, !psr.id !57 | ID: 53 ;
[DEBUG]   D target: %argv.addr = alloca i8**, align 8, !psr.id !43 | ID: 39 >
[DEBUG]  
[DEBUG] Process normal at target: %1 = extractvalue { i8*, i32 } %0, 0, !psr.id !57 | ID: 53
[DEBUG] JumpFunctions Forward-Lookup:
[DEBUG]    Source D: i8** %argv | ID: main.1
[DEBUG]    Target N: %1 = extractvalue { i8*, i32 } %0, 0, !psr.id !57 | ID: 53
[DEBUG]    Target D: %argv.addr = alloca i8**, align 8, !psr.id !43 | ID: 39
[DEBUG]   => EdgeFn: psr::EdgeIdentity<psr::BinaryDomain>
[DEBUG] Normal flow function factory call
[DEBUG] (N) Curr Inst : %1 = extractvalue { i8*, i32 } %0, 0, !psr.id !57 | ID: 53
[DEBUG] (N) Succ Inst : store i8* %1, i8** %exn.slot, align 8, !psr.id !58 | ID: 54
[DEBUG] Flow function fetched from cache
[DEBUG] Normal edge function factory call
[DEBUG] (N) Curr Inst : %1 = extractvalue { i8*, i32 } %0, 0, !psr.id !57 | ID: 53
[DEBUG] (D) Curr Node : %argv.addr = alloca i8**, align 8, !psr.id !43 | ID: 39
[DEBUG] (N) Succ Inst : store i8* %1, i8** %exn.slot, align 8, !psr.id !58 | ID: 54
[DEBUG] (D) Succ Node : %argv.addr = alloca i8**, align 8, !psr.id !43 | ID: 39
[DEBUG] Edge function constructed
[DEBUG] Provide Edge Function: psr::EdgeIdentity<psr::BinaryDomain>
[DEBUG] Queried Normal Edge Function: psr::EdgeIdentity<psr::BinaryDomain>
[DEBUG] Compose: psr::EdgeIdentity<psr::BinaryDomain> * psr::EdgeIdentity<psr::BinaryDomain> = psr::EdgeIdentity<psr::BinaryDomain>
[DEBUG] Propagate flow
[DEBUG] Source value  : i8** %argv | ID: main.1
[DEBUG] Target        : store i8* %1, i8** %exn.slot, align 8, !psr.id !58 | ID: 54
[DEBUG] Target value  : %argv.addr = alloca i8**, align 8, !psr.id !43 | ID: 39
[DEBUG] Edge function : psr::EdgeIdentity<psr::BinaryDomain> (result of previous compose)
[DEBUG] Join: psr::AllTop<psr::BinaryDomain> & psr::EdgeIdentity<psr::BinaryDomain> 
[DEBUG]     = psr::EdgeIdentity<psr::BinaryDomain> (new jump func)
[DEBUG]  
[DEBUG] Start adding new jump function
[DEBUG] Fact at source : i8** %argv | ID: main.1
[DEBUG] Fact at target : %argv.addr = alloca i8**, align 8, !psr.id !43 | ID: 39
[DEBUG] Destination    : store i8* %1, i8** %exn.slot, align 8, !psr.id !58 | ID: 54
[DEBUG] Edge Function  : psr::EdgeIdentity<psr::BinaryDomain>
[DEBUG] End adding new jump function
[DEBUG] -------------------------------------------- 84. Path Edge --------------------------------------------
[DEBUG]  
[DEBUG] Process 84. path edge:
[DEBUG] < D source: i8** %argv | ID: main.1 ;
[DEBUG]   N target: store i8* %1, i8** %exn.slot, align 8, !psr.id !58 | ID: 54 ;
[DEBUG]   D target: %argv.addr = alloca i8**, align 8, !psr.id !43 | ID: 39 >
[DEBUG]  
[DEBUG] Process normal at target: store i8* %1, i8** %exn.slot, align 8, !psr.id !58 | ID: 54
[DEBUG] JumpFunctions Forward-Lookup:
[DEBUG]    Source D: i8** %argv | ID: main.1
[DEBUG]    Target N: store i8* %1, i8** %exn.slot, align 8, !psr.id !58 | ID: 54
[DEBUG]    Target D: %argv.addr = alloca i8**, align 8, !psr.id !43 | ID: 39
[DEBUG]   => EdgeFn: psr::EdgeIdentity<psr::BinaryDomain>
[DEBUG] Normal flow function factory call
[DEBUG] (N) Curr Inst : store i8* %1, i8** %exn.slot, align 8, !psr.id !58 | ID: 54
[DEBUG] (N) Succ Inst : %2 = extractvalue { i8*, i32 } %0, 1, !psr.id !59 | ID: 55
[DEBUG] Flow function fetched from cache
[DEBUG] Normal edge function factory call
[DEBUG] (N) Curr Inst : store i8* %1, i8** %exn.slot, align 8, !psr.id !58 | ID: 54
[DEBUG] (D) Curr Node : %argv.addr = alloca i8**, align 8, !psr.id !43 | ID: 39
[DEBUG] (N) Succ Inst : %2 = extractvalue { i8*, i32 } %0, 1, !psr.id !59 | ID: 55
[DEBUG] (D) Succ Node : %argv.addr = alloca i8**, align 8, !psr.id !43 | ID: 39
[DEBUG] Edge function constructed
[DEBUG] Provide Edge Function: psr::EdgeIdentity<psr::BinaryDomain>
[DEBUG] Queried Normal Edge Function: psr::EdgeIdentity<psr::BinaryDomain>
[DEBUG] Compose: psr::EdgeIdentity<psr::BinaryDomain> * psr::EdgeIdentity<psr::BinaryDomain> = psr::EdgeIdentity<psr::BinaryDomain>
[DEBUG] Propagate flow
[DEBUG] Source value  : i8** %argv | ID: main.1
[DEBUG] Target        : %2 = extractvalue { i8*, i32 } %0, 1, !psr.id !59 | ID: 55
[DEBUG] Target value  : %argv.addr = alloca i8**, align 8, !psr.id !43 | ID: 39
[DEBUG] Edge function : psr::EdgeIdentity<psr::BinaryDomain> (result of previous compose)
[DEBUG] Join: psr::AllTop<psr::BinaryDomain> & psr::EdgeIdentity<psr::BinaryDomain> 
[DEBUG]     = psr::EdgeIdentity<psr::BinaryDomain> (new jump func)
[DEBUG]  
[DEBUG] Start adding new jump function
[DEBUG] Fact at source : i8** %argv | ID: main.1
[DEBUG] Fact at target : %argv.addr = alloca i8**, align 8, !psr.id !43 | ID: 39
[DEBUG] Destination    : %2 = extractvalue { i8*, i32 } %0, 1, !psr.id !59 | ID: 55
[DEBUG] Edge Function  : psr::EdgeIdentity<psr::BinaryDomain>
[DEBUG] End adding new jump function
[DEBUG] -------------------------------------------- 85. Path Edge --------------------------------------------
[DEBUG]  
[DEBUG] Process 85. path edge:
[DEBUG] < D source: i8** %argv | ID: main.1 ;
[DEBUG]   N target: %2 = extractvalue { i8*, i32 } %0, 1, !psr.id !59 | ID: 55 ;
[DEBUG]   D target: %argv.addr = alloca i8**, align 8, !psr.id !43 | ID: 39 >
[DEBUG]  
[DEBUG] Process normal at target: %2 = extractvalue { i8*, i32 } %0, 1, !psr.id !59 | ID: 55
[DEBUG] JumpFunctions Forward-Lookup:
[DEBUG]    Source D: i8** %argv | ID: main.1
[DEBUG]    Target N: %2 = extractvalue { i8*, i32 } %0, 1, !psr.id !59 | ID: 55
[DEBUG]    Target D: %argv.addr = alloca i8**, align 8, !psr.id !43 | ID: 39
[DEBUG]   => EdgeFn: psr::EdgeIdentity<psr::BinaryDomain>
[DEBUG] Normal flow function factory call
[DEBUG] (N) Curr Inst : %2 = extractvalue { i8*, i32 } %0, 1, !psr.id !59 | ID: 55
[DEBUG] (N) Succ Inst : store i32 %2, i32* %ehselector.slot, align 4, !psr.id !60 | ID: 56
[DEBUG] Flow function fetched from cache
[DEBUG] Normal edge function factory call
[DEBUG] (N) Curr Inst : %2 = extractvalue { i8*, i32 } %0, 1, !psr.id !59 | ID: 55
[DEBUG] (D) Curr Node : %argv.addr = alloca i8**, align 8, !psr.id !43 | ID: 39
[DEBUG] (N) Succ Inst : store i32 %2, i32* %ehselector.slot, align 4, !psr.id !60 | ID: 56
[DEBUG] (D) Succ Node : %argv.addr = alloca i8**, align 8, !psr.id !43 | ID: 39
[DEBUG] Edge function constructed
[DEBUG] Provide Edge Function: psr::EdgeIdentity<psr::BinaryDomain>
[DEBUG] Queried Normal Edge Function: psr::EdgeIdentity<psr::BinaryDomain>
[DEBUG] Compose: psr::EdgeIdentity<psr::BinaryDomain> * psr::EdgeIdentity<psr::BinaryDomain> = psr::EdgeIdentity<psr::BinaryDomain>
[DEBUG] Propagate flow
[DEBUG] Source value  : i8** %argv | ID: main.1
[DEBUG] Target        : store i32 %2, i32* %ehselector.slot, align 4, !psr.id !60 | ID: 56
[DEBUG] Target value  : %argv.addr = alloca i8**, align 8, !psr.id !43 | ID: 39
[DEBUG] Edge function : psr::EdgeIdentity<psr::BinaryDomain> (result of previous compose)
[DEBUG] Join: psr::AllTop<psr::BinaryDomain> & psr::EdgeIdentity<psr::BinaryDomain> 
[DEBUG]     = psr::EdgeIdentity<psr::BinaryDomain> (new jump func)
[DEBUG]  
[DEBUG] Start adding new jump function
[DEBUG] Fact at source : i8** %argv | ID: main.1
[DEBUG] Fact at target : %argv.addr = alloca i8**, align 8, !psr.id !43 | ID: 39
[DEBUG] Destination    : store i32 %2, i32* %ehselector.slot, align 4, !psr.id !60 | ID: 56
[DEBUG] Edge Function  : psr::EdgeIdentity<psr::BinaryDomain>
[DEBUG] End adding new jump function
[DEBUG] -------------------------------------------- 86. Path Edge --------------------------------------------
[DEBUG]  
[DEBUG] Process 86. path edge:
[DEBUG] < D source: i8** %argv | ID: main.1 ;
[DEBUG]   N target: store i32 %2, i32* %ehselector.slot, align 4, !psr.id !60 | ID: 56 ;
[DEBUG]   D target: %argv.addr = alloca i8**, align 8, !psr.id !43 | ID: 39 >
[DEBUG]  
[DEBUG] Process normal at target: store i32 %2, i32* %ehselector.slot, align 4, !psr.id !60 | ID: 56
[DEBUG] JumpFunctions Forward-Lookup:
[DEBUG]    Source D: i8** %argv | ID: main.1
[DEBUG]    Target N: store i32 %2, i32* %ehselector.slot, align 4, !psr.id !60 | ID: 56
[DEBUG]    Target D: %argv.addr = alloca i8**, align 8, !psr.id !43 | ID: 39
[DEBUG]   => EdgeFn: psr::EdgeIdentity<psr::BinaryDomain>
[DEBUG] Normal flow function factory call
[DEBUG] (N) Curr Inst : store i32 %2, i32* %ehselector.slot, align 4, !psr.id !60 | ID: 56
[DEBUG] (N) Succ Inst : call void @_ZNSt7__cxx1112basic_stringIcSt11char_traitsIcESaIcEED1Ev(%"class.std::__cxx11::basic_string"* noundef nonnull align 8 dereferenceable(32) %conspicuous_x) #6, !psr.id !61 | ID: 57
[DEBUG] Flow function fetched from cache
[DEBUG] Normal edge function factory call
[DEBUG] (N) Curr Inst : store i32 %2, i32* %ehselector.slot, align 4, !psr.id !60 | ID: 56
[DEBUG] (D) Curr Node : %argv.addr = alloca i8**, align 8, !psr.id !43 | ID: 39
[DEBUG] (N) Succ Inst : call void @_ZNSt7__cxx1112basic_stringIcSt11char_traitsIcESaIcEED1Ev(%"class.std::__cxx11::basic_string"* noundef nonnull align 8 dereferenceable(32) %conspicuous_x) #6, !psr.id !61 | ID: 57
[DEBUG] (D) Succ Node : %argv.addr = alloca i8**, align 8, !psr.id !43 | ID: 39
[DEBUG] Edge function constructed
[DEBUG] Provide Edge Function: psr::EdgeIdentity<psr::BinaryDomain>
[DEBUG] Queried Normal Edge Function: psr::EdgeIdentity<psr::BinaryDomain>
[DEBUG] Compose: psr::EdgeIdentity<psr::BinaryDomain> * psr::EdgeIdentity<psr::BinaryDomain> = psr::EdgeIdentity<psr::BinaryDomain>
[DEBUG] Propagate flow
[DEBUG] Source value  : i8** %argv | ID: main.1
[DEBUG] Target        : call void @_ZNSt7__cxx1112basic_stringIcSt11char_traitsIcESaIcEED1Ev(%"class.std::__cxx11::basic_string"* noundef nonnull align 8 dereferenceable(32) %conspicuous_x) #6, !psr.id !61 | ID: 57
[DEBUG] Target value  : %argv.addr = alloca i8**, align 8, !psr.id !43 | ID: 39
[DEBUG] Edge function : psr::EdgeIdentity<psr::BinaryDomain> (result of previous compose)
[DEBUG] Join: psr::AllTop<psr::BinaryDomain> & psr::EdgeIdentity<psr::BinaryDomain> 
[DEBUG]     = psr::EdgeIdentity<psr::BinaryDomain> (new jump func)
[DEBUG]  
[DEBUG] Start adding new jump function
[DEBUG] Fact at source : i8** %argv | ID: main.1
[DEBUG] Fact at target : %argv.addr = alloca i8**, align 8, !psr.id !43 | ID: 39
[DEBUG] Destination    : call void @_ZNSt7__cxx1112basic_stringIcSt11char_traitsIcESaIcEED1Ev(%"class.std::__cxx11::basic_string"* noundef nonnull align 8 dereferenceable(32) %conspicuous_x) #6, !psr.id !61 | ID: 57
[DEBUG] Edge Function  : psr::EdgeIdentity<psr::BinaryDomain>
[DEBUG] End adding new jump function
[DEBUG] -------------------------------------------- 87. Path Edge --------------------------------------------
[DEBUG]  
[DEBUG] Process 87. path edge:
[DEBUG] < D source: i8** %argv | ID: main.1 ;
[DEBUG]   N target: call void @_ZNSt7__cxx1112basic_stringIcSt11char_traitsIcESaIcEED1Ev(%"class.std::__cxx11::basic_string"* noundef nonnull align 8 dereferenceable(32) %conspicuous_x) #6, !psr.id !61 | ID: 57 ;
[DEBUG]   D target: %argv.addr = alloca i8**, align 8, !psr.id !43 | ID: 39 >
[DEBUG]  
[DEBUG] Process call at target: call void @_ZNSt7__cxx1112basic_stringIcSt11char_traitsIcESaIcEED1Ev(%"class.std::__cxx11::basic_string"* noundef nonnull align 8 dereferenceable(32) %conspicuous_x) #6, !psr.id !61 | ID: 57
[DEBUG] JumpFunctions Forward-Lookup:
[DEBUG]    Source D: i8** %argv | ID: main.1
[DEBUG]    Target N: call void @_ZNSt7__cxx1112basic_stringIcSt11char_traitsIcESaIcEED1Ev(%"class.std::__cxx11::basic_string"* noundef nonnull align 8 dereferenceable(32) %conspicuous_x) #6, !psr.id !61 | ID: 57
[DEBUG]    Target D: %argv.addr = alloca i8**, align 8, !psr.id !43 | ID: 39
[DEBUG]   => EdgeFn: psr::EdgeIdentity<psr::BinaryDomain>
[DEBUG] Possible callees:
[DEBUG]   _ZNSt7__cxx1112basic_stringIcSt11char_traitsIcESaIcEED1Ev
[DEBUG] Possible return sites:
[DEBUG]   br label %eh.resume, !psr.id !62 | ID: 58
[DEBUG] Summary flow function factory call
[DEBUG] (N) Call Stmt : call void @_ZNSt7__cxx1112basic_stringIcSt11char_traitsIcESaIcEED1Ev(%"class.std::__cxx11::basic_string"* noundef nonnull align 8 dereferenceable(32) %conspicuous_x) #6, !psr.id !61 | ID: 57
[DEBUG] (F) Dest Mthd : _ZNSt7__cxx1112basic_stringIcSt11char_traitsIcESaIcEED1Ev
[DEBUG]  
[DEBUG] Call flow function factory call
[DEBUG] (N) Call Stmt : call void @_ZNSt7__cxx1112basic_stringIcSt11char_traitsIcESaIcEED1Ev(%"class.std::__cxx11::basic_string"* noundef nonnull align 8 dereferenceable(32) %conspicuous_x) #6, !psr.id !61 | ID: 57
[DEBUG] (F) Dest Fun : _ZNSt7__cxx1112basic_stringIcSt11char_traitsIcESaIcEED1Ev
[DEBUG] Flow function fetched from cache
[DEBUG] Start points of '_ZNSt7__cxx1112basic_stringIcSt11char_traitsIcESaIcEED1Ev' currently not available!
[DEBUG] Call-to-Return flow function factory call
[DEBUG] (N) Call Site : call void @_ZNSt7__cxx1112basic_stringIcSt11char_traitsIcESaIcEED1Ev(%"class.std::__cxx11::basic_string"* noundef nonnull align 8 dereferenceable(32) %conspicuous_x) #6, !psr.id !61 | ID: 57
[DEBUG] (N) Ret Site  : br label %eh.resume, !psr.id !62 | ID: 58
[DEBUG] (F) Callee's  : 
[DEBUG]   _ZNSt7__cxx1112basic_stringIcSt11char_traitsIcESaIcEED1Ev
[DEBUG] Flow function fetched from cache
[DEBUG] Call-to-Return edge function factory call
[DEBUG] (N) Call Site : call void @_ZNSt7__cxx1112basic_stringIcSt11char_traitsIcESaIcEED1Ev(%"class.std::__cxx11::basic_string"* noundef nonnull align 8 dereferenceable(32) %conspicuous_x) #6, !psr.id !61 | ID: 57
[DEBUG] (D) Call Node : %argv.addr = alloca i8**, align 8, !psr.id !43 | ID: 39
[DEBUG] (N) Ret Site  : br label %eh.resume, !psr.id !62 | ID: 58
[DEBUG] (D) Ret Node  : %argv.addr = alloca i8**, align 8, !psr.id !43 | ID: 39
[DEBUG] (F) Callee's  : 
[DEBUG]   _ZNSt7__cxx1112basic_stringIcSt11char_traitsIcESaIcEED1Ev
[DEBUG] Edge function constructed
[DEBUG] Provide Edge Function: psr::EdgeIdentity<psr::BinaryDomain>
[DEBUG] Queried Call-to-Return Edge Function: psr::EdgeIdentity<psr::BinaryDomain>
[DEBUG] Compose: psr::EdgeIdentity<psr::BinaryDomain> * psr::EdgeIdentity<psr::BinaryDomain> = psr::EdgeIdentity<psr::BinaryDomain>
[DEBUG] Propagate flow
[DEBUG] Source value  : i8** %argv | ID: main.1
[DEBUG] Target        : br label %eh.resume, !psr.id !62 | ID: 58
[DEBUG] Target value  : %argv.addr = alloca i8**, align 8, !psr.id !43 | ID: 39
[DEBUG] Edge function : psr::EdgeIdentity<psr::BinaryDomain> (result of previous compose)
[DEBUG] Join: psr::AllTop<psr::BinaryDomain> & psr::EdgeIdentity<psr::BinaryDomain> 
[DEBUG]     = psr::EdgeIdentity<psr::BinaryDomain> (new jump func)
[DEBUG]  
[DEBUG] Start adding new jump function
[DEBUG] Fact at source : i8** %argv | ID: main.1
[DEBUG] Fact at target : %argv.addr = alloca i8**, align 8, !psr.id !43 | ID: 39
[DEBUG] Destination    : br label %eh.resume, !psr.id !62 | ID: 58
[DEBUG] Edge Function  : psr::EdgeIdentity<psr::BinaryDomain>
[DEBUG] End adding new jump function
[DEBUG] -------------------------------------------- 88. Path Edge --------------------------------------------
[DEBUG]  
[DEBUG] Process 88. path edge:
[DEBUG] < D source: i8** %argv | ID: main.1 ;
[DEBUG]   N target: br label %eh.resume, !psr.id !62 | ID: 58 ;
[DEBUG]   D target: %argv.addr = alloca i8**, align 8, !psr.id !43 | ID: 39 >
[DEBUG]  
[DEBUG] Process normal at target: br label %eh.resume, !psr.id !62 | ID: 58
[DEBUG] JumpFunctions Forward-Lookup:
[DEBUG]    Source D: i8** %argv | ID: main.1
[DEBUG]    Target N: br label %eh.resume, !psr.id !62 | ID: 58
[DEBUG]    Target D: %argv.addr = alloca i8**, align 8, !psr.id !43 | ID: 39
[DEBUG]   => EdgeFn: psr::EdgeIdentity<psr::BinaryDomain>
[DEBUG] Normal flow function factory call
[DEBUG] (N) Curr Inst : br label %eh.resume, !psr.id !62 | ID: 58
[DEBUG] (N) Succ Inst : %exn = load i8*, i8** %exn.slot, align 8, !psr.id !63 | ID: 59
[DEBUG] Flow function fetched from cache
[DEBUG] Normal edge function factory call
[DEBUG] (N) Curr Inst : br label %eh.resume, !psr.id !62 | ID: 58
[DEBUG] (D) Curr Node : %argv.addr = alloca i8**, align 8, !psr.id !43 | ID: 39
[DEBUG] (N) Succ Inst : %exn = load i8*, i8** %exn.slot, align 8, !psr.id !63 | ID: 59
[DEBUG] (D) Succ Node : %argv.addr = alloca i8**, align 8, !psr.id !43 | ID: 39
[DEBUG] Edge function constructed
[DEBUG] Provide Edge Function: psr::EdgeIdentity<psr::BinaryDomain>
[DEBUG] Queried Normal Edge Function: psr::EdgeIdentity<psr::BinaryDomain>
[DEBUG] Compose: psr::EdgeIdentity<psr::BinaryDomain> * psr::EdgeIdentity<psr::BinaryDomain> = psr::EdgeIdentity<psr::BinaryDomain>
[DEBUG] Propagate flow
[DEBUG] Source value  : i8** %argv | ID: main.1
[DEBUG] Target        : %exn = load i8*, i8** %exn.slot, align 8, !psr.id !63 | ID: 59
[DEBUG] Target value  : %argv.addr = alloca i8**, align 8, !psr.id !43 | ID: 39
[DEBUG] Edge function : psr::EdgeIdentity<psr::BinaryDomain> (result of previous compose)
[DEBUG] Join: psr::AllTop<psr::BinaryDomain> & psr::EdgeIdentity<psr::BinaryDomain> 
[DEBUG]     = psr::EdgeIdentity<psr::BinaryDomain> (new jump func)
[DEBUG]  
[DEBUG] Start adding new jump function
[DEBUG] Fact at source : i8** %argv | ID: main.1
[DEBUG] Fact at target : %argv.addr = alloca i8**, align 8, !psr.id !43 | ID: 39
[DEBUG] Destination    : %exn = load i8*, i8** %exn.slot, align 8, !psr.id !63 | ID: 59
[DEBUG] Edge Function  : psr::EdgeIdentity<psr::BinaryDomain>
[DEBUG] End adding new jump function
[DEBUG] -------------------------------------------- 89. Path Edge --------------------------------------------
[DEBUG]  
[DEBUG] Process 89. path edge:
[DEBUG] < D source: i8** %argv | ID: main.1 ;
[DEBUG]   N target: %exn = load i8*, i8** %exn.slot, align 8, !psr.id !63 | ID: 59 ;
[DEBUG]   D target: %argv.addr = alloca i8**, align 8, !psr.id !43 | ID: 39 >
[DEBUG]  
[DEBUG] Process normal at target: %exn = load i8*, i8** %exn.slot, align 8, !psr.id !63 | ID: 59
[DEBUG] JumpFunctions Forward-Lookup:
[DEBUG]    Source D: i8** %argv | ID: main.1
[DEBUG]    Target N: %exn = load i8*, i8** %exn.slot, align 8, !psr.id !63 | ID: 59
[DEBUG]    Target D: %argv.addr = alloca i8**, align 8, !psr.id !43 | ID: 39
[DEBUG]   => EdgeFn: psr::EdgeIdentity<psr::BinaryDomain>
[DEBUG] Normal flow function factory call
[DEBUG] (N) Curr Inst : %exn = load i8*, i8** %exn.slot, align 8, !psr.id !63 | ID: 59
[DEBUG] (N) Succ Inst : %sel = load i32, i32* %ehselector.slot, align 4, !psr.id !64 | ID: 60
[DEBUG] Flow function fetched from cache
[DEBUG] Normal edge function factory call
[DEBUG] (N) Curr Inst : %exn = load i8*, i8** %exn.slot, align 8, !psr.id !63 | ID: 59
[DEBUG] (D) Curr Node : %argv.addr = alloca i8**, align 8, !psr.id !43 | ID: 39
[DEBUG] (N) Succ Inst : %sel = load i32, i32* %ehselector.slot, align 4, !psr.id !64 | ID: 60
[DEBUG] (D) Succ Node : %argv.addr = alloca i8**, align 8, !psr.id !43 | ID: 39
[DEBUG] Edge function constructed
[DEBUG] Provide Edge Function: psr::EdgeIdentity<psr::BinaryDomain>
[DEBUG] Queried Normal Edge Function: psr::EdgeIdentity<psr::BinaryDomain>
[DEBUG] Compose: psr::EdgeIdentity<psr::BinaryDomain> * psr::EdgeIdentity<psr::BinaryDomain> = psr::EdgeIdentity<psr::BinaryDomain>
[DEBUG] Propagate flow
[DEBUG] Source value  : i8** %argv | ID: main.1
[DEBUG] Target        : %sel = load i32, i32* %ehselector.slot, align 4, !psr.id !64 | ID: 60
[DEBUG] Target value  : %argv.addr = alloca i8**, align 8, !psr.id !43 | ID: 39
[DEBUG] Edge function : psr::EdgeIdentity<psr::BinaryDomain> (result of previous compose)
[DEBUG] Join: psr::AllTop<psr::BinaryDomain> & psr::EdgeIdentity<psr::BinaryDomain> 
[DEBUG]     = psr::EdgeIdentity<psr::BinaryDomain> (new jump func)
[DEBUG]  
[DEBUG] Start adding new jump function
[DEBUG] Fact at source : i8** %argv | ID: main.1
[DEBUG] Fact at target : %argv.addr = alloca i8**, align 8, !psr.id !43 | ID: 39
[DEBUG] Destination    : %sel = load i32, i32* %ehselector.slot, align 4, !psr.id !64 | ID: 60
[DEBUG] Edge Function  : psr::EdgeIdentity<psr::BinaryDomain>
[DEBUG] End adding new jump function
[DEBUG] -------------------------------------------- 90. Path Edge --------------------------------------------
[DEBUG]  
[DEBUG] Process 90. path edge:
[DEBUG] < D source: i8** %argv | ID: main.1 ;
[DEBUG]   N target: %sel = load i32, i32* %ehselector.slot, align 4, !psr.id !64 | ID: 60 ;
[DEBUG]   D target: %argv.addr = alloca i8**, align 8, !psr.id !43 | ID: 39 >
[DEBUG]  
[DEBUG] Process normal at target: %sel = load i32, i32* %ehselector.slot, align 4, !psr.id !64 | ID: 60
[DEBUG] JumpFunctions Forward-Lookup:
[DEBUG]    Source D: i8** %argv | ID: main.1
[DEBUG]    Target N: %sel = load i32, i32* %ehselector.slot, align 4, !psr.id !64 | ID: 60
[DEBUG]    Target D: %argv.addr = alloca i8**, align 8, !psr.id !43 | ID: 39
[DEBUG]   => EdgeFn: psr::EdgeIdentity<psr::BinaryDomain>
[DEBUG] Normal flow function factory call
[DEBUG] (N) Curr Inst : %sel = load i32, i32* %ehselector.slot, align 4, !psr.id !64 | ID: 60
[DEBUG] (N) Succ Inst : %lpad.val = insertvalue { i8*, i32 } undef, i8* %exn, 0, !psr.id !65 | ID: 61
[DEBUG] Flow function fetched from cache
[DEBUG] Normal edge function factory call
[DEBUG] (N) Curr Inst : %sel = load i32, i32* %ehselector.slot, align 4, !psr.id !64 | ID: 60
[DEBUG] (D) Curr Node : %argv.addr = alloca i8**, align 8, !psr.id !43 | ID: 39
[DEBUG] (N) Succ Inst : %lpad.val = insertvalue { i8*, i32 } undef, i8* %exn, 0, !psr.id !65 | ID: 61
[DEBUG] (D) Succ Node : %argv.addr = alloca i8**, align 8, !psr.id !43 | ID: 39
[DEBUG] Edge function constructed
[DEBUG] Provide Edge Function: psr::EdgeIdentity<psr::BinaryDomain>
[DEBUG] Queried Normal Edge Function: psr::EdgeIdentity<psr::BinaryDomain>
[DEBUG] Compose: psr::EdgeIdentity<psr::BinaryDomain> * psr::EdgeIdentity<psr::BinaryDomain> = psr::EdgeIdentity<psr::BinaryDomain>
[DEBUG] Propagate flow
[DEBUG] Source value  : i8** %argv | ID: main.1
[DEBUG] Target        : %lpad.val = insertvalue { i8*, i32 } undef, i8* %exn, 0, !psr.id !65 | ID: 61
[DEBUG] Target value  : %argv.addr = alloca i8**, align 8, !psr.id !43 | ID: 39
[DEBUG] Edge function : psr::EdgeIdentity<psr::BinaryDomain> (result of previous compose)
[DEBUG] Join: psr::AllTop<psr::BinaryDomain> & psr::EdgeIdentity<psr::BinaryDomain> 
[DEBUG]     = psr::EdgeIdentity<psr::BinaryDomain> (new jump func)
[DEBUG]  
[DEBUG] Start adding new jump function
[DEBUG] Fact at source : i8** %argv | ID: main.1
[DEBUG] Fact at target : %argv.addr = alloca i8**, align 8, !psr.id !43 | ID: 39
[DEBUG] Destination    : %lpad.val = insertvalue { i8*, i32 } undef, i8* %exn, 0, !psr.id !65 | ID: 61
[DEBUG] Edge Function  : psr::EdgeIdentity<psr::BinaryDomain>
[DEBUG] End adding new jump function
[DEBUG] -------------------------------------------- 91. Path Edge --------------------------------------------
[DEBUG]  
[DEBUG] Process 91. path edge:
[DEBUG] < D source: i8** %argv | ID: main.1 ;
[DEBUG]   N target: %lpad.val = insertvalue { i8*, i32 } undef, i8* %exn, 0, !psr.id !65 | ID: 61 ;
[DEBUG]   D target: %argv.addr = alloca i8**, align 8, !psr.id !43 | ID: 39 >
[DEBUG]  
[DEBUG] Process normal at target: %lpad.val = insertvalue { i8*, i32 } undef, i8* %exn, 0, !psr.id !65 | ID: 61
[DEBUG] JumpFunctions Forward-Lookup:
[DEBUG]    Source D: i8** %argv | ID: main.1
[DEBUG]    Target N: %lpad.val = insertvalue { i8*, i32 } undef, i8* %exn, 0, !psr.id !65 | ID: 61
[DEBUG]    Target D: %argv.addr = alloca i8**, align 8, !psr.id !43 | ID: 39
[DEBUG]   => EdgeFn: psr::EdgeIdentity<psr::BinaryDomain>
[DEBUG] Normal flow function factory call
[DEBUG] (N) Curr Inst : %lpad.val = insertvalue { i8*, i32 } undef, i8* %exn, 0, !psr.id !65 | ID: 61
[DEBUG] (N) Succ Inst : %lpad.val1 = insertvalue { i8*, i32 } %lpad.val, i32 %sel, 1, !psr.id !66 | ID: 62
[DEBUG] Flow function fetched from cache
[DEBUG] Normal edge function factory call
[DEBUG] (N) Curr Inst : %lpad.val = insertvalue { i8*, i32 } undef, i8* %exn, 0, !psr.id !65 | ID: 61
[DEBUG] (D) Curr Node : %argv.addr = alloca i8**, align 8, !psr.id !43 | ID: 39
[DEBUG] (N) Succ Inst : %lpad.val1 = insertvalue { i8*, i32 } %lpad.val, i32 %sel, 1, !psr.id !66 | ID: 62
[DEBUG] (D) Succ Node : %argv.addr = alloca i8**, align 8, !psr.id !43 | ID: 39
[DEBUG] Edge function constructed
[DEBUG] Provide Edge Function: psr::EdgeIdentity<psr::BinaryDomain>
[DEBUG] Queried Normal Edge Function: psr::EdgeIdentity<psr::BinaryDomain>
[DEBUG] Compose: psr::EdgeIdentity<psr::BinaryDomain> * psr::EdgeIdentity<psr::BinaryDomain> = psr::EdgeIdentity<psr::BinaryDomain>
[DEBUG] Propagate flow
[DEBUG] Source value  : i8** %argv | ID: main.1
[DEBUG] Target        : %lpad.val1 = insertvalue { i8*, i32 } %lpad.val, i32 %sel, 1, !psr.id !66 | ID: 62
[DEBUG] Target value  : %argv.addr = alloca i8**, align 8, !psr.id !43 | ID: 39
[DEBUG] Edge function : psr::EdgeIdentity<psr::BinaryDomain> (result of previous compose)
[DEBUG] Join: psr::AllTop<psr::BinaryDomain> & psr::EdgeIdentity<psr::BinaryDomain> 
[DEBUG]     = psr::EdgeIdentity<psr::BinaryDomain> (new jump func)
[DEBUG]  
[DEBUG] Start adding new jump function
[DEBUG] Fact at source : i8** %argv | ID: main.1
[DEBUG] Fact at target : %argv.addr = alloca i8**, align 8, !psr.id !43 | ID: 39
[DEBUG] Destination    : %lpad.val1 = insertvalue { i8*, i32 } %lpad.val, i32 %sel, 1, !psr.id !66 | ID: 62
[DEBUG] Edge Function  : psr::EdgeIdentity<psr::BinaryDomain>
[DEBUG] End adding new jump function
[DEBUG] -------------------------------------------- 92. Path Edge --------------------------------------------
[DEBUG]  
[DEBUG] Process 92. path edge:
[DEBUG] < D source: i8** %argv | ID: main.1 ;
[DEBUG]   N target: %lpad.val1 = insertvalue { i8*, i32 } %lpad.val, i32 %sel, 1, !psr.id !66 | ID: 62 ;
[DEBUG]   D target: %argv.addr = alloca i8**, align 8, !psr.id !43 | ID: 39 >
[DEBUG]  
[DEBUG] Process normal at target: %lpad.val1 = insertvalue { i8*, i32 } %lpad.val, i32 %sel, 1, !psr.id !66 | ID: 62
[DEBUG] JumpFunctions Forward-Lookup:
[DEBUG]    Source D: i8** %argv | ID: main.1
[DEBUG]    Target N: %lpad.val1 = insertvalue { i8*, i32 } %lpad.val, i32 %sel, 1, !psr.id !66 | ID: 62
[DEBUG]    Target D: %argv.addr = alloca i8**, align 8, !psr.id !43 | ID: 39
[DEBUG]   => EdgeFn: psr::EdgeIdentity<psr::BinaryDomain>
[DEBUG] Normal flow function factory call
[DEBUG] (N) Curr Inst : %lpad.val1 = insertvalue { i8*, i32 } %lpad.val, i32 %sel, 1, !psr.id !66 | ID: 62
[DEBUG] (N) Succ Inst : resume { i8*, i32 } %lpad.val1, !psr.id !67 | ID: 63
[DEBUG] Flow function fetched from cache
[DEBUG] Normal edge function factory call
[DEBUG] (N) Curr Inst : %lpad.val1 = insertvalue { i8*, i32 } %lpad.val, i32 %sel, 1, !psr.id !66 | ID: 62
[DEBUG] (D) Curr Node : %argv.addr = alloca i8**, align 8, !psr.id !43 | ID: 39
[DEBUG] (N) Succ Inst : resume { i8*, i32 } %lpad.val1, !psr.id !67 | ID: 63
[DEBUG] (D) Succ Node : %argv.addr = alloca i8**, align 8, !psr.id !43 | ID: 39
[DEBUG] Edge function constructed
[DEBUG] Provide Edge Function: psr::EdgeIdentity<psr::BinaryDomain>
[DEBUG] Queried Normal Edge Function: psr::EdgeIdentity<psr::BinaryDomain>
[DEBUG] Compose: psr::EdgeIdentity<psr::BinaryDomain> * psr::EdgeIdentity<psr::BinaryDomain> = psr::EdgeIdentity<psr::BinaryDomain>
[DEBUG] Propagate flow
[DEBUG] Source value  : i8** %argv | ID: main.1
[DEBUG] Target        : resume { i8*, i32 } %lpad.val1, !psr.id !67 | ID: 63
[DEBUG] Target value  : %argv.addr = alloca i8**, align 8, !psr.id !43 | ID: 39
[DEBUG] Edge function : psr::EdgeIdentity<psr::BinaryDomain> (result of previous compose)
[DEBUG] Join: psr::AllTop<psr::BinaryDomain> & psr::EdgeIdentity<psr::BinaryDomain> 
[DEBUG]     = psr::EdgeIdentity<psr::BinaryDomain> (new jump func)
[DEBUG]  
[DEBUG] Start adding new jump function
[DEBUG] Fact at source : i8** %argv | ID: main.1
[DEBUG] Fact at target : %argv.addr = alloca i8**, align 8, !psr.id !43 | ID: 39
[DEBUG] Destination    : resume { i8*, i32 } %lpad.val1, !psr.id !67 | ID: 63
[DEBUG] Edge Function  : psr::EdgeIdentity<psr::BinaryDomain>
[DEBUG] End adding new jump function
[DEBUG] -------------------------------------------- 93. Path Edge --------------------------------------------
[DEBUG]  
[DEBUG] Process 93. path edge:
[DEBUG] < D source: i8** %argv | ID: main.1 ;
[DEBUG]   N target: resume { i8*, i32 } %lpad.val1, !psr.id !67 | ID: 63 ;
[DEBUG]   D target: %argv.addr = alloca i8**, align 8, !psr.id !43 | ID: 39 >
[DEBUG]  
[DEBUG] EDGE: <F: main, D: i8** %argv | ID: main.1>
[DEBUG]  ---> <N: resume { i8*, i32 } %lpad.val1, !psr.id !67 | ID: 63,
[DEBUG]        D: %argv.addr = alloca i8**, align 8, !psr.id !43 | ID: 39,
[DEBUG]       EF: psr::EdgeIdentity<psr::BinaryDomain>>
[DEBUG]  
[DEBUG] EDGE: <F: main, D: i8** %argv | ID: main.1>
[DEBUG]  ---> <N: %lpad.val1 = insertvalue { i8*, i32 } %lpad.val, i32 %sel, 1, !psr.id !66 | ID: 62,
[DEBUG]        D: %argv.addr = alloca i8**, align 8, !psr.id !43 | ID: 39,
[DEBUG]       EF: psr::EdgeIdentity<psr::BinaryDomain>>
[DEBUG]  
[DEBUG] EDGE: <F: main, D: i8** %argv | ID: main.1>
[DEBUG]  ---> <N: %lpad.val = insertvalue { i8*, i32 } undef, i8* %exn, 0, !psr.id !65 | ID: 61,
[DEBUG]        D: %argv.addr = alloca i8**, align 8, !psr.id !43 | ID: 39,
[DEBUG]       EF: psr::EdgeIdentity<psr::BinaryDomain>>
[DEBUG]  
[DEBUG] EDGE: <F: main, D: i8** %argv | ID: main.1>
[DEBUG]  ---> <N: %sel = load i32, i32* %ehselector.slot, align 4, !psr.id !64 | ID: 60,
[DEBUG]        D: %argv.addr = alloca i8**, align 8, !psr.id !43 | ID: 39,
[DEBUG]       EF: psr::EdgeIdentity<psr::BinaryDomain>>
[DEBUG]  
[DEBUG] EDGE: <F: main, D: i8** %argv | ID: main.1>
[DEBUG]  ---> <N: %exn = load i8*, i8** %exn.slot, align 8, !psr.id !63 | ID: 59,
[DEBUG]        D: %argv.addr = alloca i8**, align 8, !psr.id !43 | ID: 39,
[DEBUG]       EF: psr::EdgeIdentity<psr::BinaryDomain>>
[DEBUG]  
[DEBUG] EDGE: <F: main, D: i8** %argv | ID: main.1>
[DEBUG]  ---> <N: br label %eh.resume, !psr.id !62 | ID: 58,
[DEBUG]        D: %argv.addr = alloca i8**, align 8, !psr.id !43 | ID: 39,
[DEBUG]       EF: psr::EdgeIdentity<psr::BinaryDomain>>
[DEBUG]  
[DEBUG] EDGE: <F: main, D: i8** %argv | ID: main.1>
[DEBUG]  ---> <N: call void @_ZNSt7__cxx1112basic_stringIcSt11char_traitsIcESaIcEED1Ev(%"class.std::__cxx11::basic_string"* noundef nonnull align 8 dereferenceable(32) %conspicuous_x) #6, !psr.id !61 | ID: 57,
[DEBUG]        D: %argv.addr = alloca i8**, align 8, !psr.id !43 | ID: 39,
[DEBUG]       EF: psr::EdgeIdentity<psr::BinaryDomain>>
[DEBUG]  
[DEBUG] EDGE: <F: main, D: i8** %argv | ID: main.1>
[DEBUG]  ---> <N: store i32 %2, i32* %ehselector.slot, align 4, !psr.id !60 | ID: 56,
[DEBUG]        D: %argv.addr = alloca i8**, align 8, !psr.id !43 | ID: 39,
[DEBUG]       EF: psr::EdgeIdentity<psr::BinaryDomain>>
[DEBUG]  
[DEBUG] EDGE: <F: main, D: i8** %argv | ID: main.1>
[DEBUG]  ---> <N: %2 = extractvalue { i8*, i32 } %0, 1, !psr.id !59 | ID: 55,
[DEBUG]        D: %argv.addr = alloca i8**, align 8, !psr.id !43 | ID: 39,
[DEBUG]       EF: psr::EdgeIdentity<psr::BinaryDomain>>
[DEBUG]  
[DEBUG] EDGE: <F: main, D: i8** %argv | ID: main.1>
[DEBUG]  ---> <N: store i8* %1, i8** %exn.slot, align 8, !psr.id !58 | ID: 54,
[DEBUG]        D: %argv.addr = alloca i8**, align 8, !psr.id !43 | ID: 39,
[DEBUG]       EF: psr::EdgeIdentity<psr::BinaryDomain>>
[DEBUG]  
[DEBUG] EDGE: <F: main, D: i8** %argv | ID: main.1>
[DEBUG]  ---> <N: %1 = extractvalue { i8*, i32 } %0, 0, !psr.id !57 | ID: 53,
[DEBUG]        D: %argv.addr = alloca i8**, align 8, !psr.id !43 | ID: 39,
[DEBUG]       EF: psr::EdgeIdentity<psr::BinaryDomain>>
[DEBUG]  
[DEBUG] EDGE: <F: main, D: i8** %argv | ID: main.1>
[DEBUG]  ---> <N: %0 = landingpad { i8*, i32 }
          cleanup, !psr.id !56 | ID: 52,
[DEBUG]        D: %argv.addr = alloca i8**, align 8, !psr.id !43 | ID: 39,
[DEBUG]       EF: psr::EdgeIdentity<psr::BinaryDomain>>
[DEBUG]  
[DEBUG] EDGE: <F: main, D: i8** %argv | ID: main.1>
[DEBUG]  ---> <N: invoke void @_ZNSt7__cxx1112basic_stringIcSt11char_traitsIcESaIcEEC1ERKS4_(%"class.std::__cxx11::basic_string"* noundef nonnull align 8 dereferenceable(32) %agg.tmp, %"class.std::__cxx11::basic_string"* noundef nonnull align 8 dereferenceable(32) %conspicuous_x)
          to label %invoke.cont unwind label %lpad, !psr.id !51 | ID: 47,
[DEBUG]        D: %argv.addr = alloca i8**, align 8, !psr.id !43 | ID: 39,
[DEBUG]       EF: psr::EdgeIdentity<psr::BinaryDomain>>
[DEBUG]  
[DEBUG] EDGE: <F: main, D: i8** %argv | ID: main.1>
[DEBUG]  ---> <N: call void @_Z11source_funcB5cxx11v(%"class.std::__cxx11::basic_string"* sret(%"class.std::__cxx11::basic_string") align 8 %conspicuous_x), !psr.id !50 | ID: 46,
[DEBUG]        D: %argv.addr = alloca i8**, align 8, !psr.id !43 | ID: 39,
[DEBUG]       EF: psr::EdgeIdentity<psr::BinaryDomain>>
[DEBUG]  
[DEBUG] EDGE: <F: main, D: i8** %argv | ID: main.1>
[DEBUG]  ---> <N: store i8** %argv, i8*** %argv.addr, align 8, !psr.id !49 | ID: 45,
[DEBUG]        D: i8** %argv | ID: main.1,
[DEBUG]       EF: psr::EdgeIdentity<psr::BinaryDomain>>
[DEBUG]  
[DEBUG] EDGE: <F: main, D: i8** %argv | ID: main.1>
[DEBUG]  ---> <N: store i32 %argc, i32* %argc.addr, align 4, !psr.id !48 | ID: 44,
[DEBUG]        D: i8** %argv | ID: main.1,
[DEBUG]       EF: psr::EdgeIdentity<psr::BinaryDomain>>
[DEBUG]  
[DEBUG] EDGE: <F: main, D: i8** %argv | ID: main.1>
[DEBUG]  ---> <N: %ehselector.slot = alloca i32, align 4, !psr.id !47 | ID: 43,
[DEBUG]        D: i8** %argv | ID: main.1,
[DEBUG]       EF: psr::EdgeIdentity<psr::BinaryDomain>>
[DEBUG]  
[DEBUG] EDGE: <F: main, D: i8** %argv | ID: main.1>
[DEBUG]  ---> <N: %exn.slot = alloca i8*, align 8, !psr.id !46 | ID: 42,
[DEBUG]        D: i8** %argv | ID: main.1,
[DEBUG]       EF: psr::EdgeIdentity<psr::BinaryDomain>>
[DEBUG]  
[DEBUG] EDGE: <F: main, D: i8** %argv | ID: main.1>
[DEBUG]  ---> <N: %agg.tmp = alloca %"class.std::__cxx11::basic_string", align 8, !psr.id !45 | ID: 41,
[DEBUG]        D: i8** %argv | ID: main.1,
[DEBUG]       EF: psr::EdgeIdentity<psr::BinaryDomain>>
[DEBUG]  
[DEBUG] EDGE: <F: main, D: i8** %argv | ID: main.1>
[DEBUG]  ---> <N: %conspicuous_x = alloca %"class.std::__cxx11::basic_string", align 8, !psr.id !44 | ID: 40,
[DEBUG]        D: i8** %argv | ID: main.1,
[DEBUG]       EF: psr::EdgeIdentity<psr::BinaryDomain>>
[DEBUG]  
[DEBUG] EDGE: <F: main, D: i8** %argv | ID: main.1>
[DEBUG]  ---> <N: %argv.addr = alloca i8**, align 8, !psr.id !43 | ID: 39,
[DEBUG]        D: i8** %argv | ID: main.1,
[DEBUG]       EF: psr::EdgeIdentity<psr::BinaryDomain>>
[DEBUG]  
[DEBUG] EDGE: <F: main, D: i8** %argv | ID: main.1>
[DEBUG]  ---> <N: %argc.addr = alloca i32, align 4, !psr.id !42 | ID: 38,
[DEBUG]        D: i8** %argv | ID: main.1,
[DEBUG]       EF: psr::EdgeIdentity<psr::BinaryDomain>>
[DEBUG]  
[DEBUG] Start adding new jump function
[DEBUG] Fact at source : i8** %argv | ID: main.1
[DEBUG] Fact at target : i8** %argv | ID: main.1
[DEBUG] Destination    : %argc.addr = alloca i32, align 4, !psr.id !42 | ID: 38
[DEBUG] Edge Function  : psr::EdgeIdentity<psr::BinaryDomain>
[DEBUG] End adding new jump function
[DEBUG] Submit seed at: %argc.addr = alloca i32, align 4, !psr.id !42 | ID: 38
[DEBUG] 	Fact: @zero_value = constant i2 0, align 4 | ID: -1
[DEBUG] 	Value: TOP
[DEBUG] Propagate flow
[DEBUG] Source value  : @zero_value = constant i2 0, align 4 | ID: -1
[DEBUG] Target        : %argc.addr = alloca i32, align 4, !psr.id !42 | ID: 38
[DEBUG] Target value  : @zero_value = constant i2 0, align 4 | ID: -1
[DEBUG] Edge function : psr::EdgeIdentity<psr::BinaryDomain> (result of previous compose)
[DEBUG] Join: psr::AllTop<psr::BinaryDomain> & psr::EdgeIdentity<psr::BinaryDomain> 
[DEBUG]     = psr::EdgeIdentity<psr::BinaryDomain> (new jump func)
[DEBUG]  
[DEBUG] Start adding new jump function
[DEBUG] Fact at source : @zero_value = constant i2 0, align 4 | ID: -1
[DEBUG] Fact at target : @zero_value = constant i2 0, align 4 | ID: -1
[DEBUG] Destination    : %argc.addr = alloca i32, align 4, !psr.id !42 | ID: 38
[DEBUG] Edge Function  : psr::EdgeIdentity<psr::BinaryDomain>
[DEBUG] End adding new jump function
[DEBUG] -------------------------------------------- 94. Path Edge --------------------------------------------
[DEBUG]  
[DEBUG] Process 94. path edge:
[DEBUG] < D source: @zero_value = constant i2 0, align 4 | ID: -1 ;
[DEBUG]   N target: %argc.addr = alloca i32, align 4, !psr.id !42 | ID: 38 ;
[DEBUG]   D target: @zero_value = constant i2 0, align 4 | ID: -1 >
[DEBUG]  
[DEBUG] Process normal at target: %argc.addr = alloca i32, align 4, !psr.id !42 | ID: 38
[DEBUG] JumpFunctions Forward-Lookup:
[DEBUG]    Source D: @zero_value = constant i2 0, align 4 | ID: -1
[DEBUG]    Target N: %argc.addr = alloca i32, align 4, !psr.id !42 | ID: 38
[DEBUG]    Target D: @zero_value = constant i2 0, align 4 | ID: -1
[DEBUG]   => EdgeFn: psr::EdgeIdentity<psr::BinaryDomain>
[DEBUG] Normal flow function factory call
[DEBUG] (N) Curr Inst : %argc.addr = alloca i32, align 4, !psr.id !42 | ID: 38
[DEBUG] (N) Succ Inst : %argv.addr = alloca i8**, align 8, !psr.id !43 | ID: 39
[DEBUG] Flow function fetched from cache
[DEBUG] Normal edge function factory call
[DEBUG] (N) Curr Inst : %argc.addr = alloca i32, align 4, !psr.id !42 | ID: 38
[DEBUG] (D) Curr Node : @zero_value = constant i2 0, align 4 | ID: -1
[DEBUG] (N) Succ Inst : %argv.addr = alloca i8**, align 8, !psr.id !43 | ID: 39
[DEBUG] (D) Succ Node : @zero_value = constant i2 0, align 4 | ID: -1
[DEBUG] Edge function constructed
[DEBUG] Provide Edge Function: psr::EdgeIdentity<psr::BinaryDomain>
[DEBUG] Queried Normal Edge Function: psr::EdgeIdentity<psr::BinaryDomain>
[DEBUG] Compose: psr::EdgeIdentity<psr::BinaryDomain> * psr::EdgeIdentity<psr::BinaryDomain> = psr::EdgeIdentity<psr::BinaryDomain>
[DEBUG] Propagate flow
[DEBUG] Source value  : @zero_value = constant i2 0, align 4 | ID: -1
[DEBUG] Target        : %argv.addr = alloca i8**, align 8, !psr.id !43 | ID: 39
[DEBUG] Target value  : @zero_value = constant i2 0, align 4 | ID: -1
[DEBUG] Edge function : psr::EdgeIdentity<psr::BinaryDomain> (result of previous compose)
[DEBUG] Join: psr::AllTop<psr::BinaryDomain> & psr::EdgeIdentity<psr::BinaryDomain> 
[DEBUG]     = psr::EdgeIdentity<psr::BinaryDomain> (new jump func)
[DEBUG]  
[DEBUG] Start adding new jump function
[DEBUG] Fact at source : @zero_value = constant i2 0, align 4 | ID: -1
[DEBUG] Fact at target : @zero_value = constant i2 0, align 4 | ID: -1
[DEBUG] Destination    : %argv.addr = alloca i8**, align 8, !psr.id !43 | ID: 39
[DEBUG] Edge Function  : psr::EdgeIdentity<psr::BinaryDomain>
[DEBUG] End adding new jump function
[DEBUG] -------------------------------------------- 95. Path Edge --------------------------------------------
[DEBUG]  
[DEBUG] Process 95. path edge:
[DEBUG] < D source: @zero_value = constant i2 0, align 4 | ID: -1 ;
[DEBUG]   N target: %argv.addr = alloca i8**, align 8, !psr.id !43 | ID: 39 ;
[DEBUG]   D target: @zero_value = constant i2 0, align 4 | ID: -1 >
[DEBUG]  
[DEBUG] Process normal at target: %argv.addr = alloca i8**, align 8, !psr.id !43 | ID: 39
[DEBUG] JumpFunctions Forward-Lookup:
[DEBUG]    Source D: @zero_value = constant i2 0, align 4 | ID: -1
[DEBUG]    Target N: %argv.addr = alloca i8**, align 8, !psr.id !43 | ID: 39
[DEBUG]    Target D: @zero_value = constant i2 0, align 4 | ID: -1
[DEBUG]   => EdgeFn: psr::EdgeIdentity<psr::BinaryDomain>
[DEBUG] Normal flow function factory call
[DEBUG] (N) Curr Inst : %argv.addr = alloca i8**, align 8, !psr.id !43 | ID: 39
[DEBUG] (N) Succ Inst : %conspicuous_x = alloca %"class.std::__cxx11::basic_string", align 8, !psr.id !44 | ID: 40
[DEBUG] Flow function fetched from cache
[DEBUG] Normal edge function factory call
[DEBUG] (N) Curr Inst : %argv.addr = alloca i8**, align 8, !psr.id !43 | ID: 39
[DEBUG] (D) Curr Node : @zero_value = constant i2 0, align 4 | ID: -1
[DEBUG] (N) Succ Inst : %conspicuous_x = alloca %"class.std::__cxx11::basic_string", align 8, !psr.id !44 | ID: 40
[DEBUG] (D) Succ Node : @zero_value = constant i2 0, align 4 | ID: -1
[DEBUG] Edge function constructed
[DEBUG] Provide Edge Function: psr::EdgeIdentity<psr::BinaryDomain>
[DEBUG] Queried Normal Edge Function: psr::EdgeIdentity<psr::BinaryDomain>
[DEBUG] Compose: psr::EdgeIdentity<psr::BinaryDomain> * psr::EdgeIdentity<psr::BinaryDomain> = psr::EdgeIdentity<psr::BinaryDomain>
[DEBUG] Propagate flow
[DEBUG] Source value  : @zero_value = constant i2 0, align 4 | ID: -1
[DEBUG] Target        : %conspicuous_x = alloca %"class.std::__cxx11::basic_string", align 8, !psr.id !44 | ID: 40
[DEBUG] Target value  : @zero_value = constant i2 0, align 4 | ID: -1
[DEBUG] Edge function : psr::EdgeIdentity<psr::BinaryDomain> (result of previous compose)
[DEBUG] Join: psr::AllTop<psr::BinaryDomain> & psr::EdgeIdentity<psr::BinaryDomain> 
[DEBUG]     = psr::EdgeIdentity<psr::BinaryDomain> (new jump func)
[DEBUG]  
[DEBUG] Start adding new jump function
[DEBUG] Fact at source : @zero_value = constant i2 0, align 4 | ID: -1
[DEBUG] Fact at target : @zero_value = constant i2 0, align 4 | ID: -1
[DEBUG] Destination    : %conspicuous_x = alloca %"class.std::__cxx11::basic_string", align 8, !psr.id !44 | ID: 40
[DEBUG] Edge Function  : psr::EdgeIdentity<psr::BinaryDomain>
[DEBUG] End adding new jump function
[DEBUG] -------------------------------------------- 96. Path Edge --------------------------------------------
[DEBUG]  
[DEBUG] Process 96. path edge:
[DEBUG] < D source: @zero_value = constant i2 0, align 4 | ID: -1 ;
[DEBUG]   N target: %conspicuous_x = alloca %"class.std::__cxx11::basic_string", align 8, !psr.id !44 | ID: 40 ;
[DEBUG]   D target: @zero_value = constant i2 0, align 4 | ID: -1 >
[DEBUG]  
[DEBUG] Process normal at target: %conspicuous_x = alloca %"class.std::__cxx11::basic_string", align 8, !psr.id !44 | ID: 40
[DEBUG] JumpFunctions Forward-Lookup:
[DEBUG]    Source D: @zero_value = constant i2 0, align 4 | ID: -1
[DEBUG]    Target N: %conspicuous_x = alloca %"class.std::__cxx11::basic_string", align 8, !psr.id !44 | ID: 40
[DEBUG]    Target D: @zero_value = constant i2 0, align 4 | ID: -1
[DEBUG]   => EdgeFn: psr::EdgeIdentity<psr::BinaryDomain>
[DEBUG] Normal flow function factory call
[DEBUG] (N) Curr Inst : %conspicuous_x = alloca %"class.std::__cxx11::basic_string", align 8, !psr.id !44 | ID: 40
[DEBUG] (N) Succ Inst : %agg.tmp = alloca %"class.std::__cxx11::basic_string", align 8, !psr.id !45 | ID: 41
[DEBUG] Flow function fetched from cache
[DEBUG] Normal edge function factory call
[DEBUG] (N) Curr Inst : %conspicuous_x = alloca %"class.std::__cxx11::basic_string", align 8, !psr.id !44 | ID: 40
[DEBUG] (D) Curr Node : @zero_value = constant i2 0, align 4 | ID: -1
[DEBUG] (N) Succ Inst : %agg.tmp = alloca %"class.std::__cxx11::basic_string", align 8, !psr.id !45 | ID: 41
[DEBUG] (D) Succ Node : @zero_value = constant i2 0, align 4 | ID: -1
[DEBUG] Edge function constructed
[DEBUG] Provide Edge Function: psr::EdgeIdentity<psr::BinaryDomain>
[DEBUG] Queried Normal Edge Function: psr::EdgeIdentity<psr::BinaryDomain>
[DEBUG] Compose: psr::EdgeIdentity<psr::BinaryDomain> * psr::EdgeIdentity<psr::BinaryDomain> = psr::EdgeIdentity<psr::BinaryDomain>
[DEBUG] Propagate flow
[DEBUG] Source value  : @zero_value = constant i2 0, align 4 | ID: -1
[DEBUG] Target        : %agg.tmp = alloca %"class.std::__cxx11::basic_string", align 8, !psr.id !45 | ID: 41
[DEBUG] Target value  : @zero_value = constant i2 0, align 4 | ID: -1
[DEBUG] Edge function : psr::EdgeIdentity<psr::BinaryDomain> (result of previous compose)
[DEBUG] Join: psr::AllTop<psr::BinaryDomain> & psr::EdgeIdentity<psr::BinaryDomain> 
[DEBUG]     = psr::EdgeIdentity<psr::BinaryDomain> (new jump func)
[DEBUG]  
[DEBUG] Start adding new jump function
[DEBUG] Fact at source : @zero_value = constant i2 0, align 4 | ID: -1
[DEBUG] Fact at target : @zero_value = constant i2 0, align 4 | ID: -1
[DEBUG] Destination    : %agg.tmp = alloca %"class.std::__cxx11::basic_string", align 8, !psr.id !45 | ID: 41
[DEBUG] Edge Function  : psr::EdgeIdentity<psr::BinaryDomain>
[DEBUG] End adding new jump function
[DEBUG] -------------------------------------------- 97. Path Edge --------------------------------------------
[DEBUG]  
[DEBUG] Process 97. path edge:
[DEBUG] < D source: @zero_value = constant i2 0, align 4 | ID: -1 ;
[DEBUG]   N target: %agg.tmp = alloca %"class.std::__cxx11::basic_string", align 8, !psr.id !45 | ID: 41 ;
[DEBUG]   D target: @zero_value = constant i2 0, align 4 | ID: -1 >
[DEBUG]  
[DEBUG] Process normal at target: %agg.tmp = alloca %"class.std::__cxx11::basic_string", align 8, !psr.id !45 | ID: 41
[DEBUG] JumpFunctions Forward-Lookup:
[DEBUG]    Source D: @zero_value = constant i2 0, align 4 | ID: -1
[DEBUG]    Target N: %agg.tmp = alloca %"class.std::__cxx11::basic_string", align 8, !psr.id !45 | ID: 41
[DEBUG]    Target D: @zero_value = constant i2 0, align 4 | ID: -1
[DEBUG]   => EdgeFn: psr::EdgeIdentity<psr::BinaryDomain>
[DEBUG] Normal flow function factory call
[DEBUG] (N) Curr Inst : %agg.tmp = alloca %"class.std::__cxx11::basic_string", align 8, !psr.id !45 | ID: 41
[DEBUG] (N) Succ Inst : %exn.slot = alloca i8*, align 8, !psr.id !46 | ID: 42
[DEBUG] Flow function fetched from cache
[DEBUG] Normal edge function factory call
[DEBUG] (N) Curr Inst : %agg.tmp = alloca %"class.std::__cxx11::basic_string", align 8, !psr.id !45 | ID: 41
[DEBUG] (D) Curr Node : @zero_value = constant i2 0, align 4 | ID: -1
[DEBUG] (N) Succ Inst : %exn.slot = alloca i8*, align 8, !psr.id !46 | ID: 42
[DEBUG] (D) Succ Node : @zero_value = constant i2 0, align 4 | ID: -1
[DEBUG] Edge function constructed
[DEBUG] Provide Edge Function: psr::EdgeIdentity<psr::BinaryDomain>
[DEBUG] Queried Normal Edge Function: psr::EdgeIdentity<psr::BinaryDomain>
[DEBUG] Compose: psr::EdgeIdentity<psr::BinaryDomain> * psr::EdgeIdentity<psr::BinaryDomain> = psr::EdgeIdentity<psr::BinaryDomain>
[DEBUG] Propagate flow
[DEBUG] Source value  : @zero_value = constant i2 0, align 4 | ID: -1
[DEBUG] Target        : %exn.slot = alloca i8*, align 8, !psr.id !46 | ID: 42
[DEBUG] Target value  : @zero_value = constant i2 0, align 4 | ID: -1
[DEBUG] Edge function : psr::EdgeIdentity<psr::BinaryDomain> (result of previous compose)
[DEBUG] Join: psr::AllTop<psr::BinaryDomain> & psr::EdgeIdentity<psr::BinaryDomain> 
[DEBUG]     = psr::EdgeIdentity<psr::BinaryDomain> (new jump func)
[DEBUG]  
[DEBUG] Start adding new jump function
[DEBUG] Fact at source : @zero_value = constant i2 0, align 4 | ID: -1
[DEBUG] Fact at target : @zero_value = constant i2 0, align 4 | ID: -1
[DEBUG] Destination    : %exn.slot = alloca i8*, align 8, !psr.id !46 | ID: 42
[DEBUG] Edge Function  : psr::EdgeIdentity<psr::BinaryDomain>
[DEBUG] End adding new jump function
[DEBUG] -------------------------------------------- 98. Path Edge --------------------------------------------
[DEBUG]  
[DEBUG] Process 98. path edge:
[DEBUG] < D source: @zero_value = constant i2 0, align 4 | ID: -1 ;
[DEBUG]   N target: %exn.slot = alloca i8*, align 8, !psr.id !46 | ID: 42 ;
[DEBUG]   D target: @zero_value = constant i2 0, align 4 | ID: -1 >
[DEBUG]  
[DEBUG] Process normal at target: %exn.slot = alloca i8*, align 8, !psr.id !46 | ID: 42
[DEBUG] JumpFunctions Forward-Lookup:
[DEBUG]    Source D: @zero_value = constant i2 0, align 4 | ID: -1
[DEBUG]    Target N: %exn.slot = alloca i8*, align 8, !psr.id !46 | ID: 42
[DEBUG]    Target D: @zero_value = constant i2 0, align 4 | ID: -1
[DEBUG]   => EdgeFn: psr::EdgeIdentity<psr::BinaryDomain>
[DEBUG] Normal flow function factory call
[DEBUG] (N) Curr Inst : %exn.slot = alloca i8*, align 8, !psr.id !46 | ID: 42
[DEBUG] (N) Succ Inst : %ehselector.slot = alloca i32, align 4, !psr.id !47 | ID: 43
[DEBUG] Flow function fetched from cache
[DEBUG] Normal edge function factory call
[DEBUG] (N) Curr Inst : %exn.slot = alloca i8*, align 8, !psr.id !46 | ID: 42
[DEBUG] (D) Curr Node : @zero_value = constant i2 0, align 4 | ID: -1
[DEBUG] (N) Succ Inst : %ehselector.slot = alloca i32, align 4, !psr.id !47 | ID: 43
[DEBUG] (D) Succ Node : @zero_value = constant i2 0, align 4 | ID: -1
[DEBUG] Edge function constructed
[DEBUG] Provide Edge Function: psr::EdgeIdentity<psr::BinaryDomain>
[DEBUG] Queried Normal Edge Function: psr::EdgeIdentity<psr::BinaryDomain>
[DEBUG] Compose: psr::EdgeIdentity<psr::BinaryDomain> * psr::EdgeIdentity<psr::BinaryDomain> = psr::EdgeIdentity<psr::BinaryDomain>
[DEBUG] Propagate flow
[DEBUG] Source value  : @zero_value = constant i2 0, align 4 | ID: -1
[DEBUG] Target        : %ehselector.slot = alloca i32, align 4, !psr.id !47 | ID: 43
[DEBUG] Target value  : @zero_value = constant i2 0, align 4 | ID: -1
[DEBUG] Edge function : psr::EdgeIdentity<psr::BinaryDomain> (result of previous compose)
[DEBUG] Join: psr::AllTop<psr::BinaryDomain> & psr::EdgeIdentity<psr::BinaryDomain> 
[DEBUG]     = psr::EdgeIdentity<psr::BinaryDomain> (new jump func)
[DEBUG]  
[DEBUG] Start adding new jump function
[DEBUG] Fact at source : @zero_value = constant i2 0, align 4 | ID: -1
[DEBUG] Fact at target : @zero_value = constant i2 0, align 4 | ID: -1
[DEBUG] Destination    : %ehselector.slot = alloca i32, align 4, !psr.id !47 | ID: 43
[DEBUG] Edge Function  : psr::EdgeIdentity<psr::BinaryDomain>
[DEBUG] End adding new jump function
[DEBUG] -------------------------------------------- 99. Path Edge --------------------------------------------
[DEBUG]  
[DEBUG] Process 99. path edge:
[DEBUG] < D source: @zero_value = constant i2 0, align 4 | ID: -1 ;
[DEBUG]   N target: %ehselector.slot = alloca i32, align 4, !psr.id !47 | ID: 43 ;
[DEBUG]   D target: @zero_value = constant i2 0, align 4 | ID: -1 >
[DEBUG]  
[DEBUG] Process normal at target: %ehselector.slot = alloca i32, align 4, !psr.id !47 | ID: 43
[DEBUG] JumpFunctions Forward-Lookup:
[DEBUG]    Source D: @zero_value = constant i2 0, align 4 | ID: -1
[DEBUG]    Target N: %ehselector.slot = alloca i32, align 4, !psr.id !47 | ID: 43
[DEBUG]    Target D: @zero_value = constant i2 0, align 4 | ID: -1
[DEBUG]   => EdgeFn: psr::EdgeIdentity<psr::BinaryDomain>
[DEBUG] Normal flow function factory call
[DEBUG] (N) Curr Inst : %ehselector.slot = alloca i32, align 4, !psr.id !47 | ID: 43
[DEBUG] (N) Succ Inst : store i32 %argc, i32* %argc.addr, align 4, !psr.id !48 | ID: 44
[DEBUG] Flow function fetched from cache
[DEBUG] Normal edge function factory call
[DEBUG] (N) Curr Inst : %ehselector.slot = alloca i32, align 4, !psr.id !47 | ID: 43
[DEBUG] (D) Curr Node : @zero_value = constant i2 0, align 4 | ID: -1
[DEBUG] (N) Succ Inst : store i32 %argc, i32* %argc.addr, align 4, !psr.id !48 | ID: 44
[DEBUG] (D) Succ Node : @zero_value = constant i2 0, align 4 | ID: -1
[DEBUG] Edge function constructed
[DEBUG] Provide Edge Function: psr::EdgeIdentity<psr::BinaryDomain>
[DEBUG] Queried Normal Edge Function: psr::EdgeIdentity<psr::BinaryDomain>
[DEBUG] Compose: psr::EdgeIdentity<psr::BinaryDomain> * psr::EdgeIdentity<psr::BinaryDomain> = psr::EdgeIdentity<psr::BinaryDomain>
[DEBUG] Propagate flow
[DEBUG] Source value  : @zero_value = constant i2 0, align 4 | ID: -1
[DEBUG] Target        : store i32 %argc, i32* %argc.addr, align 4, !psr.id !48 | ID: 44
[DEBUG] Target value  : @zero_value = constant i2 0, align 4 | ID: -1
[DEBUG] Edge function : psr::EdgeIdentity<psr::BinaryDomain> (result of previous compose)
[DEBUG] Join: psr::AllTop<psr::BinaryDomain> & psr::EdgeIdentity<psr::BinaryDomain> 
[DEBUG]     = psr::EdgeIdentity<psr::BinaryDomain> (new jump func)
[DEBUG]  
[DEBUG] Start adding new jump function
[DEBUG] Fact at source : @zero_value = constant i2 0, align 4 | ID: -1
[DEBUG] Fact at target : @zero_value = constant i2 0, align 4 | ID: -1
[DEBUG] Destination    : store i32 %argc, i32* %argc.addr, align 4, !psr.id !48 | ID: 44
[DEBUG] Edge Function  : psr::EdgeIdentity<psr::BinaryDomain>
[DEBUG] End adding new jump function
[DEBUG] -------------------------------------------- 100. Path Edge --------------------------------------------
[DEBUG]  
[DEBUG] Process 100. path edge:
[DEBUG] < D source: @zero_value = constant i2 0, align 4 | ID: -1 ;
[DEBUG]   N target: store i32 %argc, i32* %argc.addr, align 4, !psr.id !48 | ID: 44 ;
[DEBUG]   D target: @zero_value = constant i2 0, align 4 | ID: -1 >
[DEBUG]  
[DEBUG] Process normal at target: store i32 %argc, i32* %argc.addr, align 4, !psr.id !48 | ID: 44
[DEBUG] JumpFunctions Forward-Lookup:
[DEBUG]    Source D: @zero_value = constant i2 0, align 4 | ID: -1
[DEBUG]    Target N: store i32 %argc, i32* %argc.addr, align 4, !psr.id !48 | ID: 44
[DEBUG]    Target D: @zero_value = constant i2 0, align 4 | ID: -1
[DEBUG]   => EdgeFn: psr::EdgeIdentity<psr::BinaryDomain>
[DEBUG] Normal flow function factory call
[DEBUG] (N) Curr Inst : store i32 %argc, i32* %argc.addr, align 4, !psr.id !48 | ID: 44
[DEBUG] (N) Succ Inst : store i8** %argv, i8*** %argv.addr, align 8, !psr.id !49 | ID: 45
[DEBUG] Flow function fetched from cache
[DEBUG] Normal edge function factory call
[DEBUG] (N) Curr Inst : store i32 %argc, i32* %argc.addr, align 4, !psr.id !48 | ID: 44
[DEBUG] (D) Curr Node : @zero_value = constant i2 0, align 4 | ID: -1
[DEBUG] (N) Succ Inst : store i8** %argv, i8*** %argv.addr, align 8, !psr.id !49 | ID: 45
[DEBUG] (D) Succ Node : @zero_value = constant i2 0, align 4 | ID: -1
[DEBUG] Edge function constructed
[DEBUG] Provide Edge Function: psr::EdgeIdentity<psr::BinaryDomain>
[DEBUG] Queried Normal Edge Function: psr::EdgeIdentity<psr::BinaryDomain>
[DEBUG] Compose: psr::EdgeIdentity<psr::BinaryDomain> * psr::EdgeIdentity<psr::BinaryDomain> = psr::EdgeIdentity<psr::BinaryDomain>
[DEBUG] Propagate flow
[DEBUG] Source value  : @zero_value = constant i2 0, align 4 | ID: -1
[DEBUG] Target        : store i8** %argv, i8*** %argv.addr, align 8, !psr.id !49 | ID: 45
[DEBUG] Target value  : @zero_value = constant i2 0, align 4 | ID: -1
[DEBUG] Edge function : psr::EdgeIdentity<psr::BinaryDomain> (result of previous compose)
[DEBUG] Join: psr::AllTop<psr::BinaryDomain> & psr::EdgeIdentity<psr::BinaryDomain> 
[DEBUG]     = psr::EdgeIdentity<psr::BinaryDomain> (new jump func)
[DEBUG]  
[DEBUG] Start adding new jump function
[DEBUG] Fact at source : @zero_value = constant i2 0, align 4 | ID: -1
[DEBUG] Fact at target : @zero_value = constant i2 0, align 4 | ID: -1
[DEBUG] Destination    : store i8** %argv, i8*** %argv.addr, align 8, !psr.id !49 | ID: 45
[DEBUG] Edge Function  : psr::EdgeIdentity<psr::BinaryDomain>
[DEBUG] End adding new jump function
[DEBUG] -------------------------------------------- 101. Path Edge --------------------------------------------
[DEBUG]  
[DEBUG] Process 101. path edge:
[DEBUG] < D source: @zero_value = constant i2 0, align 4 | ID: -1 ;
[DEBUG]   N target: store i8** %argv, i8*** %argv.addr, align 8, !psr.id !49 | ID: 45 ;
[DEBUG]   D target: @zero_value = constant i2 0, align 4 | ID: -1 >
[DEBUG]  
[DEBUG] Process normal at target: store i8** %argv, i8*** %argv.addr, align 8, !psr.id !49 | ID: 45
[DEBUG] JumpFunctions Forward-Lookup:
[DEBUG]    Source D: @zero_value = constant i2 0, align 4 | ID: -1
[DEBUG]    Target N: store i8** %argv, i8*** %argv.addr, align 8, !psr.id !49 | ID: 45
[DEBUG]    Target D: @zero_value = constant i2 0, align 4 | ID: -1
[DEBUG]   => EdgeFn: psr::EdgeIdentity<psr::BinaryDomain>
[DEBUG] Normal flow function factory call
[DEBUG] (N) Curr Inst : store i8** %argv, i8*** %argv.addr, align 8, !psr.id !49 | ID: 45
[DEBUG] (N) Succ Inst : call void @_Z11source_funcB5cxx11v(%"class.std::__cxx11::basic_string"* sret(%"class.std::__cxx11::basic_string") align 8 %conspicuous_x), !psr.id !50 | ID: 46
[DEBUG] Flow function fetched from cache
[DEBUG] Normal edge function factory call
[DEBUG] (N) Curr Inst : store i8** %argv, i8*** %argv.addr, align 8, !psr.id !49 | ID: 45
[DEBUG] (D) Curr Node : @zero_value = constant i2 0, align 4 | ID: -1
[DEBUG] (N) Succ Inst : call void @_Z11source_funcB5cxx11v(%"class.std::__cxx11::basic_string"* sret(%"class.std::__cxx11::basic_string") align 8 %conspicuous_x), !psr.id !50 | ID: 46
[DEBUG] (D) Succ Node : @zero_value = constant i2 0, align 4 | ID: -1
[DEBUG] Edge function constructed
[DEBUG] Provide Edge Function: psr::EdgeIdentity<psr::BinaryDomain>
[DEBUG] Queried Normal Edge Function: psr::EdgeIdentity<psr::BinaryDomain>
[DEBUG] Compose: psr::EdgeIdentity<psr::BinaryDomain> * psr::EdgeIdentity<psr::BinaryDomain> = psr::EdgeIdentity<psr::BinaryDomain>
[DEBUG] Propagate flow
[DEBUG] Source value  : @zero_value = constant i2 0, align 4 | ID: -1
[DEBUG] Target        : call void @_Z11source_funcB5cxx11v(%"class.std::__cxx11::basic_string"* sret(%"class.std::__cxx11::basic_string") align 8 %conspicuous_x), !psr.id !50 | ID: 46
[DEBUG] Target value  : @zero_value = constant i2 0, align 4 | ID: -1
[DEBUG] Edge function : psr::EdgeIdentity<psr::BinaryDomain> (result of previous compose)
[DEBUG] Join: psr::AllTop<psr::BinaryDomain> & psr::EdgeIdentity<psr::BinaryDomain> 
[DEBUG]     = psr::EdgeIdentity<psr::BinaryDomain> (new jump func)
[DEBUG]  
[DEBUG] Start adding new jump function
[DEBUG] Fact at source : @zero_value = constant i2 0, align 4 | ID: -1
[DEBUG] Fact at target : @zero_value = constant i2 0, align 4 | ID: -1
[DEBUG] Destination    : call void @_Z11source_funcB5cxx11v(%"class.std::__cxx11::basic_string"* sret(%"class.std::__cxx11::basic_string") align 8 %conspicuous_x), !psr.id !50 | ID: 46
[DEBUG] Edge Function  : psr::EdgeIdentity<psr::BinaryDomain>
[DEBUG] End adding new jump function
[DEBUG] -------------------------------------------- 102. Path Edge --------------------------------------------
[DEBUG]  
[DEBUG] Process 102. path edge:
[DEBUG] < D source: @zero_value = constant i2 0, align 4 | ID: -1 ;
[DEBUG]   N target: call void @_Z11source_funcB5cxx11v(%"class.std::__cxx11::basic_string"* sret(%"class.std::__cxx11::basic_string") align 8 %conspicuous_x), !psr.id !50 | ID: 46 ;
[DEBUG]   D target: @zero_value = constant i2 0, align 4 | ID: -1 >
[DEBUG]  
[DEBUG] Process call at target: call void @_Z11source_funcB5cxx11v(%"class.std::__cxx11::basic_string"* sret(%"class.std::__cxx11::basic_string") align 8 %conspicuous_x), !psr.id !50 | ID: 46
[DEBUG] JumpFunctions Forward-Lookup:
[DEBUG]    Source D: @zero_value = constant i2 0, align 4 | ID: -1
[DEBUG]    Target N: call void @_Z11source_funcB5cxx11v(%"class.std::__cxx11::basic_string"* sret(%"class.std::__cxx11::basic_string") align 8 %conspicuous_x), !psr.id !50 | ID: 46
[DEBUG]    Target D: @zero_value = constant i2 0, align 4 | ID: -1
[DEBUG]   => EdgeFn: psr::EdgeIdentity<psr::BinaryDomain>
[DEBUG] Possible callees:
[DEBUG]   _Z11source_funcB5cxx11v
[DEBUG] Possible return sites:
[DEBUG]   invoke void @_ZNSt7__cxx1112basic_stringIcSt11char_traitsIcESaIcEEC1ERKS4_(%"class.std::__cxx11::basic_string"* noundef nonnull align 8 dereferenceable(32) %agg.tmp, %"class.std::__cxx11::basic_string"* noundef nonnull align 8 dereferenceable(32) %conspicuous_x)
          to label %invoke.cont unwind label %lpad, !psr.id !51 | ID: 47
[DEBUG] Summary flow function factory call
[DEBUG] (N) Call Stmt : call void @_Z11source_funcB5cxx11v(%"class.std::__cxx11::basic_string"* sret(%"class.std::__cxx11::basic_string") align 8 %conspicuous_x), !psr.id !50 | ID: 46
[DEBUG] (F) Dest Mthd : _Z11source_funcB5cxx11v
[DEBUG]  
[DEBUG] Call flow function factory call
[DEBUG] (N) Call Stmt : call void @_Z11source_funcB5cxx11v(%"class.std::__cxx11::basic_string"* sret(%"class.std::__cxx11::basic_string") align 8 %conspicuous_x), !psr.id !50 | ID: 46
[DEBUG] (F) Dest Fun : _Z11source_funcB5cxx11v
[DEBUG] Flow function fetched from cache
[DEBUG] Create initial self-loop with D: @zero_value = constant i2 0, align 4 | ID: -1
[DEBUG] Propagate flow
[DEBUG] Source value  : @zero_value = constant i2 0, align 4 | ID: -1
[DEBUG] Target        : %this.addr.i6 = alloca %"class.std::__new_allocator"*, align 8, !psr.id !5 | ID: 1
[DEBUG] Target value  : @zero_value = constant i2 0, align 4 | ID: -1
[DEBUG] Edge function : psr::EdgeIdentity<psr::BinaryDomain> (result of previous compose)
[DEBUG] Join: psr::AllTop<psr::BinaryDomain> & psr::EdgeIdentity<psr::BinaryDomain> 
[DEBUG]     = psr::EdgeIdentity<psr::BinaryDomain> (new jump func)
[DEBUG]  
[DEBUG] Start adding new jump function
[DEBUG] Fact at source : @zero_value = constant i2 0, align 4 | ID: -1
[DEBUG] Fact at target : @zero_value = constant i2 0, align 4 | ID: -1
[DEBUG] Destination    : %this.addr.i6 = alloca %"class.std::__new_allocator"*, align 8, !psr.id !5 | ID: 1
[DEBUG] Edge Function  : psr::EdgeIdentity<psr::BinaryDomain>
[DEBUG] End adding new jump function
[DEBUG] -------------------------------------------- 103. Path Edge --------------------------------------------
[DEBUG]  
[DEBUG] Process 103. path edge:
[DEBUG] < D source: @zero_value = constant i2 0, align 4 | ID: -1 ;
[DEBUG]   N target: %this.addr.i6 = alloca %"class.std::__new_allocator"*, align 8, !psr.id !5 | ID: 1 ;
[DEBUG]   D target: @zero_value = constant i2 0, align 4 | ID: -1 >
[DEBUG]  
[DEBUG] Process normal at target: %this.addr.i6 = alloca %"class.std::__new_allocator"*, align 8, !psr.id !5 | ID: 1
[DEBUG] JumpFunctions Forward-Lookup:
[DEBUG]    Source D: @zero_value = constant i2 0, align 4 | ID: -1
[DEBUG]    Target N: %this.addr.i6 = alloca %"class.std::__new_allocator"*, align 8, !psr.id !5 | ID: 1
[DEBUG]    Target D: @zero_value = constant i2 0, align 4 | ID: -1
[DEBUG]   => EdgeFn: psr::EdgeIdentity<psr::BinaryDomain>
[DEBUG] Normal flow function factory call
[DEBUG] (N) Curr Inst : %this.addr.i6 = alloca %"class.std::__new_allocator"*, align 8, !psr.id !5 | ID: 1
[DEBUG] (N) Succ Inst : %this.addr.i4 = alloca %"class.std::allocator"*, align 8, !psr.id !6 | ID: 2
[DEBUG] Flow function constructed
[DEBUG] Normal edge function factory call
[DEBUG] (N) Curr Inst : %this.addr.i6 = alloca %"class.std::__new_allocator"*, align 8, !psr.id !5 | ID: 1
[DEBUG] (D) Curr Node : @zero_value = constant i2 0, align 4 | ID: -1
[DEBUG] (N) Succ Inst : %this.addr.i4 = alloca %"class.std::allocator"*, align 8, !psr.id !6 | ID: 2
[DEBUG] (D) Succ Node : @zero_value = constant i2 0, align 4 | ID: -1
[DEBUG] Edge function constructed
[DEBUG] Provide Edge Function: psr::EdgeIdentity<psr::BinaryDomain>
[DEBUG] Queried Normal Edge Function: psr::EdgeIdentity<psr::BinaryDomain>
[DEBUG] Compose: psr::EdgeIdentity<psr::BinaryDomain> * psr::EdgeIdentity<psr::BinaryDomain> = psr::EdgeIdentity<psr::BinaryDomain>
[DEBUG] Propagate flow
[DEBUG] Source value  : @zero_value = constant i2 0, align 4 | ID: -1
[DEBUG] Target        : %this.addr.i4 = alloca %"class.std::allocator"*, align 8, !psr.id !6 | ID: 2
[DEBUG] Target value  : @zero_value = constant i2 0, align 4 | ID: -1
[DEBUG] Edge function : psr::EdgeIdentity<psr::BinaryDomain> (result of previous compose)
[DEBUG] Join: psr::AllTop<psr::BinaryDomain> & psr::EdgeIdentity<psr::BinaryDomain> 
[DEBUG]     = psr::EdgeIdentity<psr::BinaryDomain> (new jump func)
[DEBUG]  
[DEBUG] Start adding new jump function
[DEBUG] Fact at source : @zero_value = constant i2 0, align 4 | ID: -1
[DEBUG] Fact at target : @zero_value = constant i2 0, align 4 | ID: -1
[DEBUG] Destination    : %this.addr.i4 = alloca %"class.std::allocator"*, align 8, !psr.id !6 | ID: 2
[DEBUG] Edge Function  : psr::EdgeIdentity<psr::BinaryDomain>
[DEBUG] End adding new jump function
[DEBUG] -------------------------------------------- 104. Path Edge --------------------------------------------
[DEBUG]  
[DEBUG] Process 104. path edge:
[DEBUG] < D source: @zero_value = constant i2 0, align 4 | ID: -1 ;
[DEBUG]   N target: %this.addr.i4 = alloca %"class.std::allocator"*, align 8, !psr.id !6 | ID: 2 ;
[DEBUG]   D target: @zero_value = constant i2 0, align 4 | ID: -1 >
[DEBUG]  
[DEBUG] Process normal at target: %this.addr.i4 = alloca %"class.std::allocator"*, align 8, !psr.id !6 | ID: 2
[DEBUG] JumpFunctions Forward-Lookup:
[DEBUG]    Source D: @zero_value = constant i2 0, align 4 | ID: -1
[DEBUG]    Target N: %this.addr.i4 = alloca %"class.std::allocator"*, align 8, !psr.id !6 | ID: 2
[DEBUG]    Target D: @zero_value = constant i2 0, align 4 | ID: -1
[DEBUG]   => EdgeFn: psr::EdgeIdentity<psr::BinaryDomain>
[DEBUG] Normal flow function factory call
[DEBUG] (N) Curr Inst : %this.addr.i4 = alloca %"class.std::allocator"*, align 8, !psr.id !6 | ID: 2
[DEBUG] (N) Succ Inst : %this.addr.i2 = alloca %"class.std::allocator"*, align 8, !psr.id !7 | ID: 3
[DEBUG] Flow function constructed
[DEBUG] Normal edge function factory call
[DEBUG] (N) Curr Inst : %this.addr.i4 = alloca %"class.std::allocator"*, align 8, !psr.id !6 | ID: 2
[DEBUG] (D) Curr Node : @zero_value = constant i2 0, align 4 | ID: -1
[DEBUG] (N) Succ Inst : %this.addr.i2 = alloca %"class.std::allocator"*, align 8, !psr.id !7 | ID: 3
[DEBUG] (D) Succ Node : @zero_value = constant i2 0, align 4 | ID: -1
[DEBUG] Edge function constructed
[DEBUG] Provide Edge Function: psr::EdgeIdentity<psr::BinaryDomain>
[DEBUG] Queried Normal Edge Function: psr::EdgeIdentity<psr::BinaryDomain>
[DEBUG] Compose: psr::EdgeIdentity<psr::BinaryDomain> * psr::EdgeIdentity<psr::BinaryDomain> = psr::EdgeIdentity<psr::BinaryDomain>
[DEBUG] Propagate flow
[DEBUG] Source value  : @zero_value = constant i2 0, align 4 | ID: -1
[DEBUG] Target        : %this.addr.i2 = alloca %"class.std::allocator"*, align 8, !psr.id !7 | ID: 3
[DEBUG] Target value  : @zero_value = constant i2 0, align 4 | ID: -1
[DEBUG] Edge function : psr::EdgeIdentity<psr::BinaryDomain> (result of previous compose)
[DEBUG] Join: psr::AllTop<psr::BinaryDomain> & psr::EdgeIdentity<psr::BinaryDomain> 
[DEBUG]     = psr::EdgeIdentity<psr::BinaryDomain> (new jump func)
[DEBUG]  
[DEBUG] Start adding new jump function
[DEBUG] Fact at source : @zero_value = constant i2 0, align 4 | ID: -1
[DEBUG] Fact at target : @zero_value = constant i2 0, align 4 | ID: -1
[DEBUG] Destination    : %this.addr.i2 = alloca %"class.std::allocator"*, align 8, !psr.id !7 | ID: 3
[DEBUG] Edge Function  : psr::EdgeIdentity<psr::BinaryDomain>
[DEBUG] End adding new jump function
[DEBUG] -------------------------------------------- 105. Path Edge --------------------------------------------
[DEBUG]  
[DEBUG] Process 105. path edge:
[DEBUG] < D source: @zero_value = constant i2 0, align 4 | ID: -1 ;
[DEBUG]   N target: %this.addr.i2 = alloca %"class.std::allocator"*, align 8, !psr.id !7 | ID: 3 ;
[DEBUG]   D target: @zero_value = constant i2 0, align 4 | ID: -1 >
[DEBUG]  
[DEBUG] Process normal at target: %this.addr.i2 = alloca %"class.std::allocator"*, align 8, !psr.id !7 | ID: 3
[DEBUG] JumpFunctions Forward-Lookup:
[DEBUG]    Source D: @zero_value = constant i2 0, align 4 | ID: -1
[DEBUG]    Target N: %this.addr.i2 = alloca %"class.std::allocator"*, align 8, !psr.id !7 | ID: 3
[DEBUG]    Target D: @zero_value = constant i2 0, align 4 | ID: -1
[DEBUG]   => EdgeFn: psr::EdgeIdentity<psr::BinaryDomain>
[DEBUG] Normal flow function factory call
[DEBUG] (N) Curr Inst : %this.addr.i2 = alloca %"class.std::allocator"*, align 8, !psr.id !7 | ID: 3
[DEBUG] (N) Succ Inst : %this.addr.i = alloca %"class.std::allocator"*, align 8, !psr.id !8 | ID: 4
[DEBUG] Flow function constructed
[DEBUG] Normal edge function factory call
[DEBUG] (N) Curr Inst : %this.addr.i2 = alloca %"class.std::allocator"*, align 8, !psr.id !7 | ID: 3
[DEBUG] (D) Curr Node : @zero_value = constant i2 0, align 4 | ID: -1
[DEBUG] (N) Succ Inst : %this.addr.i = alloca %"class.std::allocator"*, align 8, !psr.id !8 | ID: 4
[DEBUG] (D) Succ Node : @zero_value = constant i2 0, align 4 | ID: -1
[DEBUG] Edge function constructed
[DEBUG] Provide Edge Function: psr::EdgeIdentity<psr::BinaryDomain>
[DEBUG] Queried Normal Edge Function: psr::EdgeIdentity<psr::BinaryDomain>
[DEBUG] Compose: psr::EdgeIdentity<psr::BinaryDomain> * psr::EdgeIdentity<psr::BinaryDomain> = psr::EdgeIdentity<psr::BinaryDomain>
[DEBUG] Propagate flow
[DEBUG] Source value  : @zero_value = constant i2 0, align 4 | ID: -1
[DEBUG] Target        : %this.addr.i = alloca %"class.std::allocator"*, align 8, !psr.id !8 | ID: 4
[DEBUG] Target value  : @zero_value = constant i2 0, align 4 | ID: -1
[DEBUG] Edge function : psr::EdgeIdentity<psr::BinaryDomain> (result of previous compose)
[DEBUG] Join: psr::AllTop<psr::BinaryDomain> & psr::EdgeIdentity<psr::BinaryDomain> 
[DEBUG]     = psr::EdgeIdentity<psr::BinaryDomain> (new jump func)
[DEBUG]  
[DEBUG] Start adding new jump function
[DEBUG] Fact at source : @zero_value = constant i2 0, align 4 | ID: -1
[DEBUG] Fact at target : @zero_value = constant i2 0, align 4 | ID: -1
[DEBUG] Destination    : %this.addr.i = alloca %"class.std::allocator"*, align 8, !psr.id !8 | ID: 4
[DEBUG] Edge Function  : psr::EdgeIdentity<psr::BinaryDomain>
[DEBUG] End adding new jump function
[DEBUG] -------------------------------------------- 106. Path Edge --------------------------------------------
[DEBUG]  
[DEBUG] Process 106. path edge:
[DEBUG] < D source: @zero_value = constant i2 0, align 4 | ID: -1 ;
[DEBUG]   N target: %this.addr.i = alloca %"class.std::allocator"*, align 8, !psr.id !8 | ID: 4 ;
[DEBUG]   D target: @zero_value = constant i2 0, align 4 | ID: -1 >
[DEBUG]  
[DEBUG] Process normal at target: %this.addr.i = alloca %"class.std::allocator"*, align 8, !psr.id !8 | ID: 4
[DEBUG] JumpFunctions Forward-Lookup:
[DEBUG]    Source D: @zero_value = constant i2 0, align 4 | ID: -1
[DEBUG]    Target N: %this.addr.i = alloca %"class.std::allocator"*, align 8, !psr.id !8 | ID: 4
[DEBUG]    Target D: @zero_value = constant i2 0, align 4 | ID: -1
[DEBUG]   => EdgeFn: psr::EdgeIdentity<psr::BinaryDomain>
[DEBUG] Normal flow function factory call
[DEBUG] (N) Curr Inst : %this.addr.i = alloca %"class.std::allocator"*, align 8, !psr.id !8 | ID: 4
[DEBUG] (N) Succ Inst : %result.ptr = alloca i8*, align 8, !psr.id !9 | ID: 5
[DEBUG] Flow function constructed
[DEBUG] Normal edge function factory call
[DEBUG] (N) Curr Inst : %this.addr.i = alloca %"class.std::allocator"*, align 8, !psr.id !8 | ID: 4
[DEBUG] (D) Curr Node : @zero_value = constant i2 0, align 4 | ID: -1
[DEBUG] (N) Succ Inst : %result.ptr = alloca i8*, align 8, !psr.id !9 | ID: 5
[DEBUG] (D) Succ Node : @zero_value = constant i2 0, align 4 | ID: -1
[DEBUG] Edge function constructed
[DEBUG] Provide Edge Function: psr::EdgeIdentity<psr::BinaryDomain>
[DEBUG] Queried Normal Edge Function: psr::EdgeIdentity<psr::BinaryDomain>
[DEBUG] Compose: psr::EdgeIdentity<psr::BinaryDomain> * psr::EdgeIdentity<psr::BinaryDomain> = psr::EdgeIdentity<psr::BinaryDomain>
[DEBUG] Propagate flow
[DEBUG] Source value  : @zero_value = constant i2 0, align 4 | ID: -1
[DEBUG] Target        : %result.ptr = alloca i8*, align 8, !psr.id !9 | ID: 5
[DEBUG] Target value  : @zero_value = constant i2 0, align 4 | ID: -1
[DEBUG] Edge function : psr::EdgeIdentity<psr::BinaryDomain> (result of previous compose)
[DEBUG] Join: psr::AllTop<psr::BinaryDomain> & psr::EdgeIdentity<psr::BinaryDomain> 
[DEBUG]     = psr::EdgeIdentity<psr::BinaryDomain> (new jump func)
[DEBUG]  
[DEBUG] Start adding new jump function
[DEBUG] Fact at source : @zero_value = constant i2 0, align 4 | ID: -1
[DEBUG] Fact at target : @zero_value = constant i2 0, align 4 | ID: -1
[DEBUG] Destination    : %result.ptr = alloca i8*, align 8, !psr.id !9 | ID: 5
[DEBUG] Edge Function  : psr::EdgeIdentity<psr::BinaryDomain>
[DEBUG] End adding new jump function
[DEBUG] -------------------------------------------- 107. Path Edge --------------------------------------------
[DEBUG]  
[DEBUG] Process 107. path edge:
[DEBUG] < D source: @zero_value = constant i2 0, align 4 | ID: -1 ;
[DEBUG]   N target: %result.ptr = alloca i8*, align 8, !psr.id !9 | ID: 5 ;
[DEBUG]   D target: @zero_value = constant i2 0, align 4 | ID: -1 >
[DEBUG]  
[DEBUG] Process normal at target: %result.ptr = alloca i8*, align 8, !psr.id !9 | ID: 5
[DEBUG] JumpFunctions Forward-Lookup:
[DEBUG]    Source D: @zero_value = constant i2 0, align 4 | ID: -1
[DEBUG]    Target N: %result.ptr = alloca i8*, align 8, !psr.id !9 | ID: 5
[DEBUG]    Target D: @zero_value = constant i2 0, align 4 | ID: -1
[DEBUG]   => EdgeFn: psr::EdgeIdentity<psr::BinaryDomain>
[DEBUG] Normal flow function factory call
[DEBUG] (N) Curr Inst : %result.ptr = alloca i8*, align 8, !psr.id !9 | ID: 5
[DEBUG] (N) Succ Inst : %ref.tmp = alloca %"class.std::allocator", align 1, !psr.id !10 | ID: 6
[DEBUG] Flow function constructed
[DEBUG] Normal edge function factory call
[DEBUG] (N) Curr Inst : %result.ptr = alloca i8*, align 8, !psr.id !9 | ID: 5
[DEBUG] (D) Curr Node : @zero_value = constant i2 0, align 4 | ID: -1
[DEBUG] (N) Succ Inst : %ref.tmp = alloca %"class.std::allocator", align 1, !psr.id !10 | ID: 6
[DEBUG] (D) Succ Node : @zero_value = constant i2 0, align 4 | ID: -1
[DEBUG] Edge function constructed
[DEBUG] Provide Edge Function: psr::EdgeIdentity<psr::BinaryDomain>
[DEBUG] Queried Normal Edge Function: psr::EdgeIdentity<psr::BinaryDomain>
[DEBUG] Compose: psr::EdgeIdentity<psr::BinaryDomain> * psr::EdgeIdentity<psr::BinaryDomain> = psr::EdgeIdentity<psr::BinaryDomain>
[DEBUG] Propagate flow
[DEBUG] Source value  : @zero_value = constant i2 0, align 4 | ID: -1
[DEBUG] Target        : %ref.tmp = alloca %"class.std::allocator", align 1, !psr.id !10 | ID: 6
[DEBUG] Target value  : @zero_value = constant i2 0, align 4 | ID: -1
[DEBUG] Edge function : psr::EdgeIdentity<psr::BinaryDomain> (result of previous compose)
[DEBUG] Join: psr::AllTop<psr::BinaryDomain> & psr::EdgeIdentity<psr::BinaryDomain> 
[DEBUG]     = psr::EdgeIdentity<psr::BinaryDomain> (new jump func)
[DEBUG]  
[DEBUG] Start adding new jump function
[DEBUG] Fact at source : @zero_value = constant i2 0, align 4 | ID: -1
[DEBUG] Fact at target : @zero_value = constant i2 0, align 4 | ID: -1
[DEBUG] Destination    : %ref.tmp = alloca %"class.std::allocator", align 1, !psr.id !10 | ID: 6
[DEBUG] Edge Function  : psr::EdgeIdentity<psr::BinaryDomain>
[DEBUG] End adding new jump function
[DEBUG] -------------------------------------------- 108. Path Edge --------------------------------------------
[DEBUG]  
[DEBUG] Process 108. path edge:
[DEBUG] < D source: @zero_value = constant i2 0, align 4 | ID: -1 ;
[DEBUG]   N target: %ref.tmp = alloca %"class.std::allocator", align 1, !psr.id !10 | ID: 6 ;
[DEBUG]   D target: @zero_value = constant i2 0, align 4 | ID: -1 >
[DEBUG]  
[DEBUG] Process normal at target: %ref.tmp = alloca %"class.std::allocator", align 1, !psr.id !10 | ID: 6
[DEBUG] JumpFunctions Forward-Lookup:
[DEBUG]    Source D: @zero_value = constant i2 0, align 4 | ID: -1
[DEBUG]    Target N: %ref.tmp = alloca %"class.std::allocator", align 1, !psr.id !10 | ID: 6
[DEBUG]    Target D: @zero_value = constant i2 0, align 4 | ID: -1
[DEBUG]   => EdgeFn: psr::EdgeIdentity<psr::BinaryDomain>
[DEBUG] Normal flow function factory call
[DEBUG] (N) Curr Inst : %ref.tmp = alloca %"class.std::allocator", align 1, !psr.id !10 | ID: 6
[DEBUG] (N) Succ Inst : %exn.slot = alloca i8*, align 8, !psr.id !11 | ID: 7
[DEBUG] Flow function constructed
[DEBUG] Normal edge function factory call
[DEBUG] (N) Curr Inst : %ref.tmp = alloca %"class.std::allocator", align 1, !psr.id !10 | ID: 6
[DEBUG] (D) Curr Node : @zero_value = constant i2 0, align 4 | ID: -1
[DEBUG] (N) Succ Inst : %exn.slot = alloca i8*, align 8, !psr.id !11 | ID: 7
[DEBUG] (D) Succ Node : @zero_value = constant i2 0, align 4 | ID: -1
[DEBUG] Edge function constructed
[DEBUG] Provide Edge Function: psr::EdgeIdentity<psr::BinaryDomain>
[DEBUG] Queried Normal Edge Function: psr::EdgeIdentity<psr::BinaryDomain>
[DEBUG] Compose: psr::EdgeIdentity<psr::BinaryDomain> * psr::EdgeIdentity<psr::BinaryDomain> = psr::EdgeIdentity<psr::BinaryDomain>
[DEBUG] Propagate flow
[DEBUG] Source value  : @zero_value = constant i2 0, align 4 | ID: -1
[DEBUG] Target        : %exn.slot = alloca i8*, align 8, !psr.id !11 | ID: 7
[DEBUG] Target value  : @zero_value = constant i2 0, align 4 | ID: -1
[DEBUG] Edge function : psr::EdgeIdentity<psr::BinaryDomain> (result of previous compose)
[DEBUG] Join: psr::AllTop<psr::BinaryDomain> & psr::EdgeIdentity<psr::BinaryDomain> 
[DEBUG]     = psr::EdgeIdentity<psr::BinaryDomain> (new jump func)
[DEBUG]  
[DEBUG] Start adding new jump function
[DEBUG] Fact at source : @zero_value = constant i2 0, align 4 | ID: -1
[DEBUG] Fact at target : @zero_value = constant i2 0, align 4 | ID: -1
[DEBUG] Destination    : %exn.slot = alloca i8*, align 8, !psr.id !11 | ID: 7
[DEBUG] Edge Function  : psr::EdgeIdentity<psr::BinaryDomain>
[DEBUG] End adding new jump function
[DEBUG] -------------------------------------------- 109. Path Edge --------------------------------------------
[DEBUG]  
[DEBUG] Process 109. path edge:
[DEBUG] < D source: @zero_value = constant i2 0, align 4 | ID: -1 ;
[DEBUG]   N target: %exn.slot = alloca i8*, align 8, !psr.id !11 | ID: 7 ;
[DEBUG]   D target: @zero_value = constant i2 0, align 4 | ID: -1 >
[DEBUG]  
[DEBUG] Process normal at target: %exn.slot = alloca i8*, align 8, !psr.id !11 | ID: 7
[DEBUG] JumpFunctions Forward-Lookup:
[DEBUG]    Source D: @zero_value = constant i2 0, align 4 | ID: -1
[DEBUG]    Target N: %exn.slot = alloca i8*, align 8, !psr.id !11 | ID: 7
[DEBUG]    Target D: @zero_value = constant i2 0, align 4 | ID: -1
[DEBUG]   => EdgeFn: psr::EdgeIdentity<psr::BinaryDomain>
[DEBUG] Normal flow function factory call
[DEBUG] (N) Curr Inst : %exn.slot = alloca i8*, align 8, !psr.id !11 | ID: 7
[DEBUG] (N) Succ Inst : %ehselector.slot = alloca i32, align 4, !psr.id !12 | ID: 8
[DEBUG] Flow function constructed
[DEBUG] Normal edge function factory call
[DEBUG] (N) Curr Inst : %exn.slot = alloca i8*, align 8, !psr.id !11 | ID: 7
[DEBUG] (D) Curr Node : @zero_value = constant i2 0, align 4 | ID: -1
[DEBUG] (N) Succ Inst : %ehselector.slot = alloca i32, align 4, !psr.id !12 | ID: 8
[DEBUG] (D) Succ Node : @zero_value = constant i2 0, align 4 | ID: -1
[DEBUG] Edge function constructed
[DEBUG] Provide Edge Function: psr::EdgeIdentity<psr::BinaryDomain>
[DEBUG] Queried Normal Edge Function: psr::EdgeIdentity<psr::BinaryDomain>
[DEBUG] Compose: psr::EdgeIdentity<psr::BinaryDomain> * psr::EdgeIdentity<psr::BinaryDomain> = psr::EdgeIdentity<psr::BinaryDomain>
[DEBUG] Propagate flow
[DEBUG] Source value  : @zero_value = constant i2 0, align 4 | ID: -1
[DEBUG] Target        : %ehselector.slot = alloca i32, align 4, !psr.id !12 | ID: 8
[DEBUG] Target value  : @zero_value = constant i2 0, align 4 | ID: -1
[DEBUG] Edge function : psr::EdgeIdentity<psr::BinaryDomain> (result of previous compose)
[DEBUG] Join: psr::AllTop<psr::BinaryDomain> & psr::EdgeIdentity<psr::BinaryDomain> 
[DEBUG]     = psr::EdgeIdentity<psr::BinaryDomain> (new jump func)
[DEBUG]  
[DEBUG] Start adding new jump function
[DEBUG] Fact at source : @zero_value = constant i2 0, align 4 | ID: -1
[DEBUG] Fact at target : @zero_value = constant i2 0, align 4 | ID: -1
[DEBUG] Destination    : %ehselector.slot = alloca i32, align 4, !psr.id !12 | ID: 8
[DEBUG] Edge Function  : psr::EdgeIdentity<psr::BinaryDomain>
[DEBUG] End adding new jump function
[DEBUG] -------------------------------------------- 110. Path Edge --------------------------------------------
[DEBUG]  
[DEBUG] Process 110. path edge:
[DEBUG] < D source: @zero_value = constant i2 0, align 4 | ID: -1 ;
[DEBUG]   N target: %ehselector.slot = alloca i32, align 4, !psr.id !12 | ID: 8 ;
[DEBUG]   D target: @zero_value = constant i2 0, align 4 | ID: -1 >
[DEBUG]  
[DEBUG] Process normal at target: %ehselector.slot = alloca i32, align 4, !psr.id !12 | ID: 8
[DEBUG] JumpFunctions Forward-Lookup:
[DEBUG]    Source D: @zero_value = constant i2 0, align 4 | ID: -1
[DEBUG]    Target N: %ehselector.slot = alloca i32, align 4, !psr.id !12 | ID: 8
[DEBUG]    Target D: @zero_value = constant i2 0, align 4 | ID: -1
[DEBUG]   => EdgeFn: psr::EdgeIdentity<psr::BinaryDomain>
[DEBUG] Normal flow function factory call
[DEBUG] (N) Curr Inst : %ehselector.slot = alloca i32, align 4, !psr.id !12 | ID: 8
[DEBUG] (N) Succ Inst : %0 = bitcast %"class.std::__cxx11::basic_string"* %agg.result to i8*, !psr.id !13 | ID: 9
[DEBUG] Flow function constructed
[DEBUG] Normal edge function factory call
[DEBUG] (N) Curr Inst : %ehselector.slot = alloca i32, align 4, !psr.id !12 | ID: 8
[DEBUG] (D) Curr Node : @zero_value = constant i2 0, align 4 | ID: -1
[DEBUG] (N) Succ Inst : %0 = bitcast %"class.std::__cxx11::basic_string"* %agg.result to i8*, !psr.id !13 | ID: 9
[DEBUG] (D) Succ Node : @zero_value = constant i2 0, align 4 | ID: -1
[DEBUG] Edge function constructed
[DEBUG] Provide Edge Function: psr::EdgeIdentity<psr::BinaryDomain>
[DEBUG] Queried Normal Edge Function: psr::EdgeIdentity<psr::BinaryDomain>
[DEBUG] Compose: psr::EdgeIdentity<psr::BinaryDomain> * psr::EdgeIdentity<psr::BinaryDomain> = psr::EdgeIdentity<psr::BinaryDomain>
[DEBUG] Propagate flow
[DEBUG] Source value  : @zero_value = constant i2 0, align 4 | ID: -1
[DEBUG] Target        : %0 = bitcast %"class.std::__cxx11::basic_string"* %agg.result to i8*, !psr.id !13 | ID: 9
[DEBUG] Target value  : @zero_value = constant i2 0, align 4 | ID: -1
[DEBUG] Edge function : psr::EdgeIdentity<psr::BinaryDomain> (result of previous compose)
[DEBUG] Join: psr::AllTop<psr::BinaryDomain> & psr::EdgeIdentity<psr::BinaryDomain> 
[DEBUG]     = psr::EdgeIdentity<psr::BinaryDomain> (new jump func)
[DEBUG]  
[DEBUG] Start adding new jump function
[DEBUG] Fact at source : @zero_value = constant i2 0, align 4 | ID: -1
[DEBUG] Fact at target : @zero_value = constant i2 0, align 4 | ID: -1
[DEBUG] Destination    : %0 = bitcast %"class.std::__cxx11::basic_string"* %agg.result to i8*, !psr.id !13 | ID: 9
[DEBUG] Edge Function  : psr::EdgeIdentity<psr::BinaryDomain>
[DEBUG] End adding new jump function
[DEBUG] -------------------------------------------- 111. Path Edge --------------------------------------------
[DEBUG]  
[DEBUG] Process 111. path edge:
[DEBUG] < D source: @zero_value = constant i2 0, align 4 | ID: -1 ;
[DEBUG]   N target: %0 = bitcast %"class.std::__cxx11::basic_string"* %agg.result to i8*, !psr.id !13 | ID: 9 ;
[DEBUG]   D target: @zero_value = constant i2 0, align 4 | ID: -1 >
[DEBUG]  
[DEBUG] Process normal at target: %0 = bitcast %"class.std::__cxx11::basic_string"* %agg.result to i8*, !psr.id !13 | ID: 9
[DEBUG] JumpFunctions Forward-Lookup:
[DEBUG]    Source D: @zero_value = constant i2 0, align 4 | ID: -1
[DEBUG]    Target N: %0 = bitcast %"class.std::__cxx11::basic_string"* %agg.result to i8*, !psr.id !13 | ID: 9
[DEBUG]    Target D: @zero_value = constant i2 0, align 4 | ID: -1
[DEBUG]   => EdgeFn: psr::EdgeIdentity<psr::BinaryDomain>
[DEBUG] Normal flow function factory call
[DEBUG] (N) Curr Inst : %0 = bitcast %"class.std::__cxx11::basic_string"* %agg.result to i8*, !psr.id !13 | ID: 9
[DEBUG] (N) Succ Inst : store i8* %0, i8** %result.ptr, align 8, !psr.id !14 | ID: 10
[DEBUG] Flow function constructed
[DEBUG] Normal edge function factory call
[DEBUG] (N) Curr Inst : %0 = bitcast %"class.std::__cxx11::basic_string"* %agg.result to i8*, !psr.id !13 | ID: 9
[DEBUG] (D) Curr Node : @zero_value = constant i2 0, align 4 | ID: -1
[DEBUG] (N) Succ Inst : store i8* %0, i8** %result.ptr, align 8, !psr.id !14 | ID: 10
[DEBUG] (D) Succ Node : @zero_value = constant i2 0, align 4 | ID: -1
[DEBUG] Edge function constructed
[DEBUG] Provide Edge Function: psr::EdgeIdentity<psr::BinaryDomain>
[DEBUG] Queried Normal Edge Function: psr::EdgeIdentity<psr::BinaryDomain>
[DEBUG] Compose: psr::EdgeIdentity<psr::BinaryDomain> * psr::EdgeIdentity<psr::BinaryDomain> = psr::EdgeIdentity<psr::BinaryDomain>
[DEBUG] Propagate flow
[DEBUG] Source value  : @zero_value = constant i2 0, align 4 | ID: -1
[DEBUG] Target        : store i8* %0, i8** %result.ptr, align 8, !psr.id !14 | ID: 10
[DEBUG] Target value  : @zero_value = constant i2 0, align 4 | ID: -1
[DEBUG] Edge function : psr::EdgeIdentity<psr::BinaryDomain> (result of previous compose)
[DEBUG] Join: psr::AllTop<psr::BinaryDomain> & psr::EdgeIdentity<psr::BinaryDomain> 
[DEBUG]     = psr::EdgeIdentity<psr::BinaryDomain> (new jump func)
[DEBUG]  
[DEBUG] Start adding new jump function
[DEBUG] Fact at source : @zero_value = constant i2 0, align 4 | ID: -1
[DEBUG] Fact at target : @zero_value = constant i2 0, align 4 | ID: -1
[DEBUG] Destination    : store i8* %0, i8** %result.ptr, align 8, !psr.id !14 | ID: 10
[DEBUG] Edge Function  : psr::EdgeIdentity<psr::BinaryDomain>
[DEBUG] End adding new jump function
[DEBUG] -------------------------------------------- 112. Path Edge --------------------------------------------
[DEBUG]  
[DEBUG] Process 112. path edge:
[DEBUG] < D source: @zero_value = constant i2 0, align 4 | ID: -1 ;
[DEBUG]   N target: store i8* %0, i8** %result.ptr, align 8, !psr.id !14 | ID: 10 ;
[DEBUG]   D target: @zero_value = constant i2 0, align 4 | ID: -1 >
[DEBUG]  
[DEBUG] Process normal at target: store i8* %0, i8** %result.ptr, align 8, !psr.id !14 | ID: 10
[DEBUG] JumpFunctions Forward-Lookup:
[DEBUG]    Source D: @zero_value = constant i2 0, align 4 | ID: -1
[DEBUG]    Target N: store i8* %0, i8** %result.ptr, align 8, !psr.id !14 | ID: 10
[DEBUG]    Target D: @zero_value = constant i2 0, align 4 | ID: -1
[DEBUG]   => EdgeFn: psr::EdgeIdentity<psr::BinaryDomain>
[DEBUG] Normal flow function factory call
[DEBUG] (N) Curr Inst : store i8* %0, i8** %result.ptr, align 8, !psr.id !14 | ID: 10
[DEBUG] (N) Succ Inst : store %"class.std::allocator"* %ref.tmp, %"class.std::allocator"** %this.addr.i, align 8, !psr.id !15 | ID: 11
[DEBUG] Flow function constructed
[DEBUG] Normal edge function factory call
[DEBUG] (N) Curr Inst : store i8* %0, i8** %result.ptr, align 8, !psr.id !14 | ID: 10
[DEBUG] (D) Curr Node : @zero_value = constant i2 0, align 4 | ID: -1
[DEBUG] (N) Succ Inst : store %"class.std::allocator"* %ref.tmp, %"class.std::allocator"** %this.addr.i, align 8, !psr.id !15 | ID: 11
[DEBUG] (D) Succ Node : @zero_value = constant i2 0, align 4 | ID: -1
[DEBUG] Edge function constructed
[DEBUG] Provide Edge Function: psr::EdgeIdentity<psr::BinaryDomain>
[DEBUG] Queried Normal Edge Function: psr::EdgeIdentity<psr::BinaryDomain>
[DEBUG] Compose: psr::EdgeIdentity<psr::BinaryDomain> * psr::EdgeIdentity<psr::BinaryDomain> = psr::EdgeIdentity<psr::BinaryDomain>
[DEBUG] Propagate flow
[DEBUG] Source value  : @zero_value = constant i2 0, align 4 | ID: -1
[DEBUG] Target        : store %"class.std::allocator"* %ref.tmp, %"class.std::allocator"** %this.addr.i, align 8, !psr.id !15 | ID: 11
[DEBUG] Target value  : @zero_value = constant i2 0, align 4 | ID: -1
[DEBUG] Edge function : psr::EdgeIdentity<psr::BinaryDomain> (result of previous compose)
[DEBUG] Join: psr::AllTop<psr::BinaryDomain> & psr::EdgeIdentity<psr::BinaryDomain> 
[DEBUG]     = psr::EdgeIdentity<psr::BinaryDomain> (new jump func)
[DEBUG]  
[DEBUG] Start adding new jump function
[DEBUG] Fact at source : @zero_value = constant i2 0, align 4 | ID: -1
[DEBUG] Fact at target : @zero_value = constant i2 0, align 4 | ID: -1
[DEBUG] Destination    : store %"class.std::allocator"* %ref.tmp, %"class.std::allocator"** %this.addr.i, align 8, !psr.id !15 | ID: 11
[DEBUG] Edge Function  : psr::EdgeIdentity<psr::BinaryDomain>
[DEBUG] End adding new jump function
[DEBUG] -------------------------------------------- 113. Path Edge --------------------------------------------
[DEBUG]  
[DEBUG] Process 113. path edge:
[DEBUG] < D source: @zero_value = constant i2 0, align 4 | ID: -1 ;
[DEBUG]   N target: store %"class.std::allocator"* %ref.tmp, %"class.std::allocator"** %this.addr.i, align 8, !psr.id !15 | ID: 11 ;
[DEBUG]   D target: @zero_value = constant i2 0, align 4 | ID: -1 >
[DEBUG]  
[DEBUG] Process normal at target: store %"class.std::allocator"* %ref.tmp, %"class.std::allocator"** %this.addr.i, align 8, !psr.id !15 | ID: 11
[DEBUG] JumpFunctions Forward-Lookup:
[DEBUG]    Source D: @zero_value = constant i2 0, align 4 | ID: -1
[DEBUG]    Target N: store %"class.std::allocator"* %ref.tmp, %"class.std::allocator"** %this.addr.i, align 8, !psr.id !15 | ID: 11
[DEBUG]    Target D: @zero_value = constant i2 0, align 4 | ID: -1
[DEBUG]   => EdgeFn: psr::EdgeIdentity<psr::BinaryDomain>
[DEBUG] Normal flow function factory call
[DEBUG] (N) Curr Inst : store %"class.std::allocator"* %ref.tmp, %"class.std::allocator"** %this.addr.i, align 8, !psr.id !15 | ID: 11
[DEBUG] (N) Succ Inst : %this1.i = load %"class.std::allocator"*, %"class.std::allocator"** %this.addr.i, align 8, !psr.id !16 | ID: 12
[DEBUG] Flow function constructed
[DEBUG] Normal edge function factory call
[DEBUG] (N) Curr Inst : store %"class.std::allocator"* %ref.tmp, %"class.std::allocator"** %this.addr.i, align 8, !psr.id !15 | ID: 11
[DEBUG] (D) Curr Node : @zero_value = constant i2 0, align 4 | ID: -1
[DEBUG] (N) Succ Inst : %this1.i = load %"class.std::allocator"*, %"class.std::allocator"** %this.addr.i, align 8, !psr.id !16 | ID: 12
[DEBUG] (D) Succ Node : @zero_value = constant i2 0, align 4 | ID: -1
[DEBUG] Edge function constructed
[DEBUG] Provide Edge Function: psr::EdgeIdentity<psr::BinaryDomain>
[DEBUG] Queried Normal Edge Function: psr::EdgeIdentity<psr::BinaryDomain>
[DEBUG] Compose: psr::EdgeIdentity<psr::BinaryDomain> * psr::EdgeIdentity<psr::BinaryDomain> = psr::EdgeIdentity<psr::BinaryDomain>
[DEBUG] Propagate flow
[DEBUG] Source value  : @zero_value = constant i2 0, align 4 | ID: -1
[DEBUG] Target        : %this1.i = load %"class.std::allocator"*, %"class.std::allocator"** %this.addr.i, align 8, !psr.id !16 | ID: 12
[DEBUG] Target value  : @zero_value = constant i2 0, align 4 | ID: -1
[DEBUG] Edge function : psr::EdgeIdentity<psr::BinaryDomain> (result of previous compose)
[DEBUG] Join: psr::AllTop<psr::BinaryDomain> & psr::EdgeIdentity<psr::BinaryDomain> 
[DEBUG]     = psr::EdgeIdentity<psr::BinaryDomain> (new jump func)
[DEBUG]  
[DEBUG] Start adding new jump function
[DEBUG] Fact at source : @zero_value = constant i2 0, align 4 | ID: -1
[DEBUG] Fact at target : @zero_value = constant i2 0, align 4 | ID: -1
[DEBUG] Destination    : %this1.i = load %"class.std::allocator"*, %"class.std::allocator"** %this.addr.i, align 8, !psr.id !16 | ID: 12
[DEBUG] Edge Function  : psr::EdgeIdentity<psr::BinaryDomain>
[DEBUG] End adding new jump function
[DEBUG] -------------------------------------------- 114. Path Edge --------------------------------------------
[DEBUG]  
[DEBUG] Process 114. path edge:
[DEBUG] < D source: @zero_value = constant i2 0, align 4 | ID: -1 ;
[DEBUG]   N target: %this1.i = load %"class.std::allocator"*, %"class.std::allocator"** %this.addr.i, align 8, !psr.id !16 | ID: 12 ;
[DEBUG]   D target: @zero_value = constant i2 0, align 4 | ID: -1 >
[DEBUG]  
[DEBUG] Process normal at target: %this1.i = load %"class.std::allocator"*, %"class.std::allocator"** %this.addr.i, align 8, !psr.id !16 | ID: 12
[DEBUG] JumpFunctions Forward-Lookup:
[DEBUG]    Source D: @zero_value = constant i2 0, align 4 | ID: -1
[DEBUG]    Target N: %this1.i = load %"class.std::allocator"*, %"class.std::allocator"** %this.addr.i, align 8, !psr.id !16 | ID: 12
[DEBUG]    Target D: @zero_value = constant i2 0, align 4 | ID: -1
[DEBUG]   => EdgeFn: psr::EdgeIdentity<psr::BinaryDomain>
[DEBUG] Normal flow function factory call
[DEBUG] (N) Curr Inst : %this1.i = load %"class.std::allocator"*, %"class.std::allocator"** %this.addr.i, align 8, !psr.id !16 | ID: 12
[DEBUG] (N) Succ Inst : %1 = bitcast %"class.std::allocator"* %this1.i to %"class.std::__new_allocator"*, !psr.id !17 | ID: 13
[DEBUG] Flow function constructed
[DEBUG] Normal edge function factory call
[DEBUG] (N) Curr Inst : %this1.i = load %"class.std::allocator"*, %"class.std::allocator"** %this.addr.i, align 8, !psr.id !16 | ID: 12
[DEBUG] (D) Curr Node : @zero_value = constant i2 0, align 4 | ID: -1
[DEBUG] (N) Succ Inst : %1 = bitcast %"class.std::allocator"* %this1.i to %"class.std::__new_allocator"*, !psr.id !17 | ID: 13
[DEBUG] (D) Succ Node : @zero_value = constant i2 0, align 4 | ID: -1
[DEBUG] Edge function constructed
[DEBUG] Provide Edge Function: psr::EdgeIdentity<psr::BinaryDomain>
[DEBUG] Queried Normal Edge Function: psr::EdgeIdentity<psr::BinaryDomain>
[DEBUG] Compose: psr::EdgeIdentity<psr::BinaryDomain> * psr::EdgeIdentity<psr::BinaryDomain> = psr::EdgeIdentity<psr::BinaryDomain>
[DEBUG] Propagate flow
[DEBUG] Source value  : @zero_value = constant i2 0, align 4 | ID: -1
[DEBUG] Target        : %1 = bitcast %"class.std::allocator"* %this1.i to %"class.std::__new_allocator"*, !psr.id !17 | ID: 13
[DEBUG] Target value  : @zero_value = constant i2 0, align 4 | ID: -1
[DEBUG] Edge function : psr::EdgeIdentity<psr::BinaryDomain> (result of previous compose)
[DEBUG] Join: psr::AllTop<psr::BinaryDomain> & psr::EdgeIdentity<psr::BinaryDomain> 
[DEBUG]     = psr::EdgeIdentity<psr::BinaryDomain> (new jump func)
[DEBUG]  
[DEBUG] Start adding new jump function
[DEBUG] Fact at source : @zero_value = constant i2 0, align 4 | ID: -1
[DEBUG] Fact at target : @zero_value = constant i2 0, align 4 | ID: -1
[DEBUG] Destination    : %1 = bitcast %"class.std::allocator"* %this1.i to %"class.std::__new_allocator"*, !psr.id !17 | ID: 13
[DEBUG] Edge Function  : psr::EdgeIdentity<psr::BinaryDomain>
[DEBUG] End adding new jump function
[DEBUG] -------------------------------------------- 115. Path Edge --------------------------------------------
[DEBUG]  
[DEBUG] Process 115. path edge:
[DEBUG] < D source: @zero_value = constant i2 0, align 4 | ID: -1 ;
[DEBUG]   N target: %1 = bitcast %"class.std::allocator"* %this1.i to %"class.std::__new_allocator"*, !psr.id !17 | ID: 13 ;
[DEBUG]   D target: @zero_value = constant i2 0, align 4 | ID: -1 >
[DEBUG]  
[DEBUG] Process normal at target: %1 = bitcast %"class.std::allocator"* %this1.i to %"class.std::__new_allocator"*, !psr.id !17 | ID: 13
[DEBUG] JumpFunctions Forward-Lookup:
[DEBUG]    Source D: @zero_value = constant i2 0, align 4 | ID: -1
[DEBUG]    Target N: %1 = bitcast %"class.std::allocator"* %this1.i to %"class.std::__new_allocator"*, !psr.id !17 | ID: 13
[DEBUG]    Target D: @zero_value = constant i2 0, align 4 | ID: -1
[DEBUG]   => EdgeFn: psr::EdgeIdentity<psr::BinaryDomain>
[DEBUG] Normal flow function factory call
[DEBUG] (N) Curr Inst : %1 = bitcast %"class.std::allocator"* %this1.i to %"class.std::__new_allocator"*, !psr.id !17 | ID: 13
[DEBUG] (N) Succ Inst : store %"class.std::__new_allocator"* %1, %"class.std::__new_allocator"** %this.addr.i6, align 8, !psr.id !18 | ID: 14
[DEBUG] Flow function constructed
[DEBUG] Normal edge function factory call
[DEBUG] (N) Curr Inst : %1 = bitcast %"class.std::allocator"* %this1.i to %"class.std::__new_allocator"*, !psr.id !17 | ID: 13
[DEBUG] (D) Curr Node : @zero_value = constant i2 0, align 4 | ID: -1
[DEBUG] (N) Succ Inst : store %"class.std::__new_allocator"* %1, %"class.std::__new_allocator"** %this.addr.i6, align 8, !psr.id !18 | ID: 14
[DEBUG] (D) Succ Node : @zero_value = constant i2 0, align 4 | ID: -1
[DEBUG] Edge function constructed
[DEBUG] Provide Edge Function: psr::EdgeIdentity<psr::BinaryDomain>
[DEBUG] Queried Normal Edge Function: psr::EdgeIdentity<psr::BinaryDomain>
[DEBUG] Compose: psr::EdgeIdentity<psr::BinaryDomain> * psr::EdgeIdentity<psr::BinaryDomain> = psr::EdgeIdentity<psr::BinaryDomain>
[DEBUG] Propagate flow
[DEBUG] Source value  : @zero_value = constant i2 0, align 4 | ID: -1
[DEBUG] Target        : store %"class.std::__new_allocator"* %1, %"class.std::__new_allocator"** %this.addr.i6, align 8, !psr.id !18 | ID: 14
[DEBUG] Target value  : @zero_value = constant i2 0, align 4 | ID: -1
[DEBUG] Edge function : psr::EdgeIdentity<psr::BinaryDomain> (result of previous compose)
[DEBUG] Join: psr::AllTop<psr::BinaryDomain> & psr::EdgeIdentity<psr::BinaryDomain> 
[DEBUG]     = psr::EdgeIdentity<psr::BinaryDomain> (new jump func)
[DEBUG]  
[DEBUG] Start adding new jump function
[DEBUG] Fact at source : @zero_value = constant i2 0, align 4 | ID: -1
[DEBUG] Fact at target : @zero_value = constant i2 0, align 4 | ID: -1
[DEBUG] Destination    : store %"class.std::__new_allocator"* %1, %"class.std::__new_allocator"** %this.addr.i6, align 8, !psr.id !18 | ID: 14
[DEBUG] Edge Function  : psr::EdgeIdentity<psr::BinaryDomain>
[DEBUG] End adding new jump function
[DEBUG] -------------------------------------------- 116. Path Edge --------------------------------------------
[DEBUG]  
[DEBUG] Process 116. path edge:
[DEBUG] < D source: @zero_value = constant i2 0, align 4 | ID: -1 ;
[DEBUG]   N target: store %"class.std::__new_allocator"* %1, %"class.std::__new_allocator"** %this.addr.i6, align 8, !psr.id !18 | ID: 14 ;
[DEBUG]   D target: @zero_value = constant i2 0, align 4 | ID: -1 >
[DEBUG]  
[DEBUG] Process normal at target: store %"class.std::__new_allocator"* %1, %"class.std::__new_allocator"** %this.addr.i6, align 8, !psr.id !18 | ID: 14
[DEBUG] JumpFunctions Forward-Lookup:
[DEBUG]    Source D: @zero_value = constant i2 0, align 4 | ID: -1
[DEBUG]    Target N: store %"class.std::__new_allocator"* %1, %"class.std::__new_allocator"** %this.addr.i6, align 8, !psr.id !18 | ID: 14
[DEBUG]    Target D: @zero_value = constant i2 0, align 4 | ID: -1
[DEBUG]   => EdgeFn: psr::EdgeIdentity<psr::BinaryDomain>
[DEBUG] Normal flow function factory call
[DEBUG] (N) Curr Inst : store %"class.std::__new_allocator"* %1, %"class.std::__new_allocator"** %this.addr.i6, align 8, !psr.id !18 | ID: 14
[DEBUG] (N) Succ Inst : %this1.i7 = load %"class.std::__new_allocator"*, %"class.std::__new_allocator"** %this.addr.i6, align 8, !psr.id !19 | ID: 15
[DEBUG] Flow function constructed
[DEBUG] Normal edge function factory call
[DEBUG] (N) Curr Inst : store %"class.std::__new_allocator"* %1, %"class.std::__new_allocator"** %this.addr.i6, align 8, !psr.id !18 | ID: 14
[DEBUG] (D) Curr Node : @zero_value = constant i2 0, align 4 | ID: -1
[DEBUG] (N) Succ Inst : %this1.i7 = load %"class.std::__new_allocator"*, %"class.std::__new_allocator"** %this.addr.i6, align 8, !psr.id !19 | ID: 15
[DEBUG] (D) Succ Node : @zero_value = constant i2 0, align 4 | ID: -1
[DEBUG] Edge function constructed
[DEBUG] Provide Edge Function: psr::EdgeIdentity<psr::BinaryDomain>
[DEBUG] Queried Normal Edge Function: psr::EdgeIdentity<psr::BinaryDomain>
[DEBUG] Compose: psr::EdgeIdentity<psr::BinaryDomain> * psr::EdgeIdentity<psr::BinaryDomain> = psr::EdgeIdentity<psr::BinaryDomain>
[DEBUG] Propagate flow
[DEBUG] Source value  : @zero_value = constant i2 0, align 4 | ID: -1
[DEBUG] Target        : %this1.i7 = load %"class.std::__new_allocator"*, %"class.std::__new_allocator"** %this.addr.i6, align 8, !psr.id !19 | ID: 15
[DEBUG] Target value  : @zero_value = constant i2 0, align 4 | ID: -1
[DEBUG] Edge function : psr::EdgeIdentity<psr::BinaryDomain> (result of previous compose)
[DEBUG] Join: psr::AllTop<psr::BinaryDomain> & psr::EdgeIdentity<psr::BinaryDomain> 
[DEBUG]     = psr::EdgeIdentity<psr::BinaryDomain> (new jump func)
[DEBUG]  
[DEBUG] Start adding new jump function
[DEBUG] Fact at source : @zero_value = constant i2 0, align 4 | ID: -1
[DEBUG] Fact at target : @zero_value = constant i2 0, align 4 | ID: -1
[DEBUG] Destination    : %this1.i7 = load %"class.std::__new_allocator"*, %"class.std::__new_allocator"** %this.addr.i6, align 8, !psr.id !19 | ID: 15
[DEBUG] Edge Function  : psr::EdgeIdentity<psr::BinaryDomain>
[DEBUG] End adding new jump function
[DEBUG] -------------------------------------------- 117. Path Edge --------------------------------------------
[DEBUG]  
[DEBUG] Process 117. path edge:
[DEBUG] < D source: @zero_value = constant i2 0, align 4 | ID: -1 ;
[DEBUG]   N target: %this1.i7 = load %"class.std::__new_allocator"*, %"class.std::__new_allocator"** %this.addr.i6, align 8, !psr.id !19 | ID: 15 ;
[DEBUG]   D target: @zero_value = constant i2 0, align 4 | ID: -1 >
[DEBUG]  
[DEBUG] Process normal at target: %this1.i7 = load %"class.std::__new_allocator"*, %"class.std::__new_allocator"** %this.addr.i6, align 8, !psr.id !19 | ID: 15
[DEBUG] JumpFunctions Forward-Lookup:
[DEBUG]    Source D: @zero_value = constant i2 0, align 4 | ID: -1
[DEBUG]    Target N: %this1.i7 = load %"class.std::__new_allocator"*, %"class.std::__new_allocator"** %this.addr.i6, align 8, !psr.id !19 | ID: 15
[DEBUG]    Target D: @zero_value = constant i2 0, align 4 | ID: -1
[DEBUG]   => EdgeFn: psr::EdgeIdentity<psr::BinaryDomain>
[DEBUG] Normal flow function factory call
[DEBUG] (N) Curr Inst : %this1.i7 = load %"class.std::__new_allocator"*, %"class.std::__new_allocator"** %this.addr.i6, align 8, !psr.id !19 | ID: 15
[DEBUG] (N) Succ Inst : invoke void @_ZNSt7__cxx1112basic_stringIcSt11char_traitsIcESaIcEEC1EPKcRKS3_(%"class.std::__cxx11::basic_string"* noundef nonnull align 8 dereferenceable(32) %agg.result, i8* noundef getelementptr inbounds ([4 x i8], [4 x i8]* @.str, i64 0, i64 0), %"class.std::allocator"* noundef nonnull align 1 dereferenceable(1) %ref.tmp)
          to label %invoke.cont unwind label %lpad, !psr.id !20 | ID: 16
[DEBUG] Flow function constructed
[DEBUG] Normal edge function factory call
[DEBUG] (N) Curr Inst : %this1.i7 = load %"class.std::__new_allocator"*, %"class.std::__new_allocator"** %this.addr.i6, align 8, !psr.id !19 | ID: 15
[DEBUG] (D) Curr Node : @zero_value = constant i2 0, align 4 | ID: -1
[DEBUG] (N) Succ Inst : invoke void @_ZNSt7__cxx1112basic_stringIcSt11char_traitsIcESaIcEEC1EPKcRKS3_(%"class.std::__cxx11::basic_string"* noundef nonnull align 8 dereferenceable(32) %agg.result, i8* noundef getelementptr inbounds ([4 x i8], [4 x i8]* @.str, i64 0, i64 0), %"class.std::allocator"* noundef nonnull align 1 dereferenceable(1) %ref.tmp)
          to label %invoke.cont unwind label %lpad, !psr.id !20 | ID: 16
[DEBUG] (D) Succ Node : @zero_value = constant i2 0, align 4 | ID: -1
[DEBUG] Edge function constructed
[DEBUG] Provide Edge Function: psr::EdgeIdentity<psr::BinaryDomain>
[DEBUG] Queried Normal Edge Function: psr::EdgeIdentity<psr::BinaryDomain>
[DEBUG] Compose: psr::EdgeIdentity<psr::BinaryDomain> * psr::EdgeIdentity<psr::BinaryDomain> = psr::EdgeIdentity<psr::BinaryDomain>
[DEBUG] Propagate flow
[DEBUG] Source value  : @zero_value = constant i2 0, align 4 | ID: -1
[DEBUG] Target        : invoke void @_ZNSt7__cxx1112basic_stringIcSt11char_traitsIcESaIcEEC1EPKcRKS3_(%"class.std::__cxx11::basic_string"* noundef nonnull align 8 dereferenceable(32) %agg.result, i8* noundef getelementptr inbounds ([4 x i8], [4 x i8]* @.str, i64 0, i64 0), %"class.std::allocator"* noundef nonnull align 1 dereferenceable(1) %ref.tmp)
          to label %invoke.cont unwind label %lpad, !psr.id !20 | ID: 16
[DEBUG] Target value  : @zero_value = constant i2 0, align 4 | ID: -1
[DEBUG] Edge function : psr::EdgeIdentity<psr::BinaryDomain> (result of previous compose)
[DEBUG] Join: psr::AllTop<psr::BinaryDomain> & psr::EdgeIdentity<psr::BinaryDomain> 
[DEBUG]     = psr::EdgeIdentity<psr::BinaryDomain> (new jump func)
[DEBUG]  
[DEBUG] Start adding new jump function
[DEBUG] Fact at source : @zero_value = constant i2 0, align 4 | ID: -1
[DEBUG] Fact at target : @zero_value = constant i2 0, align 4 | ID: -1
[DEBUG] Destination    : invoke void @_ZNSt7__cxx1112basic_stringIcSt11char_traitsIcESaIcEEC1EPKcRKS3_(%"class.std::__cxx11::basic_string"* noundef nonnull align 8 dereferenceable(32) %agg.result, i8* noundef getelementptr inbounds ([4 x i8], [4 x i8]* @.str, i64 0, i64 0), %"class.std::allocator"* noundef nonnull align 1 dereferenceable(1) %ref.tmp)
          to label %invoke.cont unwind label %lpad, !psr.id !20 | ID: 16
[DEBUG] Edge Function  : psr::EdgeIdentity<psr::BinaryDomain>
[DEBUG] End adding new jump function
[DEBUG] -------------------------------------------- 118. Path Edge --------------------------------------------
[DEBUG]  
[DEBUG] Process 118. path edge:
[DEBUG] < D source: @zero_value = constant i2 0, align 4 | ID: -1 ;
[DEBUG]   N target: invoke void @_ZNSt7__cxx1112basic_stringIcSt11char_traitsIcESaIcEEC1EPKcRKS3_(%"class.std::__cxx11::basic_string"* noundef nonnull align 8 dereferenceable(32) %agg.result, i8* noundef getelementptr inbounds ([4 x i8], [4 x i8]* @.str, i64 0, i64 0), %"class.std::allocator"* noundef nonnull align 1 dereferenceable(1) %ref.tmp)
          to label %invoke.cont unwind label %lpad, !psr.id !20 | ID: 16 ;
[DEBUG]   D target: @zero_value = constant i2 0, align 4 | ID: -1 >
[DEBUG]  
[DEBUG] Process call at target: invoke void @_ZNSt7__cxx1112basic_stringIcSt11char_traitsIcESaIcEEC1EPKcRKS3_(%"class.std::__cxx11::basic_string"* noundef nonnull align 8 dereferenceable(32) %agg.result, i8* noundef getelementptr inbounds ([4 x i8], [4 x i8]* @.str, i64 0, i64 0), %"class.std::allocator"* noundef nonnull align 1 dereferenceable(1) %ref.tmp)
          to label %invoke.cont unwind label %lpad, !psr.id !20 | ID: 16
[DEBUG] JumpFunctions Forward-Lookup:
[DEBUG]    Source D: @zero_value = constant i2 0, align 4 | ID: -1
[DEBUG]    Target N: invoke void @_ZNSt7__cxx1112basic_stringIcSt11char_traitsIcESaIcEEC1EPKcRKS3_(%"class.std::__cxx11::basic_string"* noundef nonnull align 8 dereferenceable(32) %agg.result, i8* noundef getelementptr inbounds ([4 x i8], [4 x i8]* @.str, i64 0, i64 0), %"class.std::allocator"* noundef nonnull align 1 dereferenceable(1) %ref.tmp)
          to label %invoke.cont unwind label %lpad, !psr.id !20 | ID: 16
[DEBUG]    Target D: @zero_value = constant i2 0, align 4 | ID: -1
[DEBUG]   => EdgeFn: psr::EdgeIdentity<psr::BinaryDomain>
[DEBUG] Possible callees:
[DEBUG]   _ZNSt7__cxx1112basic_stringIcSt11char_traitsIcESaIcEEC1EPKcRKS3_
[DEBUG] Possible return sites:
[DEBUG]   store %"class.std::allocator"* %ref.tmp, %"class.std::allocator"** %this.addr.i2, align 8, !psr.id !21 | ID: 17
[DEBUG]   %3 = landingpad { i8*, i32 }
          cleanup, !psr.id !26 | ID: 22
[DEBUG] Summary flow function factory call
[DEBUG] (N) Call Stmt : invoke void @_ZNSt7__cxx1112basic_stringIcSt11char_traitsIcESaIcEEC1EPKcRKS3_(%"class.std::__cxx11::basic_string"* noundef nonnull align 8 dereferenceable(32) %agg.result, i8* noundef getelementptr inbounds ([4 x i8], [4 x i8]* @.str, i64 0, i64 0), %"class.std::allocator"* noundef nonnull align 1 dereferenceable(1) %ref.tmp)
          to label %invoke.cont unwind label %lpad, !psr.id !20 | ID: 16
[DEBUG] (F) Dest Mthd : _ZNSt7__cxx1112basic_stringIcSt11char_traitsIcESaIcEEC1EPKcRKS3_
[DEBUG]  
[DEBUG] Call flow function factory call
[DEBUG] (N) Call Stmt : invoke void @_ZNSt7__cxx1112basic_stringIcSt11char_traitsIcESaIcEEC1EPKcRKS3_(%"class.std::__cxx11::basic_string"* noundef nonnull align 8 dereferenceable(32) %agg.result, i8* noundef getelementptr inbounds ([4 x i8], [4 x i8]* @.str, i64 0, i64 0), %"class.std::allocator"* noundef nonnull align 1 dereferenceable(1) %ref.tmp)
          to label %invoke.cont unwind label %lpad, !psr.id !20 | ID: 16
[DEBUG] (F) Dest Fun : _ZNSt7__cxx1112basic_stringIcSt11char_traitsIcESaIcEEC1EPKcRKS3_
[DEBUG] Flow function constructed
[DEBUG] Start points of '_ZNSt7__cxx1112basic_stringIcSt11char_traitsIcESaIcEEC1EPKcRKS3_' currently not available!
[DEBUG] Call-to-Return flow function factory call
[DEBUG] (N) Call Site : invoke void @_ZNSt7__cxx1112basic_stringIcSt11char_traitsIcESaIcEEC1EPKcRKS3_(%"class.std::__cxx11::basic_string"* noundef nonnull align 8 dereferenceable(32) %agg.result, i8* noundef getelementptr inbounds ([4 x i8], [4 x i8]* @.str, i64 0, i64 0), %"class.std::allocator"* noundef nonnull align 1 dereferenceable(1) %ref.tmp)
          to label %invoke.cont unwind label %lpad, !psr.id !20 | ID: 16
[DEBUG] (N) Ret Site  : store %"class.std::allocator"* %ref.tmp, %"class.std::allocator"** %this.addr.i2, align 8, !psr.id !21 | ID: 17
[DEBUG] (F) Callee's  : 
[DEBUG]   _ZNSt7__cxx1112basic_stringIcSt11char_traitsIcESaIcEEC1EPKcRKS3_
[DEBUG] Flow function constructed
[DEBUG] Call-to-Return edge function factory call
[DEBUG] (N) Call Site : invoke void @_ZNSt7__cxx1112basic_stringIcSt11char_traitsIcESaIcEEC1EPKcRKS3_(%"class.std::__cxx11::basic_string"* noundef nonnull align 8 dereferenceable(32) %agg.result, i8* noundef getelementptr inbounds ([4 x i8], [4 x i8]* @.str, i64 0, i64 0), %"class.std::allocator"* noundef nonnull align 1 dereferenceable(1) %ref.tmp)
          to label %invoke.cont unwind label %lpad, !psr.id !20 | ID: 16
[DEBUG] (D) Call Node : @zero_value = constant i2 0, align 4 | ID: -1
[DEBUG] (N) Ret Site  : store %"class.std::allocator"* %ref.tmp, %"class.std::allocator"** %this.addr.i2, align 8, !psr.id !21 | ID: 17
[DEBUG] (D) Ret Node  : @zero_value = constant i2 0, align 4 | ID: -1
[DEBUG] (F) Callee's  : 
[DEBUG]   _ZNSt7__cxx1112basic_stringIcSt11char_traitsIcESaIcEEC1EPKcRKS3_
[DEBUG] Edge function constructed
[DEBUG] Provide Edge Function: psr::EdgeIdentity<psr::BinaryDomain>
[DEBUG] Queried Call-to-Return Edge Function: psr::EdgeIdentity<psr::BinaryDomain>
[DEBUG] Compose: psr::EdgeIdentity<psr::BinaryDomain> * psr::EdgeIdentity<psr::BinaryDomain> = psr::EdgeIdentity<psr::BinaryDomain>
[DEBUG] Propagate flow
[DEBUG] Source value  : @zero_value = constant i2 0, align 4 | ID: -1
[DEBUG] Target        : store %"class.std::allocator"* %ref.tmp, %"class.std::allocator"** %this.addr.i2, align 8, !psr.id !21 | ID: 17
[DEBUG] Target value  : @zero_value = constant i2 0, align 4 | ID: -1
[DEBUG] Edge function : psr::EdgeIdentity<psr::BinaryDomain> (result of previous compose)
[DEBUG] Join: psr::AllTop<psr::BinaryDomain> & psr::EdgeIdentity<psr::BinaryDomain> 
[DEBUG]     = psr::EdgeIdentity<psr::BinaryDomain> (new jump func)
[DEBUG]  
[DEBUG] Start adding new jump function
[DEBUG] Fact at source : @zero_value = constant i2 0, align 4 | ID: -1
[DEBUG] Fact at target : @zero_value = constant i2 0, align 4 | ID: -1
[DEBUG] Destination    : store %"class.std::allocator"* %ref.tmp, %"class.std::allocator"** %this.addr.i2, align 8, !psr.id !21 | ID: 17
[DEBUG] Edge Function  : psr::EdgeIdentity<psr::BinaryDomain>
[DEBUG] End adding new jump function
[DEBUG] -------------------------------------------- 119. Path Edge --------------------------------------------
[DEBUG]  
[DEBUG] Process 119. path edge:
[DEBUG] < D source: @zero_value = constant i2 0, align 4 | ID: -1 ;
[DEBUG]   N target: store %"class.std::allocator"* %ref.tmp, %"class.std::allocator"** %this.addr.i2, align 8, !psr.id !21 | ID: 17 ;
[DEBUG]   D target: @zero_value = constant i2 0, align 4 | ID: -1 >
[DEBUG]  
[DEBUG] Process normal at target: store %"class.std::allocator"* %ref.tmp, %"class.std::allocator"** %this.addr.i2, align 8, !psr.id !21 | ID: 17
[DEBUG] JumpFunctions Forward-Lookup:
[DEBUG]    Source D: @zero_value = constant i2 0, align 4 | ID: -1
[DEBUG]    Target N: store %"class.std::allocator"* %ref.tmp, %"class.std::allocator"** %this.addr.i2, align 8, !psr.id !21 | ID: 17
[DEBUG]    Target D: @zero_value = constant i2 0, align 4 | ID: -1
[DEBUG]   => EdgeFn: psr::EdgeIdentity<psr::BinaryDomain>
[DEBUG] Normal flow function factory call
[DEBUG] (N) Curr Inst : store %"class.std::allocator"* %ref.tmp, %"class.std::allocator"** %this.addr.i2, align 8, !psr.id !21 | ID: 17
[DEBUG] (N) Succ Inst : %this1.i3 = load %"class.std::allocator"*, %"class.std::allocator"** %this.addr.i2, align 8, !psr.id !22 | ID: 18
[DEBUG] Flow function constructed
[DEBUG] Normal edge function factory call
[DEBUG] (N) Curr Inst : store %"class.std::allocator"* %ref.tmp, %"class.std::allocator"** %this.addr.i2, align 8, !psr.id !21 | ID: 17
[DEBUG] (D) Curr Node : @zero_value = constant i2 0, align 4 | ID: -1
[DEBUG] (N) Succ Inst : %this1.i3 = load %"class.std::allocator"*, %"class.std::allocator"** %this.addr.i2, align 8, !psr.id !22 | ID: 18
[DEBUG] (D) Succ Node : @zero_value = constant i2 0, align 4 | ID: -1
[DEBUG] Edge function constructed
[DEBUG] Provide Edge Function: psr::EdgeIdentity<psr::BinaryDomain>
[DEBUG] Queried Normal Edge Function: psr::EdgeIdentity<psr::BinaryDomain>
[DEBUG] Compose: psr::EdgeIdentity<psr::BinaryDomain> * psr::EdgeIdentity<psr::BinaryDomain> = psr::EdgeIdentity<psr::BinaryDomain>
[DEBUG] Propagate flow
[DEBUG] Source value  : @zero_value = constant i2 0, align 4 | ID: -1
[DEBUG] Target        : %this1.i3 = load %"class.std::allocator"*, %"class.std::allocator"** %this.addr.i2, align 8, !psr.id !22 | ID: 18
[DEBUG] Target value  : @zero_value = constant i2 0, align 4 | ID: -1
[DEBUG] Edge function : psr::EdgeIdentity<psr::BinaryDomain> (result of previous compose)
[DEBUG] Join: psr::AllTop<psr::BinaryDomain> & psr::EdgeIdentity<psr::BinaryDomain> 
[DEBUG]     = psr::EdgeIdentity<psr::BinaryDomain> (new jump func)
[DEBUG]  
[DEBUG] Start adding new jump function
[DEBUG] Fact at source : @zero_value = constant i2 0, align 4 | ID: -1
[DEBUG] Fact at target : @zero_value = constant i2 0, align 4 | ID: -1
[DEBUG] Destination    : %this1.i3 = load %"class.std::allocator"*, %"class.std::allocator"** %this.addr.i2, align 8, !psr.id !22 | ID: 18
[DEBUG] Edge Function  : psr::EdgeIdentity<psr::BinaryDomain>
[DEBUG] End adding new jump function
[DEBUG] -------------------------------------------- 120. Path Edge --------------------------------------------
[DEBUG]  
[DEBUG] Process 120. path edge:
[DEBUG] < D source: @zero_value = constant i2 0, align 4 | ID: -1 ;
[DEBUG]   N target: %this1.i3 = load %"class.std::allocator"*, %"class.std::allocator"** %this.addr.i2, align 8, !psr.id !22 | ID: 18 ;
[DEBUG]   D target: @zero_value = constant i2 0, align 4 | ID: -1 >
[DEBUG]  
[DEBUG] Process normal at target: %this1.i3 = load %"class.std::allocator"*, %"class.std::allocator"** %this.addr.i2, align 8, !psr.id !22 | ID: 18
[DEBUG] JumpFunctions Forward-Lookup:
[DEBUG]    Source D: @zero_value = constant i2 0, align 4 | ID: -1
[DEBUG]    Target N: %this1.i3 = load %"class.std::allocator"*, %"class.std::allocator"** %this.addr.i2, align 8, !psr.id !22 | ID: 18
[DEBUG]    Target D: @zero_value = constant i2 0, align 4 | ID: -1
[DEBUG]   => EdgeFn: psr::EdgeIdentity<psr::BinaryDomain>
[DEBUG] Normal flow function factory call
[DEBUG] (N) Curr Inst : %this1.i3 = load %"class.std::allocator"*, %"class.std::allocator"** %this.addr.i2, align 8, !psr.id !22 | ID: 18
[DEBUG] (N) Succ Inst : %2 = bitcast %"class.std::allocator"* %this1.i3 to %"class.std::__new_allocator"*, !psr.id !23 | ID: 19
[DEBUG] Flow function constructed
[DEBUG] Normal edge function factory call
[DEBUG] (N) Curr Inst : %this1.i3 = load %"class.std::allocator"*, %"class.std::allocator"** %this.addr.i2, align 8, !psr.id !22 | ID: 18
[DEBUG] (D) Curr Node : @zero_value = constant i2 0, align 4 | ID: -1
[DEBUG] (N) Succ Inst : %2 = bitcast %"class.std::allocator"* %this1.i3 to %"class.std::__new_allocator"*, !psr.id !23 | ID: 19
[DEBUG] (D) Succ Node : @zero_value = constant i2 0, align 4 | ID: -1
[DEBUG] Edge function constructed
[DEBUG] Provide Edge Function: psr::EdgeIdentity<psr::BinaryDomain>
[DEBUG] Queried Normal Edge Function: psr::EdgeIdentity<psr::BinaryDomain>
[DEBUG] Compose: psr::EdgeIdentity<psr::BinaryDomain> * psr::EdgeIdentity<psr::BinaryDomain> = psr::EdgeIdentity<psr::BinaryDomain>
[DEBUG] Propagate flow
[DEBUG] Source value  : @zero_value = constant i2 0, align 4 | ID: -1
[DEBUG] Target        : %2 = bitcast %"class.std::allocator"* %this1.i3 to %"class.std::__new_allocator"*, !psr.id !23 | ID: 19
[DEBUG] Target value  : @zero_value = constant i2 0, align 4 | ID: -1
[DEBUG] Edge function : psr::EdgeIdentity<psr::BinaryDomain> (result of previous compose)
[DEBUG] Join: psr::AllTop<psr::BinaryDomain> & psr::EdgeIdentity<psr::BinaryDomain> 
[DEBUG]     = psr::EdgeIdentity<psr::BinaryDomain> (new jump func)
[DEBUG]  
[DEBUG] Start adding new jump function
[DEBUG] Fact at source : @zero_value = constant i2 0, align 4 | ID: -1
[DEBUG] Fact at target : @zero_value = constant i2 0, align 4 | ID: -1
[DEBUG] Destination    : %2 = bitcast %"class.std::allocator"* %this1.i3 to %"class.std::__new_allocator"*, !psr.id !23 | ID: 19
[DEBUG] Edge Function  : psr::EdgeIdentity<psr::BinaryDomain>
[DEBUG] End adding new jump function
[DEBUG] -------------------------------------------- 121. Path Edge --------------------------------------------
[DEBUG]  
[DEBUG] Process 121. path edge:
[DEBUG] < D source: @zero_value = constant i2 0, align 4 | ID: -1 ;
[DEBUG]   N target: %2 = bitcast %"class.std::allocator"* %this1.i3 to %"class.std::__new_allocator"*, !psr.id !23 | ID: 19 ;
[DEBUG]   D target: @zero_value = constant i2 0, align 4 | ID: -1 >
[DEBUG]  
[DEBUG] Process normal at target: %2 = bitcast %"class.std::allocator"* %this1.i3 to %"class.std::__new_allocator"*, !psr.id !23 | ID: 19
[DEBUG] JumpFunctions Forward-Lookup:
[DEBUG]    Source D: @zero_value = constant i2 0, align 4 | ID: -1
[DEBUG]    Target N: %2 = bitcast %"class.std::allocator"* %this1.i3 to %"class.std::__new_allocator"*, !psr.id !23 | ID: 19
[DEBUG]    Target D: @zero_value = constant i2 0, align 4 | ID: -1
[DEBUG]   => EdgeFn: psr::EdgeIdentity<psr::BinaryDomain>
[DEBUG] Normal flow function factory call
[DEBUG] (N) Curr Inst : %2 = bitcast %"class.std::allocator"* %this1.i3 to %"class.std::__new_allocator"*, !psr.id !23 | ID: 19
[DEBUG] (N) Succ Inst : call void @_ZNSt15__new_allocatorIcED2Ev(%"class.std::__new_allocator"* noundef nonnull align 1 dereferenceable(1) %2) #6, !psr.id !24 | ID: 20
[DEBUG] Flow function constructed
[DEBUG] Normal edge function factory call
[DEBUG] (N) Curr Inst : %2 = bitcast %"class.std::allocator"* %this1.i3 to %"class.std::__new_allocator"*, !psr.id !23 | ID: 19
[DEBUG] (D) Curr Node : @zero_value = constant i2 0, align 4 | ID: -1
[DEBUG] (N) Succ Inst : call void @_ZNSt15__new_allocatorIcED2Ev(%"class.std::__new_allocator"* noundef nonnull align 1 dereferenceable(1) %2) #6, !psr.id !24 | ID: 20
[DEBUG] (D) Succ Node : @zero_value = constant i2 0, align 4 | ID: -1
[DEBUG] Edge function constructed
[DEBUG] Provide Edge Function: psr::EdgeIdentity<psr::BinaryDomain>
[DEBUG] Queried Normal Edge Function: psr::EdgeIdentity<psr::BinaryDomain>
[DEBUG] Compose: psr::EdgeIdentity<psr::BinaryDomain> * psr::EdgeIdentity<psr::BinaryDomain> = psr::EdgeIdentity<psr::BinaryDomain>
[DEBUG] Propagate flow
[DEBUG] Source value  : @zero_value = constant i2 0, align 4 | ID: -1
[DEBUG] Target        : call void @_ZNSt15__new_allocatorIcED2Ev(%"class.std::__new_allocator"* noundef nonnull align 1 dereferenceable(1) %2) #6, !psr.id !24 | ID: 20
[DEBUG] Target value  : @zero_value = constant i2 0, align 4 | ID: -1
[DEBUG] Edge function : psr::EdgeIdentity<psr::BinaryDomain> (result of previous compose)
[DEBUG] Join: psr::AllTop<psr::BinaryDomain> & psr::EdgeIdentity<psr::BinaryDomain> 
[DEBUG]     = psr::EdgeIdentity<psr::BinaryDomain> (new jump func)
[DEBUG]  
[DEBUG] Start adding new jump function
[DEBUG] Fact at source : @zero_value = constant i2 0, align 4 | ID: -1
[DEBUG] Fact at target : @zero_value = constant i2 0, align 4 | ID: -1
[DEBUG] Destination    : call void @_ZNSt15__new_allocatorIcED2Ev(%"class.std::__new_allocator"* noundef nonnull align 1 dereferenceable(1) %2) #6, !psr.id !24 | ID: 20
[DEBUG] Edge Function  : psr::EdgeIdentity<psr::BinaryDomain>
[DEBUG] End adding new jump function
[DEBUG] -------------------------------------------- 122. Path Edge --------------------------------------------
[DEBUG]  
[DEBUG] Process 122. path edge:
[DEBUG] < D source: @zero_value = constant i2 0, align 4 | ID: -1 ;
[DEBUG]   N target: call void @_ZNSt15__new_allocatorIcED2Ev(%"class.std::__new_allocator"* noundef nonnull align 1 dereferenceable(1) %2) #6, !psr.id !24 | ID: 20 ;
[DEBUG]   D target: @zero_value = constant i2 0, align 4 | ID: -1 >
[DEBUG]  
[DEBUG] Process call at target: call void @_ZNSt15__new_allocatorIcED2Ev(%"class.std::__new_allocator"* noundef nonnull align 1 dereferenceable(1) %2) #6, !psr.id !24 | ID: 20
[DEBUG] JumpFunctions Forward-Lookup:
[DEBUG]    Source D: @zero_value = constant i2 0, align 4 | ID: -1
[DEBUG]    Target N: call void @_ZNSt15__new_allocatorIcED2Ev(%"class.std::__new_allocator"* noundef nonnull align 1 dereferenceable(1) %2) #6, !psr.id !24 | ID: 20
[DEBUG]    Target D: @zero_value = constant i2 0, align 4 | ID: -1
[DEBUG]   => EdgeFn: psr::EdgeIdentity<psr::BinaryDomain>
[DEBUG] Possible callees:
[DEBUG]   _ZNSt15__new_allocatorIcED2Ev
[DEBUG] Possible return sites:
[DEBUG]   ret void, !psr.id !25 | ID: 21
[DEBUG] Summary flow function factory call
[DEBUG] (N) Call Stmt : call void @_ZNSt15__new_allocatorIcED2Ev(%"class.std::__new_allocator"* noundef nonnull align 1 dereferenceable(1) %2) #6, !psr.id !24 | ID: 20
[DEBUG] (F) Dest Mthd : _ZNSt15__new_allocatorIcED2Ev
[DEBUG]  
[DEBUG] Call flow function factory call
[DEBUG] (N) Call Stmt : call void @_ZNSt15__new_allocatorIcED2Ev(%"class.std::__new_allocator"* noundef nonnull align 1 dereferenceable(1) %2) #6, !psr.id !24 | ID: 20
[DEBUG] (F) Dest Fun : _ZNSt15__new_allocatorIcED2Ev
[DEBUG] Flow function constructed
[DEBUG] Create initial self-loop with D: @zero_value = constant i2 0, align 4 | ID: -1
[DEBUG] Propagate flow
[DEBUG] Source value  : @zero_value = constant i2 0, align 4 | ID: -1
[DEBUG] Target        : %this.addr = alloca %"class.std::__new_allocator"*, align 8, !psr.id !68 | ID: 64
[DEBUG] Target value  : @zero_value = constant i2 0, align 4 | ID: -1
[DEBUG] Edge function : psr::EdgeIdentity<psr::BinaryDomain> (result of previous compose)
[DEBUG] Join: psr::AllTop<psr::BinaryDomain> & psr::EdgeIdentity<psr::BinaryDomain> 
[DEBUG]     = psr::EdgeIdentity<psr::BinaryDomain> (new jump func)
[DEBUG]  
[DEBUG] Start adding new jump function
[DEBUG] Fact at source : @zero_value = constant i2 0, align 4 | ID: -1
[DEBUG] Fact at target : @zero_value = constant i2 0, align 4 | ID: -1
[DEBUG] Destination    : %this.addr = alloca %"class.std::__new_allocator"*, align 8, !psr.id !68 | ID: 64
[DEBUG] Edge Function  : psr::EdgeIdentity<psr::BinaryDomain>
[DEBUG] End adding new jump function
[DEBUG] -------------------------------------------- 123. Path Edge --------------------------------------------
[DEBUG]  
[DEBUG] Process 123. path edge:
[DEBUG] < D source: @zero_value = constant i2 0, align 4 | ID: -1 ;
[DEBUG]   N target: %this.addr = alloca %"class.std::__new_allocator"*, align 8, !psr.id !68 | ID: 64 ;
[DEBUG]   D target: @zero_value = constant i2 0, align 4 | ID: -1 >
[DEBUG]  
[DEBUG] Process normal at target: %this.addr = alloca %"class.std::__new_allocator"*, align 8, !psr.id !68 | ID: 64
[DEBUG] JumpFunctions Forward-Lookup:
[DEBUG]    Source D: @zero_value = constant i2 0, align 4 | ID: -1
[DEBUG]    Target N: %this.addr = alloca %"class.std::__new_allocator"*, align 8, !psr.id !68 | ID: 64
[DEBUG]    Target D: @zero_value = constant i2 0, align 4 | ID: -1
[DEBUG]   => EdgeFn: psr::EdgeIdentity<psr::BinaryDomain>
[DEBUG] Normal flow function factory call
[DEBUG] (N) Curr Inst : %this.addr = alloca %"class.std::__new_allocator"*, align 8, !psr.id !68 | ID: 64
[DEBUG] (N) Succ Inst : store %"class.std::__new_allocator"* %this, %"class.std::__new_allocator"** %this.addr, align 8, !psr.id !69 | ID: 65
[DEBUG] Flow function constructed
[DEBUG] Normal edge function factory call
[DEBUG] (N) Curr Inst : %this.addr = alloca %"class.std::__new_allocator"*, align 8, !psr.id !68 | ID: 64
[DEBUG] (D) Curr Node : @zero_value = constant i2 0, align 4 | ID: -1
[DEBUG] (N) Succ Inst : store %"class.std::__new_allocator"* %this, %"class.std::__new_allocator"** %this.addr, align 8, !psr.id !69 | ID: 65
[DEBUG] (D) Succ Node : @zero_value = constant i2 0, align 4 | ID: -1
[DEBUG] Edge function constructed
[DEBUG] Provide Edge Function: psr::EdgeIdentity<psr::BinaryDomain>
[DEBUG] Queried Normal Edge Function: psr::EdgeIdentity<psr::BinaryDomain>
[DEBUG] Compose: psr::EdgeIdentity<psr::BinaryDomain> * psr::EdgeIdentity<psr::BinaryDomain> = psr::EdgeIdentity<psr::BinaryDomain>
[DEBUG] Propagate flow
[DEBUG] Source value  : @zero_value = constant i2 0, align 4 | ID: -1
[DEBUG] Target        : store %"class.std::__new_allocator"* %this, %"class.std::__new_allocator"** %this.addr, align 8, !psr.id !69 | ID: 65
[DEBUG] Target value  : @zero_value = constant i2 0, align 4 | ID: -1
[DEBUG] Edge function : psr::EdgeIdentity<psr::BinaryDomain> (result of previous compose)
[DEBUG] Join: psr::AllTop<psr::BinaryDomain> & psr::EdgeIdentity<psr::BinaryDomain> 
[DEBUG]     = psr::EdgeIdentity<psr::BinaryDomain> (new jump func)
[DEBUG]  
[DEBUG] Start adding new jump function
[DEBUG] Fact at source : @zero_value = constant i2 0, align 4 | ID: -1
[DEBUG] Fact at target : @zero_value = constant i2 0, align 4 | ID: -1
[DEBUG] Destination    : store %"class.std::__new_allocator"* %this, %"class.std::__new_allocator"** %this.addr, align 8, !psr.id !69 | ID: 65
[DEBUG] Edge Function  : psr::EdgeIdentity<psr::BinaryDomain>
[DEBUG] End adding new jump function
[DEBUG] -------------------------------------------- 124. Path Edge --------------------------------------------
[DEBUG]  
[DEBUG] Process 124. path edge:
[DEBUG] < D source: @zero_value = constant i2 0, align 4 | ID: -1 ;
[DEBUG]   N target: store %"class.std::__new_allocator"* %this, %"class.std::__new_allocator"** %this.addr, align 8, !psr.id !69 | ID: 65 ;
[DEBUG]   D target: @zero_value = constant i2 0, align 4 | ID: -1 >
[DEBUG]  
[DEBUG] Process normal at target: store %"class.std::__new_allocator"* %this, %"class.std::__new_allocator"** %this.addr, align 8, !psr.id !69 | ID: 65
[DEBUG] JumpFunctions Forward-Lookup:
[DEBUG]    Source D: @zero_value = constant i2 0, align 4 | ID: -1
[DEBUG]    Target N: store %"class.std::__new_allocator"* %this, %"class.std::__new_allocator"** %this.addr, align 8, !psr.id !69 | ID: 65
[DEBUG]    Target D: @zero_value = constant i2 0, align 4 | ID: -1
[DEBUG]   => EdgeFn: psr::EdgeIdentity<psr::BinaryDomain>
[DEBUG] Normal flow function factory call
[DEBUG] (N) Curr Inst : store %"class.std::__new_allocator"* %this, %"class.std::__new_allocator"** %this.addr, align 8, !psr.id !69 | ID: 65
[DEBUG] (N) Succ Inst : %this1 = load %"class.std::__new_allocator"*, %"class.std::__new_allocator"** %this.addr, align 8, !psr.id !70 | ID: 66
[DEBUG] Flow function constructed
[DEBUG] Normal edge function factory call
[DEBUG] (N) Curr Inst : store %"class.std::__new_allocator"* %this, %"class.std::__new_allocator"** %this.addr, align 8, !psr.id !69 | ID: 65
[DEBUG] (D) Curr Node : @zero_value = constant i2 0, align 4 | ID: -1
[DEBUG] (N) Succ Inst : %this1 = load %"class.std::__new_allocator"*, %"class.std::__new_allocator"** %this.addr, align 8, !psr.id !70 | ID: 66
[DEBUG] (D) Succ Node : @zero_value = constant i2 0, align 4 | ID: -1
[DEBUG] Edge function constructed
[DEBUG] Provide Edge Function: psr::EdgeIdentity<psr::BinaryDomain>
[DEBUG] Queried Normal Edge Function: psr::EdgeIdentity<psr::BinaryDomain>
[DEBUG] Compose: psr::EdgeIdentity<psr::BinaryDomain> * psr::EdgeIdentity<psr::BinaryDomain> = psr::EdgeIdentity<psr::BinaryDomain>
[DEBUG] Propagate flow
[DEBUG] Source value  : @zero_value = constant i2 0, align 4 | ID: -1
[DEBUG] Target        : %this1 = load %"class.std::__new_allocator"*, %"class.std::__new_allocator"** %this.addr, align 8, !psr.id !70 | ID: 66
[DEBUG] Target value  : @zero_value = constant i2 0, align 4 | ID: -1
[DEBUG] Edge function : psr::EdgeIdentity<psr::BinaryDomain> (result of previous compose)
[DEBUG] Join: psr::AllTop<psr::BinaryDomain> & psr::EdgeIdentity<psr::BinaryDomain> 
[DEBUG]     = psr::EdgeIdentity<psr::BinaryDomain> (new jump func)
[DEBUG]  
[DEBUG] Start adding new jump function
[DEBUG] Fact at source : @zero_value = constant i2 0, align 4 | ID: -1
[DEBUG] Fact at target : @zero_value = constant i2 0, align 4 | ID: -1
[DEBUG] Destination    : %this1 = load %"class.std::__new_allocator"*, %"class.std::__new_allocator"** %this.addr, align 8, !psr.id !70 | ID: 66
[DEBUG] Edge Function  : psr::EdgeIdentity<psr::BinaryDomain>
[DEBUG] End adding new jump function
[DEBUG] -------------------------------------------- 125. Path Edge --------------------------------------------
[DEBUG]  
[DEBUG] Process 125. path edge:
[DEBUG] < D source: @zero_value = constant i2 0, align 4 | ID: -1 ;
[DEBUG]   N target: %this1 = load %"class.std::__new_allocator"*, %"class.std::__new_allocator"** %this.addr, align 8, !psr.id !70 | ID: 66 ;
[DEBUG]   D target: @zero_value = constant i2 0, align 4 | ID: -1 >
[DEBUG]  
[DEBUG] Process normal at target: %this1 = load %"class.std::__new_allocator"*, %"class.std::__new_allocator"** %this.addr, align 8, !psr.id !70 | ID: 66
[DEBUG] JumpFunctions Forward-Lookup:
[DEBUG]    Source D: @zero_value = constant i2 0, align 4 | ID: -1
[DEBUG]    Target N: %this1 = load %"class.std::__new_allocator"*, %"class.std::__new_allocator"** %this.addr, align 8, !psr.id !70 | ID: 66
[DEBUG]    Target D: @zero_value = constant i2 0, align 4 | ID: -1
[DEBUG]   => EdgeFn: psr::EdgeIdentity<psr::BinaryDomain>
[DEBUG] Normal flow function factory call
[DEBUG] (N) Curr Inst : %this1 = load %"class.std::__new_allocator"*, %"class.std::__new_allocator"** %this.addr, align 8, !psr.id !70 | ID: 66
[DEBUG] (N) Succ Inst : ret void, !psr.id !71 | ID: 67
[DEBUG] Flow function constructed
[DEBUG] Normal edge function factory call
[DEBUG] (N) Curr Inst : %this1 = load %"class.std::__new_allocator"*, %"class.std::__new_allocator"** %this.addr, align 8, !psr.id !70 | ID: 66
[DEBUG] (D) Curr Node : @zero_value = constant i2 0, align 4 | ID: -1
[DEBUG] (N) Succ Inst : ret void, !psr.id !71 | ID: 67
[DEBUG] (D) Succ Node : @zero_value = constant i2 0, align 4 | ID: -1
[DEBUG] Edge function constructed
[DEBUG] Provide Edge Function: psr::EdgeIdentity<psr::BinaryDomain>
[DEBUG] Queried Normal Edge Function: psr::EdgeIdentity<psr::BinaryDomain>
[DEBUG] Compose: psr::EdgeIdentity<psr::BinaryDomain> * psr::EdgeIdentity<psr::BinaryDomain> = psr::EdgeIdentity<psr::BinaryDomain>
[DEBUG] Propagate flow
[DEBUG] Source value  : @zero_value = constant i2 0, align 4 | ID: -1
[DEBUG] Target        : ret void, !psr.id !71 | ID: 67
[DEBUG] Target value  : @zero_value = constant i2 0, align 4 | ID: -1
[DEBUG] Edge function : psr::EdgeIdentity<psr::BinaryDomain> (result of previous compose)
[DEBUG] Join: psr::AllTop<psr::BinaryDomain> & psr::EdgeIdentity<psr::BinaryDomain> 
[DEBUG]     = psr::EdgeIdentity<psr::BinaryDomain> (new jump func)
[DEBUG]  
[DEBUG] Start adding new jump function
[DEBUG] Fact at source : @zero_value = constant i2 0, align 4 | ID: -1
[DEBUG] Fact at target : @zero_value = constant i2 0, align 4 | ID: -1
[DEBUG] Destination    : ret void, !psr.id !71 | ID: 67
[DEBUG] Edge Function  : psr::EdgeIdentity<psr::BinaryDomain>
[DEBUG] End adding new jump function
[DEBUG] -------------------------------------------- 126. Path Edge --------------------------------------------
[DEBUG]  
[DEBUG] Process 126. path edge:
[DEBUG] < D source: @zero_value = constant i2 0, align 4 | ID: -1 ;
[DEBUG]   N target: ret void, !psr.id !71 | ID: 67 ;
[DEBUG]   D target: @zero_value = constant i2 0, align 4 | ID: -1 >
[DEBUG]  
[DEBUG] Process exit at target: ret void, !psr.id !71 | ID: 67
[DEBUG] JumpFunctions Forward-Lookup:
[DEBUG]    Source D: @zero_value = constant i2 0, align 4 | ID: -1
[DEBUG]    Target N: ret void, !psr.id !71 | ID: 67
[DEBUG]    Target D: @zero_value = constant i2 0, align 4 | ID: -1
[DEBUG]   => EdgeFn: psr::EdgeIdentity<psr::BinaryDomain>
[DEBUG] Start of endsummarytab entry
[DEBUG] sP: %this.addr = alloca %"class.std::__new_allocator"*, align 8, !psr.id !68 | ID: 64
[DEBUG] d1: @zero_value = constant i2 0, align 4 | ID: -1
[DEBUG]   eP: ret void, !psr.id !71 | ID: 67
[DEBUG]   d2: @zero_value = constant i2 0, align 4 | ID: -1
[DEBUG]   EF: psr::EdgeIdentity<psr::BinaryDomain>
[DEBUG] ---------------
[DEBUG] sP: %argc.addr = alloca i32, align 4, !psr.id !42 | ID: 38
[DEBUG] d1: i8** %argv | ID: main.1
[DEBUG]   eP: ret i32 0, !psr.id !55 | ID: 51
[DEBUG]   d2: %argv.addr = alloca i8**, align 8, !psr.id !43 | ID: 39
[DEBUG]   EF: psr::EdgeIdentity<psr::BinaryDomain>
[DEBUG]   eP: ret i32 0, !psr.id !55 | ID: 51
[DEBUG]   d2: i8** %argv | ID: main.1
[DEBUG]   EF: psr::EdgeIdentity<psr::BinaryDomain>
[DEBUG] ---------------
[DEBUG] sP: %argc.addr = alloca i32, align 4, !psr.id !42 | ID: 38
[DEBUG] d1: i32 %argc | ID: main.0
[DEBUG]   eP: ret i32 0, !psr.id !55 | ID: 51
[DEBUG]   d2: %argc.addr = alloca i32, align 4, !psr.id !42 | ID: 38
[DEBUG]   EF: psr::EdgeIdentity<psr::BinaryDomain>
[DEBUG]   eP: ret i32 0, !psr.id !55 | ID: 51
[DEBUG]   d2: i32 %argc | ID: main.0
[DEBUG]   EF: psr::EdgeIdentity<psr::BinaryDomain>
[DEBUG] ---------------
[DEBUG] sP: ret void, !psr.id !41 | ID: 37
[DEBUG] d1: %argv.addr = alloca i8**, align 8, !psr.id !43 | ID: 39
[DEBUG]   eP: ret void, !psr.id !41 | ID: 37
[DEBUG]   d2: %argv.addr = alloca i8**, align 8, !psr.id !43 | ID: 39
[DEBUG]   EF: psr::EdgeIdentity<psr::BinaryDomain>
[DEBUG] ---------------
[DEBUG] sP: ret void, !psr.id !41 | ID: 37
[DEBUG] d1: i8** %argv | ID: main.1
[DEBUG]   eP: ret void, !psr.id !41 | ID: 37
[DEBUG]   d2: i8** %argv | ID: main.1
[DEBUG]   EF: psr::EdgeIdentity<psr::BinaryDomain>
[DEBUG] ---------------
[DEBUG] sP: ret void, !psr.id !41 | ID: 37
[DEBUG] d1: %argc.addr = alloca i32, align 4, !psr.id !42 | ID: 38
[DEBUG]   eP: ret void, !psr.id !41 | ID: 37
[DEBUG]   d2: %argc.addr = alloca i32, align 4, !psr.id !42 | ID: 38
[DEBUG]   EF: psr::EdgeIdentity<psr::BinaryDomain>
[DEBUG] ---------------
[DEBUG] sP: ret void, !psr.id !41 | ID: 37
[DEBUG] d1: i32 %argc | ID: main.0
[DEBUG]   eP: ret void, !psr.id !41 | ID: 37
[DEBUG]   d2: i32 %argc | ID: main.0
[DEBUG]   EF: psr::EdgeIdentity<psr::BinaryDomain>
[DEBUG] ---------------
[DEBUG] End of endsummarytab entry
[DEBUG] Start of incomingtab entry
[DEBUG] sP: ret void, !psr.id !41 | ID: 37
[DEBUG] d3: i32 %argc | ID: main.0
[DEBUG]   n: call void @_Z9sink_funcNSt7__cxx1112basic_stringIcSt11char_traitsIcESaIcEEE(%"class.std::__cxx11::basic_string"* noundef %agg.tmp), !psr.id !52 | ID: 48
[DEBUG]   d2: i32 %argc | ID: main.0
[DEBUG] ---------------
[DEBUG] sP: ret void, !psr.id !41 | ID: 37
[DEBUG] d3: i8** %argv | ID: main.1
[DEBUG]   n: call void @_Z9sink_funcNSt7__cxx1112basic_stringIcSt11char_traitsIcESaIcEEE(%"class.std::__cxx11::basic_string"* noundef %agg.tmp), !psr.id !52 | ID: 48
[DEBUG]   d2: i8** %argv | ID: main.1
[DEBUG] ---------------
[DEBUG] sP: ret void, !psr.id !41 | ID: 37
[DEBUG] d3: %argc.addr = alloca i32, align 4, !psr.id !42 | ID: 38
[DEBUG]   n: call void @_Z9sink_funcNSt7__cxx1112basic_stringIcSt11char_traitsIcESaIcEEE(%"class.std::__cxx11::basic_string"* noundef %agg.tmp), !psr.id !52 | ID: 48
[DEBUG]   d2: %argc.addr = alloca i32, align 4, !psr.id !42 | ID: 38
[DEBUG] ---------------
[DEBUG] sP: ret void, !psr.id !41 | ID: 37
[DEBUG] d3: %argv.addr = alloca i8**, align 8, !psr.id !43 | ID: 39
[DEBUG]   n: call void @_Z9sink_funcNSt7__cxx1112basic_stringIcSt11char_traitsIcESaIcEEE(%"class.std::__cxx11::basic_string"* noundef %agg.tmp), !psr.id !52 | ID: 48
[DEBUG]   d2: %argv.addr = alloca i8**, align 8, !psr.id !43 | ID: 39
[DEBUG] ---------------
[DEBUG] sP: %argc.addr = alloca i32, align 4, !psr.id !42 | ID: 38
[DEBUG] d3: i32 %argc | ID: main.0
[DEBUG] ---------------
[DEBUG] sP: %argc.addr = alloca i32, align 4, !psr.id !42 | ID: 38
[DEBUG] d3: i8** %argv | ID: main.1
[DEBUG] ---------------
[DEBUG] sP: %this.addr = alloca %"class.std::__new_allocator"*, align 8, !psr.id !68 | ID: 64
[DEBUG] d3: @zero_value = constant i2 0, align 4 | ID: -1
[DEBUG] ---------------
[DEBUG] End of incomingtab entry
[DEBUG] Return flow function factory call
[DEBUG] (N) Call Site : call void @_ZNSt15__new_allocatorIcED2Ev(%"class.std::__new_allocator"* noundef nonnull align 1 dereferenceable(1) %2) #6, !psr.id !24 | ID: 20
[DEBUG] (F) Callee    : _ZNSt15__new_allocatorIcED2Ev
[DEBUG] (N) Exit Stmt : ret void, !psr.id !71 | ID: 67
[DEBUG] (N) Ret Site  : ret void, !psr.id !25 | ID: 21
[DEBUG] Flow function constructed
[DEBUG] Call edge function factory call
[DEBUG] (N) Call Stmt : call void @_ZNSt15__new_allocatorIcED2Ev(%"class.std::__new_allocator"* noundef nonnull align 1 dereferenceable(1) %2) #6, !psr.id !24 | ID: 20
[DEBUG] (D) Src Node  : @zero_value = constant i2 0, align 4 | ID: -1
[DEBUG] (F) Dest Fun : _ZNSt15__new_allocatorIcED2Ev
[DEBUG] (D) Dest Node : @zero_value = constant i2 0, align 4 | ID: -1
[DEBUG] Edge function constructed
[DEBUG] Provide Edge Function: psr::EdgeIdentity<psr::BinaryDomain>
[DEBUG] Queried Call Edge Function: psr::EdgeIdentity<psr::BinaryDomain>
[DEBUG] Return edge function factory call
[DEBUG] (N) Call Site : call void @_ZNSt15__new_allocatorIcED2Ev(%"class.std::__new_allocator"* noundef nonnull align 1 dereferenceable(1) %2) #6, !psr.id !24 | ID: 20
[DEBUG] (F) Callee    : _ZNSt15__new_allocatorIcED2Ev
[DEBUG] (N) Exit Stmt : ret void, !psr.id !71 | ID: 67
[DEBUG] (D) Exit Node : @zero_value = constant i2 0, align 4 | ID: -1
[DEBUG] (N) Ret Site  : ret void, !psr.id !25 | ID: 21
[DEBUG] (D) Ret Node  : @zero_value = constant i2 0, align 4 | ID: -1
[DEBUG] Edge function constructed
[DEBUG] Provide Edge Function: psr::EdgeIdentity<psr::BinaryDomain>
[DEBUG] Queried Return Edge Function: psr::EdgeIdentity<psr::BinaryDomain>
[DEBUG] Compose: psr::EdgeIdentity<psr::BinaryDomain> * psr::EdgeIdentity<psr::BinaryDomain> * psr::EdgeIdentity<psr::BinaryDomain>
[DEBUG]          (return * calleeSummary * call)
[DEBUG]        = psr::EdgeIdentity<psr::BinaryDomain>
[DEBUG] Compose: psr::EdgeIdentity<psr::BinaryDomain> * psr::EdgeIdentity<psr::BinaryDomain>
[DEBUG] Propagate flow
[DEBUG] Source value  : @zero_value = constant i2 0, align 4 | ID: -1
[DEBUG] Target        : ret void, !psr.id !25 | ID: 21
[DEBUG] Target value  : @zero_value = constant i2 0, align 4 | ID: -1
[DEBUG] Edge function : psr::EdgeIdentity<psr::BinaryDomain> (result of previous compose)
[DEBUG] Join: psr::AllTop<psr::BinaryDomain> & psr::EdgeIdentity<psr::BinaryDomain> 
[DEBUG]     = psr::EdgeIdentity<psr::BinaryDomain> (new jump func)
[DEBUG]  
[DEBUG] Start adding new jump function
[DEBUG] Fact at source : @zero_value = constant i2 0, align 4 | ID: -1
[DEBUG] Fact at target : @zero_value = constant i2 0, align 4 | ID: -1
[DEBUG] Destination    : ret void, !psr.id !25 | ID: 21
[DEBUG] Edge Function  : psr::EdgeIdentity<psr::BinaryDomain>
[DEBUG] End adding new jump function
[DEBUG] -------------------------------------------- 127. Path Edge --------------------------------------------
[DEBUG]  
[DEBUG] Process 127. path edge:
[DEBUG] < D source: @zero_value = constant i2 0, align 4 | ID: -1 ;
[DEBUG]   N target: ret void, !psr.id !25 | ID: 21 ;
[DEBUG]   D target: @zero_value = constant i2 0, align 4 | ID: -1 >
[DEBUG]  
[DEBUG] Process exit at target: ret void, !psr.id !25 | ID: 21
[DEBUG] JumpFunctions Forward-Lookup:
[DEBUG]    Source D: @zero_value = constant i2 0, align 4 | ID: -1
[DEBUG]    Target N: ret void, !psr.id !25 | ID: 21
[DEBUG]    Target D: @zero_value = constant i2 0, align 4 | ID: -1
[DEBUG]   => EdgeFn: psr::EdgeIdentity<psr::BinaryDomain>
[DEBUG] Start of endsummarytab entry
[DEBUG] sP: %this.addr.i6 = alloca %"class.std::__new_allocator"*, align 8, !psr.id !5 | ID: 1
[DEBUG] d1: @zero_value = constant i2 0, align 4 | ID: -1
[DEBUG]   eP: ret void, !psr.id !25 | ID: 21
[DEBUG]   d2: @zero_value = constant i2 0, align 4 | ID: -1
[DEBUG]   EF: psr::EdgeIdentity<psr::BinaryDomain>
[DEBUG] ---------------
[DEBUG] sP: %this.addr = alloca %"class.std::__new_allocator"*, align 8, !psr.id !68 | ID: 64
[DEBUG] d1: @zero_value = constant i2 0, align 4 | ID: -1
[DEBUG]   eP: ret void, !psr.id !71 | ID: 67
[DEBUG]   d2: @zero_value = constant i2 0, align 4 | ID: -1
[DEBUG]   EF: psr::EdgeIdentity<psr::BinaryDomain>
[DEBUG] ---------------
[DEBUG] sP: %argc.addr = alloca i32, align 4, !psr.id !42 | ID: 38
[DEBUG] d1: i8** %argv | ID: main.1
[DEBUG]   eP: ret i32 0, !psr.id !55 | ID: 51
[DEBUG]   d2: %argv.addr = alloca i8**, align 8, !psr.id !43 | ID: 39
[DEBUG]   EF: psr::EdgeIdentity<psr::BinaryDomain>
[DEBUG]   eP: ret i32 0, !psr.id !55 | ID: 51
[DEBUG]   d2: i8** %argv | ID: main.1
[DEBUG]   EF: psr::EdgeIdentity<psr::BinaryDomain>
[DEBUG] ---------------
[DEBUG] sP: %argc.addr = alloca i32, align 4, !psr.id !42 | ID: 38
[DEBUG] d1: i32 %argc | ID: main.0
[DEBUG]   eP: ret i32 0, !psr.id !55 | ID: 51
[DEBUG]   d2: %argc.addr = alloca i32, align 4, !psr.id !42 | ID: 38
[DEBUG]   EF: psr::EdgeIdentity<psr::BinaryDomain>
[DEBUG]   eP: ret i32 0, !psr.id !55 | ID: 51
[DEBUG]   d2: i32 %argc | ID: main.0
[DEBUG]   EF: psr::EdgeIdentity<psr::BinaryDomain>
[DEBUG] ---------------
[DEBUG] sP: ret void, !psr.id !41 | ID: 37
[DEBUG] d1: %argv.addr = alloca i8**, align 8, !psr.id !43 | ID: 39
[DEBUG]   eP: ret void, !psr.id !41 | ID: 37
[DEBUG]   d2: %argv.addr = alloca i8**, align 8, !psr.id !43 | ID: 39
[DEBUG]   EF: psr::EdgeIdentity<psr::BinaryDomain>
[DEBUG] ---------------
[DEBUG] sP: ret void, !psr.id !41 | ID: 37
[DEBUG] d1: i8** %argv | ID: main.1
[DEBUG]   eP: ret void, !psr.id !41 | ID: 37
[DEBUG]   d2: i8** %argv | ID: main.1
[DEBUG]   EF: psr::EdgeIdentity<psr::BinaryDomain>
[DEBUG] ---------------
[DEBUG] sP: ret void, !psr.id !41 | ID: 37
[DEBUG] d1: %argc.addr = alloca i32, align 4, !psr.id !42 | ID: 38
[DEBUG]   eP: ret void, !psr.id !41 | ID: 37
[DEBUG]   d2: %argc.addr = alloca i32, align 4, !psr.id !42 | ID: 38
[DEBUG]   EF: psr::EdgeIdentity<psr::BinaryDomain>
[DEBUG] ---------------
[DEBUG] sP: ret void, !psr.id !41 | ID: 37
[DEBUG] d1: i32 %argc | ID: main.0
[DEBUG]   eP: ret void, !psr.id !41 | ID: 37
[DEBUG]   d2: i32 %argc | ID: main.0
[DEBUG]   EF: psr::EdgeIdentity<psr::BinaryDomain>
[DEBUG] ---------------
[DEBUG] End of endsummarytab entry
[DEBUG] Start of incomingtab entry
[DEBUG] sP: %this.addr.i6 = alloca %"class.std::__new_allocator"*, align 8, !psr.id !5 | ID: 1
[DEBUG] d3: @zero_value = constant i2 0, align 4 | ID: -1
[DEBUG] ---------------
[DEBUG] sP: ret void, !psr.id !41 | ID: 37
[DEBUG] d3: i32 %argc | ID: main.0
[DEBUG]   n: call void @_Z9sink_funcNSt7__cxx1112basic_stringIcSt11char_traitsIcESaIcEEE(%"class.std::__cxx11::basic_string"* noundef %agg.tmp), !psr.id !52 | ID: 48
[DEBUG]   d2: i32 %argc | ID: main.0
[DEBUG] ---------------
[DEBUG] sP: ret void, !psr.id !41 | ID: 37
[DEBUG] d3: i8** %argv | ID: main.1
[DEBUG]   n: call void @_Z9sink_funcNSt7__cxx1112basic_stringIcSt11char_traitsIcESaIcEEE(%"class.std::__cxx11::basic_string"* noundef %agg.tmp), !psr.id !52 | ID: 48
[DEBUG]   d2: i8** %argv | ID: main.1
[DEBUG] ---------------
[DEBUG] sP: ret void, !psr.id !41 | ID: 37
[DEBUG] d3: %argc.addr = alloca i32, align 4, !psr.id !42 | ID: 38
[DEBUG]   n: call void @_Z9sink_funcNSt7__cxx1112basic_stringIcSt11char_traitsIcESaIcEEE(%"class.std::__cxx11::basic_string"* noundef %agg.tmp), !psr.id !52 | ID: 48
[DEBUG]   d2: %argc.addr = alloca i32, align 4, !psr.id !42 | ID: 38
[DEBUG] ---------------
[DEBUG] sP: ret void, !psr.id !41 | ID: 37
[DEBUG] d3: %argv.addr = alloca i8**, align 8, !psr.id !43 | ID: 39
[DEBUG]   n: call void @_Z9sink_funcNSt7__cxx1112basic_stringIcSt11char_traitsIcESaIcEEE(%"class.std::__cxx11::basic_string"* noundef %agg.tmp), !psr.id !52 | ID: 48
[DEBUG]   d2: %argv.addr = alloca i8**, align 8, !psr.id !43 | ID: 39
[DEBUG] ---------------
[DEBUG] sP: %argc.addr = alloca i32, align 4, !psr.id !42 | ID: 38
[DEBUG] d3: i32 %argc | ID: main.0
[DEBUG] ---------------
[DEBUG] sP: %argc.addr = alloca i32, align 4, !psr.id !42 | ID: 38
[DEBUG] d3: i8** %argv | ID: main.1
[DEBUG] ---------------
[DEBUG] sP: %this.addr = alloca %"class.std::__new_allocator"*, align 8, !psr.id !68 | ID: 64
[DEBUG] d3: @zero_value = constant i2 0, align 4 | ID: -1
[DEBUG]   n: call void @_ZNSt15__new_allocatorIcED2Ev(%"class.std::__new_allocator"* noundef nonnull align 1 dereferenceable(1) %2) #6, !psr.id !24 | ID: 20
[DEBUG]   d2: @zero_value = constant i2 0, align 4 | ID: -1
[DEBUG] ---------------
[DEBUG] End of incomingtab entry
[DEBUG] Call-to-Return flow function factory call
[DEBUG] (N) Call Site : call void @_ZNSt15__new_allocatorIcED2Ev(%"class.std::__new_allocator"* noundef nonnull align 1 dereferenceable(1) %2) #6, !psr.id !24 | ID: 20
[DEBUG] (N) Ret Site  : ret void, !psr.id !25 | ID: 21
[DEBUG] (F) Callee's  : 
[DEBUG]   _ZNSt15__new_allocatorIcED2Ev
[DEBUG] Flow function constructed
[DEBUG] Call-to-Return edge function factory call
[DEBUG] (N) Call Site : call void @_ZNSt15__new_allocatorIcED2Ev(%"class.std::__new_allocator"* noundef nonnull align 1 dereferenceable(1) %2) #6, !psr.id !24 | ID: 20
[DEBUG] (D) Call Node : @zero_value = constant i2 0, align 4 | ID: -1
[DEBUG] (N) Ret Site  : ret void, !psr.id !25 | ID: 21
[DEBUG] (D) Ret Node  : @zero_value = constant i2 0, align 4 | ID: -1
[DEBUG] (F) Callee's  : 
[DEBUG]   _ZNSt15__new_allocatorIcED2Ev
[DEBUG] Edge function constructed
[DEBUG] Provide Edge Function: psr::EdgeIdentity<psr::BinaryDomain>
[DEBUG] Queried Call-to-Return Edge Function: psr::EdgeIdentity<psr::BinaryDomain>
[DEBUG] Compose: psr::EdgeIdentity<psr::BinaryDomain> * psr::EdgeIdentity<psr::BinaryDomain> = psr::EdgeIdentity<psr::BinaryDomain>
[DEBUG] Propagate flow
[DEBUG] Source value  : @zero_value = constant i2 0, align 4 | ID: -1
[DEBUG] Target        : ret void, !psr.id !25 | ID: 21
[DEBUG] Target value  : @zero_value = constant i2 0, align 4 | ID: -1
[DEBUG] Edge function : psr::EdgeIdentity<psr::BinaryDomain> (result of previous compose)
[DEBUG] Join: psr::EdgeIdentity<psr::BinaryDomain> & psr::EdgeIdentity<psr::BinaryDomain> (EF's are equal)
[DEBUG]     = psr::EdgeIdentity<psr::BinaryDomain> 
[DEBUG]  
[DEBUG] PROPAGATE: No new function!
[DEBUG] Call-to-Return flow function factory call
[DEBUG] (N) Call Site : invoke void @_ZNSt7__cxx1112basic_stringIcSt11char_traitsIcESaIcEEC1EPKcRKS3_(%"class.std::__cxx11::basic_string"* noundef nonnull align 8 dereferenceable(32) %agg.result, i8* noundef getelementptr inbounds ([4 x i8], [4 x i8]* @.str, i64 0, i64 0), %"class.std::allocator"* noundef nonnull align 1 dereferenceable(1) %ref.tmp)
          to label %invoke.cont unwind label %lpad, !psr.id !20 | ID: 16
[DEBUG] (N) Ret Site  : %3 = landingpad { i8*, i32 }
          cleanup, !psr.id !26 | ID: 22
[DEBUG] (F) Callee's  : 
[DEBUG]   _ZNSt7__cxx1112basic_stringIcSt11char_traitsIcESaIcEEC1EPKcRKS3_
[DEBUG] Flow function constructed
[DEBUG] Call-to-Return edge function factory call
[DEBUG] (N) Call Site : invoke void @_ZNSt7__cxx1112basic_stringIcSt11char_traitsIcESaIcEEC1EPKcRKS3_(%"class.std::__cxx11::basic_string"* noundef nonnull align 8 dereferenceable(32) %agg.result, i8* noundef getelementptr inbounds ([4 x i8], [4 x i8]* @.str, i64 0, i64 0), %"class.std::allocator"* noundef nonnull align 1 dereferenceable(1) %ref.tmp)
          to label %invoke.cont unwind label %lpad, !psr.id !20 | ID: 16
[DEBUG] (D) Call Node : @zero_value = constant i2 0, align 4 | ID: -1
[DEBUG] (N) Ret Site  : %3 = landingpad { i8*, i32 }
          cleanup, !psr.id !26 | ID: 22
[DEBUG] (D) Ret Node  : @zero_value = constant i2 0, align 4 | ID: -1
[DEBUG] (F) Callee's  : 
[DEBUG]   _ZNSt7__cxx1112basic_stringIcSt11char_traitsIcESaIcEEC1EPKcRKS3_
[DEBUG] Edge function constructed
[DEBUG] Provide Edge Function: psr::EdgeIdentity<psr::BinaryDomain>
[DEBUG] Queried Call-to-Return Edge Function: psr::EdgeIdentity<psr::BinaryDomain>
[DEBUG] Compose: psr::EdgeIdentity<psr::BinaryDomain> * psr::EdgeIdentity<psr::BinaryDomain> = psr::EdgeIdentity<psr::BinaryDomain>
[DEBUG] Propagate flow
[DEBUG] Source value  : @zero_value = constant i2 0, align 4 | ID: -1
[DEBUG] Target        : %3 = landingpad { i8*, i32 }
          cleanup, !psr.id !26 | ID: 22
[DEBUG] Target value  : @zero_value = constant i2 0, align 4 | ID: -1
[DEBUG] Edge function : psr::EdgeIdentity<psr::BinaryDomain> (result of previous compose)
[DEBUG] Join: psr::AllTop<psr::BinaryDomain> & psr::EdgeIdentity<psr::BinaryDomain> 
[DEBUG]     = psr::EdgeIdentity<psr::BinaryDomain> (new jump func)
[DEBUG]  
[DEBUG] Start adding new jump function
[DEBUG] Fact at source : @zero_value = constant i2 0, align 4 | ID: -1
[DEBUG] Fact at target : @zero_value = constant i2 0, align 4 | ID: -1
[DEBUG] Destination    : %3 = landingpad { i8*, i32 }
          cleanup, !psr.id !26 | ID: 22
[DEBUG] Edge Function  : psr::EdgeIdentity<psr::BinaryDomain>
[DEBUG] End adding new jump function
[DEBUG] -------------------------------------------- 128. Path Edge --------------------------------------------
[DEBUG]  
[DEBUG] Process 128. path edge:
[DEBUG] < D source: @zero_value = constant i2 0, align 4 | ID: -1 ;
[DEBUG]   N target: %3 = landingpad { i8*, i32 }
          cleanup, !psr.id !26 | ID: 22 ;
[DEBUG]   D target: @zero_value = constant i2 0, align 4 | ID: -1 >
[DEBUG]  
[DEBUG] Process normal at target: %3 = landingpad { i8*, i32 }
          cleanup, !psr.id !26 | ID: 22
[DEBUG] JumpFunctions Forward-Lookup:
[DEBUG]    Source D: @zero_value = constant i2 0, align 4 | ID: -1
[DEBUG]    Target N: %3 = landingpad { i8*, i32 }
          cleanup, !psr.id !26 | ID: 22
[DEBUG]    Target D: @zero_value = constant i2 0, align 4 | ID: -1
[DEBUG]   => EdgeFn: psr::EdgeIdentity<psr::BinaryDomain>
[DEBUG] Normal flow function factory call
[DEBUG] (N) Curr Inst : %3 = landingpad { i8*, i32 }
          cleanup, !psr.id !26 | ID: 22
[DEBUG] (N) Succ Inst : %4 = extractvalue { i8*, i32 } %3, 0, !psr.id !27 | ID: 23
[DEBUG] Flow function constructed
[DEBUG] Normal edge function factory call
[DEBUG] (N) Curr Inst : %3 = landingpad { i8*, i32 }
          cleanup, !psr.id !26 | ID: 22
[DEBUG] (D) Curr Node : @zero_value = constant i2 0, align 4 | ID: -1
[DEBUG] (N) Succ Inst : %4 = extractvalue { i8*, i32 } %3, 0, !psr.id !27 | ID: 23
[DEBUG] (D) Succ Node : @zero_value = constant i2 0, align 4 | ID: -1
[DEBUG] Edge function constructed
[DEBUG] Provide Edge Function: psr::EdgeIdentity<psr::BinaryDomain>
[DEBUG] Queried Normal Edge Function: psr::EdgeIdentity<psr::BinaryDomain>
[DEBUG] Compose: psr::EdgeIdentity<psr::BinaryDomain> * psr::EdgeIdentity<psr::BinaryDomain> = psr::EdgeIdentity<psr::BinaryDomain>
[DEBUG] Propagate flow
[DEBUG] Source value  : @zero_value = constant i2 0, align 4 | ID: -1
[DEBUG] Target        : %4 = extractvalue { i8*, i32 } %3, 0, !psr.id !27 | ID: 23
[DEBUG] Target value  : @zero_value = constant i2 0, align 4 | ID: -1
[DEBUG] Edge function : psr::EdgeIdentity<psr::BinaryDomain> (result of previous compose)
[DEBUG] Join: psr::AllTop<psr::BinaryDomain> & psr::EdgeIdentity<psr::BinaryDomain> 
[DEBUG]     = psr::EdgeIdentity<psr::BinaryDomain> (new jump func)
[DEBUG]  
[DEBUG] Start adding new jump function
[DEBUG] Fact at source : @zero_value = constant i2 0, align 4 | ID: -1
[DEBUG] Fact at target : @zero_value = constant i2 0, align 4 | ID: -1
[DEBUG] Destination    : %4 = extractvalue { i8*, i32 } %3, 0, !psr.id !27 | ID: 23
[DEBUG] Edge Function  : psr::EdgeIdentity<psr::BinaryDomain>
[DEBUG] End adding new jump function
[DEBUG] -------------------------------------------- 129. Path Edge --------------------------------------------
[DEBUG]  
[DEBUG] Process 129. path edge:
[DEBUG] < D source: @zero_value = constant i2 0, align 4 | ID: -1 ;
[DEBUG]   N target: %4 = extractvalue { i8*, i32 } %3, 0, !psr.id !27 | ID: 23 ;
[DEBUG]   D target: @zero_value = constant i2 0, align 4 | ID: -1 >
[DEBUG]  
[DEBUG] Process normal at target: %4 = extractvalue { i8*, i32 } %3, 0, !psr.id !27 | ID: 23
[DEBUG] JumpFunctions Forward-Lookup:
[DEBUG]    Source D: @zero_value = constant i2 0, align 4 | ID: -1
[DEBUG]    Target N: %4 = extractvalue { i8*, i32 } %3, 0, !psr.id !27 | ID: 23
[DEBUG]    Target D: @zero_value = constant i2 0, align 4 | ID: -1
[DEBUG]   => EdgeFn: psr::EdgeIdentity<psr::BinaryDomain>
[DEBUG] Normal flow function factory call
[DEBUG] (N) Curr Inst : %4 = extractvalue { i8*, i32 } %3, 0, !psr.id !27 | ID: 23
[DEBUG] (N) Succ Inst : store i8* %4, i8** %exn.slot, align 8, !psr.id !28 | ID: 24
[DEBUG] Flow function constructed
[DEBUG] Normal edge function factory call
[DEBUG] (N) Curr Inst : %4 = extractvalue { i8*, i32 } %3, 0, !psr.id !27 | ID: 23
[DEBUG] (D) Curr Node : @zero_value = constant i2 0, align 4 | ID: -1
[DEBUG] (N) Succ Inst : store i8* %4, i8** %exn.slot, align 8, !psr.id !28 | ID: 24
[DEBUG] (D) Succ Node : @zero_value = constant i2 0, align 4 | ID: -1
[DEBUG] Edge function constructed
[DEBUG] Provide Edge Function: psr::EdgeIdentity<psr::BinaryDomain>
[DEBUG] Queried Normal Edge Function: psr::EdgeIdentity<psr::BinaryDomain>
[DEBUG] Compose: psr::EdgeIdentity<psr::BinaryDomain> * psr::EdgeIdentity<psr::BinaryDomain> = psr::EdgeIdentity<psr::BinaryDomain>
[DEBUG] Propagate flow
[DEBUG] Source value  : @zero_value = constant i2 0, align 4 | ID: -1
[DEBUG] Target        : store i8* %4, i8** %exn.slot, align 8, !psr.id !28 | ID: 24
[DEBUG] Target value  : @zero_value = constant i2 0, align 4 | ID: -1
[DEBUG] Edge function : psr::EdgeIdentity<psr::BinaryDomain> (result of previous compose)
[DEBUG] Join: psr::AllTop<psr::BinaryDomain> & psr::EdgeIdentity<psr::BinaryDomain> 
[DEBUG]     = psr::EdgeIdentity<psr::BinaryDomain> (new jump func)
[DEBUG]  
[DEBUG] Start adding new jump function
[DEBUG] Fact at source : @zero_value = constant i2 0, align 4 | ID: -1
[DEBUG] Fact at target : @zero_value = constant i2 0, align 4 | ID: -1
[DEBUG] Destination    : store i8* %4, i8** %exn.slot, align 8, !psr.id !28 | ID: 24
[DEBUG] Edge Function  : psr::EdgeIdentity<psr::BinaryDomain>
[DEBUG] End adding new jump function
[DEBUG] -------------------------------------------- 130. Path Edge --------------------------------------------
[DEBUG]  
[DEBUG] Process 130. path edge:
[DEBUG] < D source: @zero_value = constant i2 0, align 4 | ID: -1 ;
[DEBUG]   N target: store i8* %4, i8** %exn.slot, align 8, !psr.id !28 | ID: 24 ;
[DEBUG]   D target: @zero_value = constant i2 0, align 4 | ID: -1 >
[DEBUG]  
[DEBUG] Process normal at target: store i8* %4, i8** %exn.slot, align 8, !psr.id !28 | ID: 24
[DEBUG] JumpFunctions Forward-Lookup:
[DEBUG]    Source D: @zero_value = constant i2 0, align 4 | ID: -1
[DEBUG]    Target N: store i8* %4, i8** %exn.slot, align 8, !psr.id !28 | ID: 24
[DEBUG]    Target D: @zero_value = constant i2 0, align 4 | ID: -1
[DEBUG]   => EdgeFn: psr::EdgeIdentity<psr::BinaryDomain>
[DEBUG] Normal flow function factory call
[DEBUG] (N) Curr Inst : store i8* %4, i8** %exn.slot, align 8, !psr.id !28 | ID: 24
[DEBUG] (N) Succ Inst : %5 = extractvalue { i8*, i32 } %3, 1, !psr.id !29 | ID: 25
[DEBUG] Flow function constructed
[DEBUG] Normal edge function factory call
[DEBUG] (N) Curr Inst : store i8* %4, i8** %exn.slot, align 8, !psr.id !28 | ID: 24
[DEBUG] (D) Curr Node : @zero_value = constant i2 0, align 4 | ID: -1
[DEBUG] (N) Succ Inst : %5 = extractvalue { i8*, i32 } %3, 1, !psr.id !29 | ID: 25
[DEBUG] (D) Succ Node : @zero_value = constant i2 0, align 4 | ID: -1
[DEBUG] Edge function constructed
[DEBUG] Provide Edge Function: psr::EdgeIdentity<psr::BinaryDomain>
[DEBUG] Queried Normal Edge Function: psr::EdgeIdentity<psr::BinaryDomain>
[DEBUG] Compose: psr::EdgeIdentity<psr::BinaryDomain> * psr::EdgeIdentity<psr::BinaryDomain> = psr::EdgeIdentity<psr::BinaryDomain>
[DEBUG] Propagate flow
[DEBUG] Source value  : @zero_value = constant i2 0, align 4 | ID: -1
[DEBUG] Target        : %5 = extractvalue { i8*, i32 } %3, 1, !psr.id !29 | ID: 25
[DEBUG] Target value  : @zero_value = constant i2 0, align 4 | ID: -1
[DEBUG] Edge function : psr::EdgeIdentity<psr::BinaryDomain> (result of previous compose)
[DEBUG] Join: psr::AllTop<psr::BinaryDomain> & psr::EdgeIdentity<psr::BinaryDomain> 
[DEBUG]     = psr::EdgeIdentity<psr::BinaryDomain> (new jump func)
[DEBUG]  
[DEBUG] Start adding new jump function
[DEBUG] Fact at source : @zero_value = constant i2 0, align 4 | ID: -1
[DEBUG] Fact at target : @zero_value = constant i2 0, align 4 | ID: -1
[DEBUG] Destination    : %5 = extractvalue { i8*, i32 } %3, 1, !psr.id !29 | ID: 25
[DEBUG] Edge Function  : psr::EdgeIdentity<psr::BinaryDomain>
[DEBUG] End adding new jump function
[DEBUG] -------------------------------------------- 131. Path Edge --------------------------------------------
[DEBUG]  
[DEBUG] Process 131. path edge:
[DEBUG] < D source: @zero_value = constant i2 0, align 4 | ID: -1 ;
[DEBUG]   N target: %5 = extractvalue { i8*, i32 } %3, 1, !psr.id !29 | ID: 25 ;
[DEBUG]   D target: @zero_value = constant i2 0, align 4 | ID: -1 >
[DEBUG]  
[DEBUG] Process normal at target: %5 = extractvalue { i8*, i32 } %3, 1, !psr.id !29 | ID: 25
[DEBUG] JumpFunctions Forward-Lookup:
[DEBUG]    Source D: @zero_value = constant i2 0, align 4 | ID: -1
[DEBUG]    Target N: %5 = extractvalue { i8*, i32 } %3, 1, !psr.id !29 | ID: 25
[DEBUG]    Target D: @zero_value = constant i2 0, align 4 | ID: -1
[DEBUG]   => EdgeFn: psr::EdgeIdentity<psr::BinaryDomain>
[DEBUG] Normal flow function factory call
[DEBUG] (N) Curr Inst : %5 = extractvalue { i8*, i32 } %3, 1, !psr.id !29 | ID: 25
[DEBUG] (N) Succ Inst : store i32 %5, i32* %ehselector.slot, align 4, !psr.id !30 | ID: 26
[DEBUG] Flow function constructed
[DEBUG] Normal edge function factory call
[DEBUG] (N) Curr Inst : %5 = extractvalue { i8*, i32 } %3, 1, !psr.id !29 | ID: 25
[DEBUG] (D) Curr Node : @zero_value = constant i2 0, align 4 | ID: -1
[DEBUG] (N) Succ Inst : store i32 %5, i32* %ehselector.slot, align 4, !psr.id !30 | ID: 26
[DEBUG] (D) Succ Node : @zero_value = constant i2 0, align 4 | ID: -1
[DEBUG] Edge function constructed
[DEBUG] Provide Edge Function: psr::EdgeIdentity<psr::BinaryDomain>
[DEBUG] Queried Normal Edge Function: psr::EdgeIdentity<psr::BinaryDomain>
[DEBUG] Compose: psr::EdgeIdentity<psr::BinaryDomain> * psr::EdgeIdentity<psr::BinaryDomain> = psr::EdgeIdentity<psr::BinaryDomain>
[DEBUG] Propagate flow
[DEBUG] Source value  : @zero_value = constant i2 0, align 4 | ID: -1
[DEBUG] Target        : store i32 %5, i32* %ehselector.slot, align 4, !psr.id !30 | ID: 26
[DEBUG] Target value  : @zero_value = constant i2 0, align 4 | ID: -1
[DEBUG] Edge function : psr::EdgeIdentity<psr::BinaryDomain> (result of previous compose)
[DEBUG] Join: psr::AllTop<psr::BinaryDomain> & psr::EdgeIdentity<psr::BinaryDomain> 
[DEBUG]     = psr::EdgeIdentity<psr::BinaryDomain> (new jump func)
[DEBUG]  
[DEBUG] Start adding new jump function
[DEBUG] Fact at source : @zero_value = constant i2 0, align 4 | ID: -1
[DEBUG] Fact at target : @zero_value = constant i2 0, align 4 | ID: -1
[DEBUG] Destination    : store i32 %5, i32* %ehselector.slot, align 4, !psr.id !30 | ID: 26
[DEBUG] Edge Function  : psr::EdgeIdentity<psr::BinaryDomain>
[DEBUG] End adding new jump function
[DEBUG] -------------------------------------------- 132. Path Edge --------------------------------------------
[DEBUG]  
[DEBUG] Process 132. path edge:
[DEBUG] < D source: @zero_value = constant i2 0, align 4 | ID: -1 ;
[DEBUG]   N target: store i32 %5, i32* %ehselector.slot, align 4, !psr.id !30 | ID: 26 ;
[DEBUG]   D target: @zero_value = constant i2 0, align 4 | ID: -1 >
[DEBUG]  
[DEBUG] Process normal at target: store i32 %5, i32* %ehselector.slot, align 4, !psr.id !30 | ID: 26
[DEBUG] JumpFunctions Forward-Lookup:
[DEBUG]    Source D: @zero_value = constant i2 0, align 4 | ID: -1
[DEBUG]    Target N: store i32 %5, i32* %ehselector.slot, align 4, !psr.id !30 | ID: 26
[DEBUG]    Target D: @zero_value = constant i2 0, align 4 | ID: -1
[DEBUG]   => EdgeFn: psr::EdgeIdentity<psr::BinaryDomain>
[DEBUG] Normal flow function factory call
[DEBUG] (N) Curr Inst : store i32 %5, i32* %ehselector.slot, align 4, !psr.id !30 | ID: 26
[DEBUG] (N) Succ Inst : store %"class.std::allocator"* %ref.tmp, %"class.std::allocator"** %this.addr.i4, align 8, !psr.id !31 | ID: 27
[DEBUG] Flow function constructed
[DEBUG] Normal edge function factory call
[DEBUG] (N) Curr Inst : store i32 %5, i32* %ehselector.slot, align 4, !psr.id !30 | ID: 26
[DEBUG] (D) Curr Node : @zero_value = constant i2 0, align 4 | ID: -1
[DEBUG] (N) Succ Inst : store %"class.std::allocator"* %ref.tmp, %"class.std::allocator"** %this.addr.i4, align 8, !psr.id !31 | ID: 27
[DEBUG] (D) Succ Node : @zero_value = constant i2 0, align 4 | ID: -1
[DEBUG] Edge function constructed
[DEBUG] Provide Edge Function: psr::EdgeIdentity<psr::BinaryDomain>
[DEBUG] Queried Normal Edge Function: psr::EdgeIdentity<psr::BinaryDomain>
[DEBUG] Compose: psr::EdgeIdentity<psr::BinaryDomain> * psr::EdgeIdentity<psr::BinaryDomain> = psr::EdgeIdentity<psr::BinaryDomain>
[DEBUG] Propagate flow
[DEBUG] Source value  : @zero_value = constant i2 0, align 4 | ID: -1
[DEBUG] Target        : store %"class.std::allocator"* %ref.tmp, %"class.std::allocator"** %this.addr.i4, align 8, !psr.id !31 | ID: 27
[DEBUG] Target value  : @zero_value = constant i2 0, align 4 | ID: -1
[DEBUG] Edge function : psr::EdgeIdentity<psr::BinaryDomain> (result of previous compose)
[DEBUG] Join: psr::AllTop<psr::BinaryDomain> & psr::EdgeIdentity<psr::BinaryDomain> 
[DEBUG]     = psr::EdgeIdentity<psr::BinaryDomain> (new jump func)
[DEBUG]  
[DEBUG] Start adding new jump function
[DEBUG] Fact at source : @zero_value = constant i2 0, align 4 | ID: -1
[DEBUG] Fact at target : @zero_value = constant i2 0, align 4 | ID: -1
[DEBUG] Destination    : store %"class.std::allocator"* %ref.tmp, %"class.std::allocator"** %this.addr.i4, align 8, !psr.id !31 | ID: 27
[DEBUG] Edge Function  : psr::EdgeIdentity<psr::BinaryDomain>
[DEBUG] End adding new jump function
[DEBUG] -------------------------------------------- 133. Path Edge --------------------------------------------
[DEBUG]  
[DEBUG] Process 133. path edge:
[DEBUG] < D source: @zero_value = constant i2 0, align 4 | ID: -1 ;
[DEBUG]   N target: store %"class.std::allocator"* %ref.tmp, %"class.std::allocator"** %this.addr.i4, align 8, !psr.id !31 | ID: 27 ;
[DEBUG]   D target: @zero_value = constant i2 0, align 4 | ID: -1 >
[DEBUG]  
[DEBUG] Process normal at target: store %"class.std::allocator"* %ref.tmp, %"class.std::allocator"** %this.addr.i4, align 8, !psr.id !31 | ID: 27
[DEBUG] JumpFunctions Forward-Lookup:
[DEBUG]    Source D: @zero_value = constant i2 0, align 4 | ID: -1
[DEBUG]    Target N: store %"class.std::allocator"* %ref.tmp, %"class.std::allocator"** %this.addr.i4, align 8, !psr.id !31 | ID: 27
[DEBUG]    Target D: @zero_value = constant i2 0, align 4 | ID: -1
[DEBUG]   => EdgeFn: psr::EdgeIdentity<psr::BinaryDomain>
[DEBUG] Normal flow function factory call
[DEBUG] (N) Curr Inst : store %"class.std::allocator"* %ref.tmp, %"class.std::allocator"** %this.addr.i4, align 8, !psr.id !31 | ID: 27
[DEBUG] (N) Succ Inst : %this1.i5 = load %"class.std::allocator"*, %"class.std::allocator"** %this.addr.i4, align 8, !psr.id !32 | ID: 28
[DEBUG] Flow function constructed
[DEBUG] Normal edge function factory call
[DEBUG] (N) Curr Inst : store %"class.std::allocator"* %ref.tmp, %"class.std::allocator"** %this.addr.i4, align 8, !psr.id !31 | ID: 27
[DEBUG] (D) Curr Node : @zero_value = constant i2 0, align 4 | ID: -1
[DEBUG] (N) Succ Inst : %this1.i5 = load %"class.std::allocator"*, %"class.std::allocator"** %this.addr.i4, align 8, !psr.id !32 | ID: 28
[DEBUG] (D) Succ Node : @zero_value = constant i2 0, align 4 | ID: -1
[DEBUG] Edge function constructed
[DEBUG] Provide Edge Function: psr::EdgeIdentity<psr::BinaryDomain>
[DEBUG] Queried Normal Edge Function: psr::EdgeIdentity<psr::BinaryDomain>
[DEBUG] Compose: psr::EdgeIdentity<psr::BinaryDomain> * psr::EdgeIdentity<psr::BinaryDomain> = psr::EdgeIdentity<psr::BinaryDomain>
[DEBUG] Propagate flow
[DEBUG] Source value  : @zero_value = constant i2 0, align 4 | ID: -1
[DEBUG] Target        : %this1.i5 = load %"class.std::allocator"*, %"class.std::allocator"** %this.addr.i4, align 8, !psr.id !32 | ID: 28
[DEBUG] Target value  : @zero_value = constant i2 0, align 4 | ID: -1
[DEBUG] Edge function : psr::EdgeIdentity<psr::BinaryDomain> (result of previous compose)
[DEBUG] Join: psr::AllTop<psr::BinaryDomain> & psr::EdgeIdentity<psr::BinaryDomain> 
[DEBUG]     = psr::EdgeIdentity<psr::BinaryDomain> (new jump func)
[DEBUG]  
[DEBUG] Start adding new jump function
[DEBUG] Fact at source : @zero_value = constant i2 0, align 4 | ID: -1
[DEBUG] Fact at target : @zero_value = constant i2 0, align 4 | ID: -1
[DEBUG] Destination    : %this1.i5 = load %"class.std::allocator"*, %"class.std::allocator"** %this.addr.i4, align 8, !psr.id !32 | ID: 28
[DEBUG] Edge Function  : psr::EdgeIdentity<psr::BinaryDomain>
[DEBUG] End adding new jump function
[DEBUG] -------------------------------------------- 134. Path Edge --------------------------------------------
[DEBUG]  
[DEBUG] Process 134. path edge:
[DEBUG] < D source: @zero_value = constant i2 0, align 4 | ID: -1 ;
[DEBUG]   N target: %this1.i5 = load %"class.std::allocator"*, %"class.std::allocator"** %this.addr.i4, align 8, !psr.id !32 | ID: 28 ;
[DEBUG]   D target: @zero_value = constant i2 0, align 4 | ID: -1 >
[DEBUG]  
[DEBUG] Process normal at target: %this1.i5 = load %"class.std::allocator"*, %"class.std::allocator"** %this.addr.i4, align 8, !psr.id !32 | ID: 28
[DEBUG] JumpFunctions Forward-Lookup:
[DEBUG]    Source D: @zero_value = constant i2 0, align 4 | ID: -1
[DEBUG]    Target N: %this1.i5 = load %"class.std::allocator"*, %"class.std::allocator"** %this.addr.i4, align 8, !psr.id !32 | ID: 28
[DEBUG]    Target D: @zero_value = constant i2 0, align 4 | ID: -1
[DEBUG]   => EdgeFn: psr::EdgeIdentity<psr::BinaryDomain>
[DEBUG] Normal flow function factory call
[DEBUG] (N) Curr Inst : %this1.i5 = load %"class.std::allocator"*, %"class.std::allocator"** %this.addr.i4, align 8, !psr.id !32 | ID: 28
[DEBUG] (N) Succ Inst : %6 = bitcast %"class.std::allocator"* %this1.i5 to %"class.std::__new_allocator"*, !psr.id !33 | ID: 29
[DEBUG] Flow function constructed
[DEBUG] Normal edge function factory call
[DEBUG] (N) Curr Inst : %this1.i5 = load %"class.std::allocator"*, %"class.std::allocator"** %this.addr.i4, align 8, !psr.id !32 | ID: 28
[DEBUG] (D) Curr Node : @zero_value = constant i2 0, align 4 | ID: -1
[DEBUG] (N) Succ Inst : %6 = bitcast %"class.std::allocator"* %this1.i5 to %"class.std::__new_allocator"*, !psr.id !33 | ID: 29
[DEBUG] (D) Succ Node : @zero_value = constant i2 0, align 4 | ID: -1
[DEBUG] Edge function constructed
[DEBUG] Provide Edge Function: psr::EdgeIdentity<psr::BinaryDomain>
[DEBUG] Queried Normal Edge Function: psr::EdgeIdentity<psr::BinaryDomain>
[DEBUG] Compose: psr::EdgeIdentity<psr::BinaryDomain> * psr::EdgeIdentity<psr::BinaryDomain> = psr::EdgeIdentity<psr::BinaryDomain>
[DEBUG] Propagate flow
[DEBUG] Source value  : @zero_value = constant i2 0, align 4 | ID: -1
[DEBUG] Target        : %6 = bitcast %"class.std::allocator"* %this1.i5 to %"class.std::__new_allocator"*, !psr.id !33 | ID: 29
[DEBUG] Target value  : @zero_value = constant i2 0, align 4 | ID: -1
[DEBUG] Edge function : psr::EdgeIdentity<psr::BinaryDomain> (result of previous compose)
[DEBUG] Join: psr::AllTop<psr::BinaryDomain> & psr::EdgeIdentity<psr::BinaryDomain> 
[DEBUG]     = psr::EdgeIdentity<psr::BinaryDomain> (new jump func)
[DEBUG]  
[DEBUG] Start adding new jump function
[DEBUG] Fact at source : @zero_value = constant i2 0, align 4 | ID: -1
[DEBUG] Fact at target : @zero_value = constant i2 0, align 4 | ID: -1
[DEBUG] Destination    : %6 = bitcast %"class.std::allocator"* %this1.i5 to %"class.std::__new_allocator"*, !psr.id !33 | ID: 29
[DEBUG] Edge Function  : psr::EdgeIdentity<psr::BinaryDomain>
[DEBUG] End adding new jump function
[DEBUG] -------------------------------------------- 135. Path Edge --------------------------------------------
[DEBUG]  
[DEBUG] Process 135. path edge:
[DEBUG] < D source: @zero_value = constant i2 0, align 4 | ID: -1 ;
[DEBUG]   N target: %6 = bitcast %"class.std::allocator"* %this1.i5 to %"class.std::__new_allocator"*, !psr.id !33 | ID: 29 ;
[DEBUG]   D target: @zero_value = constant i2 0, align 4 | ID: -1 >
[DEBUG]  
[DEBUG] Process normal at target: %6 = bitcast %"class.std::allocator"* %this1.i5 to %"class.std::__new_allocator"*, !psr.id !33 | ID: 29
[DEBUG] JumpFunctions Forward-Lookup:
[DEBUG]    Source D: @zero_value = constant i2 0, align 4 | ID: -1
[DEBUG]    Target N: %6 = bitcast %"class.std::allocator"* %this1.i5 to %"class.std::__new_allocator"*, !psr.id !33 | ID: 29
[DEBUG]    Target D: @zero_value = constant i2 0, align 4 | ID: -1
[DEBUG]   => EdgeFn: psr::EdgeIdentity<psr::BinaryDomain>
[DEBUG] Normal flow function factory call
[DEBUG] (N) Curr Inst : %6 = bitcast %"class.std::allocator"* %this1.i5 to %"class.std::__new_allocator"*, !psr.id !33 | ID: 29
[DEBUG] (N) Succ Inst : call void @_ZNSt15__new_allocatorIcED2Ev(%"class.std::__new_allocator"* noundef nonnull align 1 dereferenceable(1) %6) #6, !psr.id !34 | ID: 30
[DEBUG] Flow function constructed
[DEBUG] Normal edge function factory call
[DEBUG] (N) Curr Inst : %6 = bitcast %"class.std::allocator"* %this1.i5 to %"class.std::__new_allocator"*, !psr.id !33 | ID: 29
[DEBUG] (D) Curr Node : @zero_value = constant i2 0, align 4 | ID: -1
[DEBUG] (N) Succ Inst : call void @_ZNSt15__new_allocatorIcED2Ev(%"class.std::__new_allocator"* noundef nonnull align 1 dereferenceable(1) %6) #6, !psr.id !34 | ID: 30
[DEBUG] (D) Succ Node : @zero_value = constant i2 0, align 4 | ID: -1
[DEBUG] Edge function constructed
[DEBUG] Provide Edge Function: psr::EdgeIdentity<psr::BinaryDomain>
[DEBUG] Queried Normal Edge Function: psr::EdgeIdentity<psr::BinaryDomain>
[DEBUG] Compose: psr::EdgeIdentity<psr::BinaryDomain> * psr::EdgeIdentity<psr::BinaryDomain> = psr::EdgeIdentity<psr::BinaryDomain>
[DEBUG] Propagate flow
[DEBUG] Source value  : @zero_value = constant i2 0, align 4 | ID: -1
[DEBUG] Target        : call void @_ZNSt15__new_allocatorIcED2Ev(%"class.std::__new_allocator"* noundef nonnull align 1 dereferenceable(1) %6) #6, !psr.id !34 | ID: 30
[DEBUG] Target value  : @zero_value = constant i2 0, align 4 | ID: -1
[DEBUG] Edge function : psr::EdgeIdentity<psr::BinaryDomain> (result of previous compose)
[DEBUG] Join: psr::AllTop<psr::BinaryDomain> & psr::EdgeIdentity<psr::BinaryDomain> 
[DEBUG]     = psr::EdgeIdentity<psr::BinaryDomain> (new jump func)
[DEBUG]  
[DEBUG] Start adding new jump function
[DEBUG] Fact at source : @zero_value = constant i2 0, align 4 | ID: -1
[DEBUG] Fact at target : @zero_value = constant i2 0, align 4 | ID: -1
[DEBUG] Destination    : call void @_ZNSt15__new_allocatorIcED2Ev(%"class.std::__new_allocator"* noundef nonnull align 1 dereferenceable(1) %6) #6, !psr.id !34 | ID: 30
[DEBUG] Edge Function  : psr::EdgeIdentity<psr::BinaryDomain>
[DEBUG] End adding new jump function
[DEBUG] -------------------------------------------- 136. Path Edge --------------------------------------------
[DEBUG]  
[DEBUG] Process 136. path edge:
[DEBUG] < D source: @zero_value = constant i2 0, align 4 | ID: -1 ;
[DEBUG]   N target: call void @_ZNSt15__new_allocatorIcED2Ev(%"class.std::__new_allocator"* noundef nonnull align 1 dereferenceable(1) %6) #6, !psr.id !34 | ID: 30 ;
[DEBUG]   D target: @zero_value = constant i2 0, align 4 | ID: -1 >
[DEBUG]  
[DEBUG] Process call at target: call void @_ZNSt15__new_allocatorIcED2Ev(%"class.std::__new_allocator"* noundef nonnull align 1 dereferenceable(1) %6) #6, !psr.id !34 | ID: 30
[DEBUG] JumpFunctions Forward-Lookup:
[DEBUG]    Source D: @zero_value = constant i2 0, align 4 | ID: -1
[DEBUG]    Target N: call void @_ZNSt15__new_allocatorIcED2Ev(%"class.std::__new_allocator"* noundef nonnull align 1 dereferenceable(1) %6) #6, !psr.id !34 | ID: 30
[DEBUG]    Target D: @zero_value = constant i2 0, align 4 | ID: -1
[DEBUG]   => EdgeFn: psr::EdgeIdentity<psr::BinaryDomain>
[DEBUG] Possible callees:
[DEBUG]   _ZNSt15__new_allocatorIcED2Ev
[DEBUG] Possible return sites:
[DEBUG]   br label %eh.resume, !psr.id !35 | ID: 31
[DEBUG] Summary flow function factory call
[DEBUG] (N) Call Stmt : call void @_ZNSt15__new_allocatorIcED2Ev(%"class.std::__new_allocator"* noundef nonnull align 1 dereferenceable(1) %6) #6, !psr.id !34 | ID: 30
[DEBUG] (F) Dest Mthd : _ZNSt15__new_allocatorIcED2Ev
[DEBUG]  
[DEBUG] Call flow function factory call
[DEBUG] (N) Call Stmt : call void @_ZNSt15__new_allocatorIcED2Ev(%"class.std::__new_allocator"* noundef nonnull align 1 dereferenceable(1) %6) #6, !psr.id !34 | ID: 30
[DEBUG] (F) Dest Fun : _ZNSt15__new_allocatorIcED2Ev
[DEBUG] Flow function constructed
[DEBUG] Create initial self-loop with D: @zero_value = constant i2 0, align 4 | ID: -1
[DEBUG] Propagate flow
[DEBUG] Source value  : @zero_value = constant i2 0, align 4 | ID: -1
[DEBUG] Target        : %this.addr = alloca %"class.std::__new_allocator"*, align 8, !psr.id !68 | ID: 64
[DEBUG] Target value  : @zero_value = constant i2 0, align 4 | ID: -1
[DEBUG] Edge function : psr::EdgeIdentity<psr::BinaryDomain> (result of previous compose)
[DEBUG] Join: psr::EdgeIdentity<psr::BinaryDomain> & psr::EdgeIdentity<psr::BinaryDomain> (EF's are equal)
[DEBUG]     = psr::EdgeIdentity<psr::BinaryDomain> 
[DEBUG]  
[DEBUG] PROPAGATE: No new function!
[DEBUG] Return flow function factory call
[DEBUG] (N) Call Site : call void @_ZNSt15__new_allocatorIcED2Ev(%"class.std::__new_allocator"* noundef nonnull align 1 dereferenceable(1) %6) #6, !psr.id !34 | ID: 30
[DEBUG] (F) Callee    : _ZNSt15__new_allocatorIcED2Ev
[DEBUG] (N) Exit Stmt : ret void, !psr.id !71 | ID: 67
[DEBUG] (N) Ret Site  : br label %eh.resume, !psr.id !35 | ID: 31
[DEBUG] Flow function constructed
[DEBUG] Call edge function factory call
[DEBUG] (N) Call Stmt : call void @_ZNSt15__new_allocatorIcED2Ev(%"class.std::__new_allocator"* noundef nonnull align 1 dereferenceable(1) %6) #6, !psr.id !34 | ID: 30
[DEBUG] (D) Src Node  : @zero_value = constant i2 0, align 4 | ID: -1
[DEBUG] (F) Dest Fun : _ZNSt15__new_allocatorIcED2Ev
[DEBUG] (D) Dest Node : @zero_value = constant i2 0, align 4 | ID: -1
[DEBUG] Edge function constructed
[DEBUG] Provide Edge Function: psr::EdgeIdentity<psr::BinaryDomain>
[DEBUG] Queried Call Edge Function: psr::EdgeIdentity<psr::BinaryDomain>
[DEBUG] Return edge function factory call
[DEBUG] (N) Call Site : call void @_ZNSt15__new_allocatorIcED2Ev(%"class.std::__new_allocator"* noundef nonnull align 1 dereferenceable(1) %6) #6, !psr.id !34 | ID: 30
[DEBUG] (F) Callee    : _ZNSt15__new_allocatorIcED2Ev
[DEBUG] (N) Exit Stmt : ret void, !psr.id !71 | ID: 67
[DEBUG] (D) Exit Node : @zero_value = constant i2 0, align 4 | ID: -1
[DEBUG] (N) Ret Site  : br label %eh.resume, !psr.id !35 | ID: 31
[DEBUG] (D) Ret Node  : @zero_value = constant i2 0, align 4 | ID: -1
[DEBUG] Edge function constructed
[DEBUG] Provide Edge Function: psr::EdgeIdentity<psr::BinaryDomain>
[DEBUG] Queried Return Edge Function: psr::EdgeIdentity<psr::BinaryDomain>
[DEBUG] Compose: psr::EdgeIdentity<psr::BinaryDomain> * psr::EdgeIdentity<psr::BinaryDomain> * psr::EdgeIdentity<psr::BinaryDomain>
[DEBUG]          (return * calleeSummary * call)
[DEBUG]        = psr::EdgeIdentity<psr::BinaryDomain>
[DEBUG] Compose: psr::EdgeIdentity<psr::BinaryDomain> * psr::EdgeIdentity<psr::BinaryDomain>
[DEBUG] Propagate flow
[DEBUG] Source value  : @zero_value = constant i2 0, align 4 | ID: -1
[DEBUG] Target        : br label %eh.resume, !psr.id !35 | ID: 31
[DEBUG] Target value  : @zero_value = constant i2 0, align 4 | ID: -1
[DEBUG] Edge function : psr::EdgeIdentity<psr::BinaryDomain> (result of previous compose)
[DEBUG] Join: psr::AllTop<psr::BinaryDomain> & psr::EdgeIdentity<psr::BinaryDomain> 
[DEBUG]     = psr::EdgeIdentity<psr::BinaryDomain> (new jump func)
[DEBUG]  
[DEBUG] Start adding new jump function
[DEBUG] Fact at source : @zero_value = constant i2 0, align 4 | ID: -1
[DEBUG] Fact at target : @zero_value = constant i2 0, align 4 | ID: -1
[DEBUG] Destination    : br label %eh.resume, !psr.id !35 | ID: 31
[DEBUG] Edge Function  : psr::EdgeIdentity<psr::BinaryDomain>
[DEBUG] End adding new jump function
[DEBUG] -------------------------------------------- 137. Path Edge --------------------------------------------
[DEBUG]  
[DEBUG] Process 137. path edge:
[DEBUG] < D source: @zero_value = constant i2 0, align 4 | ID: -1 ;
[DEBUG]   N target: br label %eh.resume, !psr.id !35 | ID: 31 ;
[DEBUG]   D target: @zero_value = constant i2 0, align 4 | ID: -1 >
[DEBUG]  
[DEBUG] Process normal at target: br label %eh.resume, !psr.id !35 | ID: 31
[DEBUG] JumpFunctions Forward-Lookup:
[DEBUG]    Source D: @zero_value = constant i2 0, align 4 | ID: -1
[DEBUG]    Target N: br label %eh.resume, !psr.id !35 | ID: 31
[DEBUG]    Target D: @zero_value = constant i2 0, align 4 | ID: -1
[DEBUG]   => EdgeFn: psr::EdgeIdentity<psr::BinaryDomain>
[DEBUG] Normal flow function factory call
[DEBUG] (N) Curr Inst : br label %eh.resume, !psr.id !35 | ID: 31
[DEBUG] (N) Succ Inst : %exn = load i8*, i8** %exn.slot, align 8, !psr.id !36 | ID: 32
[DEBUG] Flow function constructed
[DEBUG] Normal edge function factory call
[DEBUG] (N) Curr Inst : br label %eh.resume, !psr.id !35 | ID: 31
[DEBUG] (D) Curr Node : @zero_value = constant i2 0, align 4 | ID: -1
[DEBUG] (N) Succ Inst : %exn = load i8*, i8** %exn.slot, align 8, !psr.id !36 | ID: 32
[DEBUG] (D) Succ Node : @zero_value = constant i2 0, align 4 | ID: -1
[DEBUG] Edge function constructed
[DEBUG] Provide Edge Function: psr::EdgeIdentity<psr::BinaryDomain>
[DEBUG] Queried Normal Edge Function: psr::EdgeIdentity<psr::BinaryDomain>
[DEBUG] Compose: psr::EdgeIdentity<psr::BinaryDomain> * psr::EdgeIdentity<psr::BinaryDomain> = psr::EdgeIdentity<psr::BinaryDomain>
[DEBUG] Propagate flow
[DEBUG] Source value  : @zero_value = constant i2 0, align 4 | ID: -1
[DEBUG] Target        : %exn = load i8*, i8** %exn.slot, align 8, !psr.id !36 | ID: 32
[DEBUG] Target value  : @zero_value = constant i2 0, align 4 | ID: -1
[DEBUG] Edge function : psr::EdgeIdentity<psr::BinaryDomain> (result of previous compose)
[DEBUG] Join: psr::AllTop<psr::BinaryDomain> & psr::EdgeIdentity<psr::BinaryDomain> 
[DEBUG]     = psr::EdgeIdentity<psr::BinaryDomain> (new jump func)
[DEBUG]  
[DEBUG] Start adding new jump function
[DEBUG] Fact at source : @zero_value = constant i2 0, align 4 | ID: -1
[DEBUG] Fact at target : @zero_value = constant i2 0, align 4 | ID: -1
[DEBUG] Destination    : %exn = load i8*, i8** %exn.slot, align 8, !psr.id !36 | ID: 32
[DEBUG] Edge Function  : psr::EdgeIdentity<psr::BinaryDomain>
[DEBUG] End adding new jump function
[DEBUG] -------------------------------------------- 138. Path Edge --------------------------------------------
[DEBUG]  
[DEBUG] Process 138. path edge:
[DEBUG] < D source: @zero_value = constant i2 0, align 4 | ID: -1 ;
[DEBUG]   N target: %exn = load i8*, i8** %exn.slot, align 8, !psr.id !36 | ID: 32 ;
[DEBUG]   D target: @zero_value = constant i2 0, align 4 | ID: -1 >
[DEBUG]  
[DEBUG] Process normal at target: %exn = load i8*, i8** %exn.slot, align 8, !psr.id !36 | ID: 32
[DEBUG] JumpFunctions Forward-Lookup:
[DEBUG]    Source D: @zero_value = constant i2 0, align 4 | ID: -1
[DEBUG]    Target N: %exn = load i8*, i8** %exn.slot, align 8, !psr.id !36 | ID: 32
[DEBUG]    Target D: @zero_value = constant i2 0, align 4 | ID: -1
[DEBUG]   => EdgeFn: psr::EdgeIdentity<psr::BinaryDomain>
[DEBUG] Normal flow function factory call
[DEBUG] (N) Curr Inst : %exn = load i8*, i8** %exn.slot, align 8, !psr.id !36 | ID: 32
[DEBUG] (N) Succ Inst : %sel = load i32, i32* %ehselector.slot, align 4, !psr.id !37 | ID: 33
[DEBUG] Flow function constructed
[DEBUG] Normal edge function factory call
[DEBUG] (N) Curr Inst : %exn = load i8*, i8** %exn.slot, align 8, !psr.id !36 | ID: 32
[DEBUG] (D) Curr Node : @zero_value = constant i2 0, align 4 | ID: -1
[DEBUG] (N) Succ Inst : %sel = load i32, i32* %ehselector.slot, align 4, !psr.id !37 | ID: 33
[DEBUG] (D) Succ Node : @zero_value = constant i2 0, align 4 | ID: -1
[DEBUG] Edge function constructed
[DEBUG] Provide Edge Function: psr::EdgeIdentity<psr::BinaryDomain>
[DEBUG] Queried Normal Edge Function: psr::EdgeIdentity<psr::BinaryDomain>
[DEBUG] Compose: psr::EdgeIdentity<psr::BinaryDomain> * psr::EdgeIdentity<psr::BinaryDomain> = psr::EdgeIdentity<psr::BinaryDomain>
[DEBUG] Propagate flow
[DEBUG] Source value  : @zero_value = constant i2 0, align 4 | ID: -1
[DEBUG] Target        : %sel = load i32, i32* %ehselector.slot, align 4, !psr.id !37 | ID: 33
[DEBUG] Target value  : @zero_value = constant i2 0, align 4 | ID: -1
[DEBUG] Edge function : psr::EdgeIdentity<psr::BinaryDomain> (result of previous compose)
[DEBUG] Join: psr::AllTop<psr::BinaryDomain> & psr::EdgeIdentity<psr::BinaryDomain> 
[DEBUG]     = psr::EdgeIdentity<psr::BinaryDomain> (new jump func)
[DEBUG]  
[DEBUG] Start adding new jump function
[DEBUG] Fact at source : @zero_value = constant i2 0, align 4 | ID: -1
[DEBUG] Fact at target : @zero_value = constant i2 0, align 4 | ID: -1
[DEBUG] Destination    : %sel = load i32, i32* %ehselector.slot, align 4, !psr.id !37 | ID: 33
[DEBUG] Edge Function  : psr::EdgeIdentity<psr::BinaryDomain>
[DEBUG] End adding new jump function
[DEBUG] -------------------------------------------- 139. Path Edge --------------------------------------------
[DEBUG]  
[DEBUG] Process 139. path edge:
[DEBUG] < D source: @zero_value = constant i2 0, align 4 | ID: -1 ;
[DEBUG]   N target: %sel = load i32, i32* %ehselector.slot, align 4, !psr.id !37 | ID: 33 ;
[DEBUG]   D target: @zero_value = constant i2 0, align 4 | ID: -1 >
[DEBUG]  
[DEBUG] Process normal at target: %sel = load i32, i32* %ehselector.slot, align 4, !psr.id !37 | ID: 33
[DEBUG] JumpFunctions Forward-Lookup:
[DEBUG]    Source D: @zero_value = constant i2 0, align 4 | ID: -1
[DEBUG]    Target N: %sel = load i32, i32* %ehselector.slot, align 4, !psr.id !37 | ID: 33
[DEBUG]    Target D: @zero_value = constant i2 0, align 4 | ID: -1
[DEBUG]   => EdgeFn: psr::EdgeIdentity<psr::BinaryDomain>
[DEBUG] Normal flow function factory call
[DEBUG] (N) Curr Inst : %sel = load i32, i32* %ehselector.slot, align 4, !psr.id !37 | ID: 33
[DEBUG] (N) Succ Inst : %lpad.val = insertvalue { i8*, i32 } undef, i8* %exn, 0, !psr.id !38 | ID: 34
[DEBUG] Flow function constructed
[DEBUG] Normal edge function factory call
[DEBUG] (N) Curr Inst : %sel = load i32, i32* %ehselector.slot, align 4, !psr.id !37 | ID: 33
[DEBUG] (D) Curr Node : @zero_value = constant i2 0, align 4 | ID: -1
[DEBUG] (N) Succ Inst : %lpad.val = insertvalue { i8*, i32 } undef, i8* %exn, 0, !psr.id !38 | ID: 34
[DEBUG] (D) Succ Node : @zero_value = constant i2 0, align 4 | ID: -1
[DEBUG] Edge function constructed
[DEBUG] Provide Edge Function: psr::EdgeIdentity<psr::BinaryDomain>
[DEBUG] Queried Normal Edge Function: psr::EdgeIdentity<psr::BinaryDomain>
[DEBUG] Compose: psr::EdgeIdentity<psr::BinaryDomain> * psr::EdgeIdentity<psr::BinaryDomain> = psr::EdgeIdentity<psr::BinaryDomain>
[DEBUG] Propagate flow
[DEBUG] Source value  : @zero_value = constant i2 0, align 4 | ID: -1
[DEBUG] Target        : %lpad.val = insertvalue { i8*, i32 } undef, i8* %exn, 0, !psr.id !38 | ID: 34
[DEBUG] Target value  : @zero_value = constant i2 0, align 4 | ID: -1
[DEBUG] Edge function : psr::EdgeIdentity<psr::BinaryDomain> (result of previous compose)
[DEBUG] Join: psr::AllTop<psr::BinaryDomain> & psr::EdgeIdentity<psr::BinaryDomain> 
[DEBUG]     = psr::EdgeIdentity<psr::BinaryDomain> (new jump func)
[DEBUG]  
[DEBUG] Start adding new jump function
[DEBUG] Fact at source : @zero_value = constant i2 0, align 4 | ID: -1
[DEBUG] Fact at target : @zero_value = constant i2 0, align 4 | ID: -1
[DEBUG] Destination    : %lpad.val = insertvalue { i8*, i32 } undef, i8* %exn, 0, !psr.id !38 | ID: 34
[DEBUG] Edge Function  : psr::EdgeIdentity<psr::BinaryDomain>
[DEBUG] End adding new jump function
[DEBUG] -------------------------------------------- 140. Path Edge --------------------------------------------
[DEBUG]  
[DEBUG] Process 140. path edge:
[DEBUG] < D source: @zero_value = constant i2 0, align 4 | ID: -1 ;
[DEBUG]   N target: %lpad.val = insertvalue { i8*, i32 } undef, i8* %exn, 0, !psr.id !38 | ID: 34 ;
[DEBUG]   D target: @zero_value = constant i2 0, align 4 | ID: -1 >
[DEBUG]  
[DEBUG] Process normal at target: %lpad.val = insertvalue { i8*, i32 } undef, i8* %exn, 0, !psr.id !38 | ID: 34
[DEBUG] JumpFunctions Forward-Lookup:
[DEBUG]    Source D: @zero_value = constant i2 0, align 4 | ID: -1
[DEBUG]    Target N: %lpad.val = insertvalue { i8*, i32 } undef, i8* %exn, 0, !psr.id !38 | ID: 34
[DEBUG]    Target D: @zero_value = constant i2 0, align 4 | ID: -1
[DEBUG]   => EdgeFn: psr::EdgeIdentity<psr::BinaryDomain>
[DEBUG] Normal flow function factory call
[DEBUG] (N) Curr Inst : %lpad.val = insertvalue { i8*, i32 } undef, i8* %exn, 0, !psr.id !38 | ID: 34
[DEBUG] (N) Succ Inst : %lpad.val1 = insertvalue { i8*, i32 } %lpad.val, i32 %sel, 1, !psr.id !39 | ID: 35
[DEBUG] Flow function constructed
[DEBUG] Normal edge function factory call
[DEBUG] (N) Curr Inst : %lpad.val = insertvalue { i8*, i32 } undef, i8* %exn, 0, !psr.id !38 | ID: 34
[DEBUG] (D) Curr Node : @zero_value = constant i2 0, align 4 | ID: -1
[DEBUG] (N) Succ Inst : %lpad.val1 = insertvalue { i8*, i32 } %lpad.val, i32 %sel, 1, !psr.id !39 | ID: 35
[DEBUG] (D) Succ Node : @zero_value = constant i2 0, align 4 | ID: -1
[DEBUG] Edge function constructed
[DEBUG] Provide Edge Function: psr::EdgeIdentity<psr::BinaryDomain>
[DEBUG] Queried Normal Edge Function: psr::EdgeIdentity<psr::BinaryDomain>
[DEBUG] Compose: psr::EdgeIdentity<psr::BinaryDomain> * psr::EdgeIdentity<psr::BinaryDomain> = psr::EdgeIdentity<psr::BinaryDomain>
[DEBUG] Propagate flow
[DEBUG] Source value  : @zero_value = constant i2 0, align 4 | ID: -1
[DEBUG] Target        : %lpad.val1 = insertvalue { i8*, i32 } %lpad.val, i32 %sel, 1, !psr.id !39 | ID: 35
[DEBUG] Target value  : @zero_value = constant i2 0, align 4 | ID: -1
[DEBUG] Edge function : psr::EdgeIdentity<psr::BinaryDomain> (result of previous compose)
[DEBUG] Join: psr::AllTop<psr::BinaryDomain> & psr::EdgeIdentity<psr::BinaryDomain> 
[DEBUG]     = psr::EdgeIdentity<psr::BinaryDomain> (new jump func)
[DEBUG]  
[DEBUG] Start adding new jump function
[DEBUG] Fact at source : @zero_value = constant i2 0, align 4 | ID: -1
[DEBUG] Fact at target : @zero_value = constant i2 0, align 4 | ID: -1
[DEBUG] Destination    : %lpad.val1 = insertvalue { i8*, i32 } %lpad.val, i32 %sel, 1, !psr.id !39 | ID: 35
[DEBUG] Edge Function  : psr::EdgeIdentity<psr::BinaryDomain>
[DEBUG] End adding new jump function
[DEBUG] -------------------------------------------- 141. Path Edge --------------------------------------------
[DEBUG]  
[DEBUG] Process 141. path edge:
[DEBUG] < D source: @zero_value = constant i2 0, align 4 | ID: -1 ;
[DEBUG]   N target: %lpad.val1 = insertvalue { i8*, i32 } %lpad.val, i32 %sel, 1, !psr.id !39 | ID: 35 ;
[DEBUG]   D target: @zero_value = constant i2 0, align 4 | ID: -1 >
[DEBUG]  
[DEBUG] Process normal at target: %lpad.val1 = insertvalue { i8*, i32 } %lpad.val, i32 %sel, 1, !psr.id !39 | ID: 35
[DEBUG] JumpFunctions Forward-Lookup:
[DEBUG]    Source D: @zero_value = constant i2 0, align 4 | ID: -1
[DEBUG]    Target N: %lpad.val1 = insertvalue { i8*, i32 } %lpad.val, i32 %sel, 1, !psr.id !39 | ID: 35
[DEBUG]    Target D: @zero_value = constant i2 0, align 4 | ID: -1
[DEBUG]   => EdgeFn: psr::EdgeIdentity<psr::BinaryDomain>
[DEBUG] Normal flow function factory call
[DEBUG] (N) Curr Inst : %lpad.val1 = insertvalue { i8*, i32 } %lpad.val, i32 %sel, 1, !psr.id !39 | ID: 35
[DEBUG] (N) Succ Inst : resume { i8*, i32 } %lpad.val1, !psr.id !40 | ID: 36
[DEBUG] Flow function constructed
[DEBUG] Normal edge function factory call
[DEBUG] (N) Curr Inst : %lpad.val1 = insertvalue { i8*, i32 } %lpad.val, i32 %sel, 1, !psr.id !39 | ID: 35
[DEBUG] (D) Curr Node : @zero_value = constant i2 0, align 4 | ID: -1
[DEBUG] (N) Succ Inst : resume { i8*, i32 } %lpad.val1, !psr.id !40 | ID: 36
[DEBUG] (D) Succ Node : @zero_value = constant i2 0, align 4 | ID: -1
[DEBUG] Edge function constructed
[DEBUG] Provide Edge Function: psr::EdgeIdentity<psr::BinaryDomain>
[DEBUG] Queried Normal Edge Function: psr::EdgeIdentity<psr::BinaryDomain>
[DEBUG] Compose: psr::EdgeIdentity<psr::BinaryDomain> * psr::EdgeIdentity<psr::BinaryDomain> = psr::EdgeIdentity<psr::BinaryDomain>
[DEBUG] Propagate flow
[DEBUG] Source value  : @zero_value = constant i2 0, align 4 | ID: -1
[DEBUG] Target        : resume { i8*, i32 } %lpad.val1, !psr.id !40 | ID: 36
[DEBUG] Target value  : @zero_value = constant i2 0, align 4 | ID: -1
[DEBUG] Edge function : psr::EdgeIdentity<psr::BinaryDomain> (result of previous compose)
[DEBUG] Join: psr::AllTop<psr::BinaryDomain> & psr::EdgeIdentity<psr::BinaryDomain> 
[DEBUG]     = psr::EdgeIdentity<psr::BinaryDomain> (new jump func)
[DEBUG]  
[DEBUG] Start adding new jump function
[DEBUG] Fact at source : @zero_value = constant i2 0, align 4 | ID: -1
[DEBUG] Fact at target : @zero_value = constant i2 0, align 4 | ID: -1
[DEBUG] Destination    : resume { i8*, i32 } %lpad.val1, !psr.id !40 | ID: 36
[DEBUG] Edge Function  : psr::EdgeIdentity<psr::BinaryDomain>
[DEBUG] End adding new jump function
[DEBUG] -------------------------------------------- 142. Path Edge --------------------------------------------
[DEBUG]  
[DEBUG] Process 142. path edge:
[DEBUG] < D source: @zero_value = constant i2 0, align 4 | ID: -1 ;
[DEBUG]   N target: resume { i8*, i32 } %lpad.val1, !psr.id !40 | ID: 36 ;
[DEBUG]   D target: @zero_value = constant i2 0, align 4 | ID: -1 >
[DEBUG]  
[DEBUG] Call-to-Return flow function factory call
[DEBUG] (N) Call Site : call void @_ZNSt15__new_allocatorIcED2Ev(%"class.std::__new_allocator"* noundef nonnull align 1 dereferenceable(1) %6) #6, !psr.id !34 | ID: 30
[DEBUG] (N) Ret Site  : br label %eh.resume, !psr.id !35 | ID: 31
[DEBUG] (F) Callee's  : 
[DEBUG]   _ZNSt15__new_allocatorIcED2Ev
[DEBUG] Flow function constructed
[DEBUG] Call-to-Return edge function factory call
[DEBUG] (N) Call Site : call void @_ZNSt15__new_allocatorIcED2Ev(%"class.std::__new_allocator"* noundef nonnull align 1 dereferenceable(1) %6) #6, !psr.id !34 | ID: 30
[DEBUG] (D) Call Node : @zero_value = constant i2 0, align 4 | ID: -1
[DEBUG] (N) Ret Site  : br label %eh.resume, !psr.id !35 | ID: 31
[DEBUG] (D) Ret Node  : @zero_value = constant i2 0, align 4 | ID: -1
[DEBUG] (F) Callee's  : 
[DEBUG]   _ZNSt15__new_allocatorIcED2Ev
[DEBUG] Edge function constructed
[DEBUG] Provide Edge Function: psr::EdgeIdentity<psr::BinaryDomain>
[DEBUG] Queried Call-to-Return Edge Function: psr::EdgeIdentity<psr::BinaryDomain>
[DEBUG] Compose: psr::EdgeIdentity<psr::BinaryDomain> * psr::EdgeIdentity<psr::BinaryDomain> = psr::EdgeIdentity<psr::BinaryDomain>
[DEBUG] Propagate flow
[DEBUG] Source value  : @zero_value = constant i2 0, align 4 | ID: -1
[DEBUG] Target        : br label %eh.resume, !psr.id !35 | ID: 31
[DEBUG] Target value  : @zero_value = constant i2 0, align 4 | ID: -1
[DEBUG] Edge function : psr::EdgeIdentity<psr::BinaryDomain> (result of previous compose)
[DEBUG] Join: psr::EdgeIdentity<psr::BinaryDomain> & psr::EdgeIdentity<psr::BinaryDomain> (EF's are equal)
[DEBUG]     = psr::EdgeIdentity<psr::BinaryDomain> 
[DEBUG]  
[DEBUG] PROPAGATE: No new function!
[DEBUG] Return flow function factory call
[DEBUG] (N) Call Site : call void @_Z11source_funcB5cxx11v(%"class.std::__cxx11::basic_string"* sret(%"class.std::__cxx11::basic_string") align 8 %conspicuous_x), !psr.id !50 | ID: 46
[DEBUG] (F) Callee    : _Z11source_funcB5cxx11v
[DEBUG] (N) Exit Stmt : ret void, !psr.id !25 | ID: 21
[DEBUG] (N) Ret Site  : invoke void @_ZNSt7__cxx1112basic_stringIcSt11char_traitsIcESaIcEEC1ERKS4_(%"class.std::__cxx11::basic_string"* noundef nonnull align 8 dereferenceable(32) %agg.tmp, %"class.std::__cxx11::basic_string"* noundef nonnull align 8 dereferenceable(32) %conspicuous_x)
          to label %invoke.cont unwind label %lpad, !psr.id !51 | ID: 47
[DEBUG] Flow function constructed
[DEBUG] Call edge function factory call
[DEBUG] (N) Call Stmt : call void @_Z11source_funcB5cxx11v(%"class.std::__cxx11::basic_string"* sret(%"class.std::__cxx11::basic_string") align 8 %conspicuous_x), !psr.id !50 | ID: 46
[DEBUG] (D) Src Node  : @zero_value = constant i2 0, align 4 | ID: -1
[DEBUG] (F) Dest Fun : _Z11source_funcB5cxx11v
[DEBUG] (D) Dest Node : @zero_value = constant i2 0, align 4 | ID: -1
[DEBUG] Edge function constructed
[DEBUG] Provide Edge Function: psr::EdgeIdentity<psr::BinaryDomain>
[DEBUG] Queried Call Edge Function: psr::EdgeIdentity<psr::BinaryDomain>
[DEBUG] Return edge function factory call
[DEBUG] (N) Call Site : call void @_Z11source_funcB5cxx11v(%"class.std::__cxx11::basic_string"* sret(%"class.std::__cxx11::basic_string") align 8 %conspicuous_x), !psr.id !50 | ID: 46
[DEBUG] (F) Callee    : _Z11source_funcB5cxx11v
[DEBUG] (N) Exit Stmt : ret void, !psr.id !25 | ID: 21
[DEBUG] (D) Exit Node : @zero_value = constant i2 0, align 4 | ID: -1
[DEBUG] (N) Ret Site  : invoke void @_ZNSt7__cxx1112basic_stringIcSt11char_traitsIcESaIcEEC1ERKS4_(%"class.std::__cxx11::basic_string"* noundef nonnull align 8 dereferenceable(32) %agg.tmp, %"class.std::__cxx11::basic_string"* noundef nonnull align 8 dereferenceable(32) %conspicuous_x)
          to label %invoke.cont unwind label %lpad, !psr.id !51 | ID: 47
[DEBUG] (D) Ret Node  : @zero_value = constant i2 0, align 4 | ID: -1
[DEBUG] Edge function constructed
[DEBUG] Provide Edge Function: psr::EdgeIdentity<psr::BinaryDomain>
[DEBUG] Queried Return Edge Function: psr::EdgeIdentity<psr::BinaryDomain>
[DEBUG] Compose: psr::EdgeIdentity<psr::BinaryDomain> * psr::EdgeIdentity<psr::BinaryDomain> * psr::EdgeIdentity<psr::BinaryDomain>
[DEBUG]          (return * calleeSummary * call)
[DEBUG]        = psr::EdgeIdentity<psr::BinaryDomain>
[DEBUG] Compose: psr::EdgeIdentity<psr::BinaryDomain> * psr::EdgeIdentity<psr::BinaryDomain>
[DEBUG] Propagate flow
[DEBUG] Source value  : @zero_value = constant i2 0, align 4 | ID: -1
[DEBUG] Target        : invoke void @_ZNSt7__cxx1112basic_stringIcSt11char_traitsIcESaIcEEC1ERKS4_(%"class.std::__cxx11::basic_string"* noundef nonnull align 8 dereferenceable(32) %agg.tmp, %"class.std::__cxx11::basic_string"* noundef nonnull align 8 dereferenceable(32) %conspicuous_x)
          to label %invoke.cont unwind label %lpad, !psr.id !51 | ID: 47
[DEBUG] Target value  : @zero_value = constant i2 0, align 4 | ID: -1
[DEBUG] Edge function : psr::EdgeIdentity<psr::BinaryDomain> (result of previous compose)
[DEBUG] Join: psr::AllTop<psr::BinaryDomain> & psr::EdgeIdentity<psr::BinaryDomain> 
[DEBUG]     = psr::EdgeIdentity<psr::BinaryDomain> (new jump func)
[DEBUG]  
[DEBUG] Start adding new jump function
[DEBUG] Fact at source : @zero_value = constant i2 0, align 4 | ID: -1
[DEBUG] Fact at target : @zero_value = constant i2 0, align 4 | ID: -1
[DEBUG] Destination    : invoke void @_ZNSt7__cxx1112basic_stringIcSt11char_traitsIcESaIcEEC1ERKS4_(%"class.std::__cxx11::basic_string"* noundef nonnull align 8 dereferenceable(32) %agg.tmp, %"class.std::__cxx11::basic_string"* noundef nonnull align 8 dereferenceable(32) %conspicuous_x)
          to label %invoke.cont unwind label %lpad, !psr.id !51 | ID: 47
[DEBUG] Edge Function  : psr::EdgeIdentity<psr::BinaryDomain>
[DEBUG] End adding new jump function
[DEBUG] -------------------------------------------- 143. Path Edge --------------------------------------------
[DEBUG]  
[DEBUG] Process 143. path edge:
[DEBUG] < D source: @zero_value = constant i2 0, align 4 | ID: -1 ;
[DEBUG]   N target: invoke void @_ZNSt7__cxx1112basic_stringIcSt11char_traitsIcESaIcEEC1ERKS4_(%"class.std::__cxx11::basic_string"* noundef nonnull align 8 dereferenceable(32) %agg.tmp, %"class.std::__cxx11::basic_string"* noundef nonnull align 8 dereferenceable(32) %conspicuous_x)
          to label %invoke.cont unwind label %lpad, !psr.id !51 | ID: 47 ;
[DEBUG]   D target: @zero_value = constant i2 0, align 4 | ID: -1 >
[DEBUG]  
[DEBUG] Process call at target: invoke void @_ZNSt7__cxx1112basic_stringIcSt11char_traitsIcESaIcEEC1ERKS4_(%"class.std::__cxx11::basic_string"* noundef nonnull align 8 dereferenceable(32) %agg.tmp, %"class.std::__cxx11::basic_string"* noundef nonnull align 8 dereferenceable(32) %conspicuous_x)
          to label %invoke.cont unwind label %lpad, !psr.id !51 | ID: 47
[DEBUG] JumpFunctions Forward-Lookup:
[DEBUG]    Source D: @zero_value = constant i2 0, align 4 | ID: -1
[DEBUG]    Target N: invoke void @_ZNSt7__cxx1112basic_stringIcSt11char_traitsIcESaIcEEC1ERKS4_(%"class.std::__cxx11::basic_string"* noundef nonnull align 8 dereferenceable(32) %agg.tmp, %"class.std::__cxx11::basic_string"* noundef nonnull align 8 dereferenceable(32) %conspicuous_x)
          to label %invoke.cont unwind label %lpad, !psr.id !51 | ID: 47
[DEBUG]    Target D: @zero_value = constant i2 0, align 4 | ID: -1
[DEBUG]   => EdgeFn: psr::EdgeIdentity<psr::BinaryDomain>
[DEBUG] Possible callees:
[DEBUG]   _ZNSt7__cxx1112basic_stringIcSt11char_traitsIcESaIcEEC1ERKS4_
[DEBUG] Possible return sites:
[DEBUG]   call void @_Z9sink_funcNSt7__cxx1112basic_stringIcSt11char_traitsIcESaIcEEE(%"class.std::__cxx11::basic_string"* noundef %agg.tmp), !psr.id !52 | ID: 48
[DEBUG]   %0 = landingpad { i8*, i32 }
          cleanup, !psr.id !56 | ID: 52
[DEBUG] Summary flow function factory call
[DEBUG] (N) Call Stmt : invoke void @_ZNSt7__cxx1112basic_stringIcSt11char_traitsIcESaIcEEC1ERKS4_(%"class.std::__cxx11::basic_string"* noundef nonnull align 8 dereferenceable(32) %agg.tmp, %"class.std::__cxx11::basic_string"* noundef nonnull align 8 dereferenceable(32) %conspicuous_x)
          to label %invoke.cont unwind label %lpad, !psr.id !51 | ID: 47
[DEBUG] (F) Dest Mthd : _ZNSt7__cxx1112basic_stringIcSt11char_traitsIcESaIcEEC1ERKS4_
[DEBUG]  
[DEBUG] Call flow function factory call
[DEBUG] (N) Call Stmt : invoke void @_ZNSt7__cxx1112basic_stringIcSt11char_traitsIcESaIcEEC1ERKS4_(%"class.std::__cxx11::basic_string"* noundef nonnull align 8 dereferenceable(32) %agg.tmp, %"class.std::__cxx11::basic_string"* noundef nonnull align 8 dereferenceable(32) %conspicuous_x)
          to label %invoke.cont unwind label %lpad, !psr.id !51 | ID: 47
[DEBUG] (F) Dest Fun : _ZNSt7__cxx1112basic_stringIcSt11char_traitsIcESaIcEEC1ERKS4_
[DEBUG] Flow function fetched from cache
[DEBUG] Start points of '_ZNSt7__cxx1112basic_stringIcSt11char_traitsIcESaIcEEC1ERKS4_' currently not available!
[DEBUG] Call-to-Return flow function factory call
[DEBUG] (N) Call Site : invoke void @_ZNSt7__cxx1112basic_stringIcSt11char_traitsIcESaIcEEC1ERKS4_(%"class.std::__cxx11::basic_string"* noundef nonnull align 8 dereferenceable(32) %agg.tmp, %"class.std::__cxx11::basic_string"* noundef nonnull align 8 dereferenceable(32) %conspicuous_x)
          to label %invoke.cont unwind label %lpad, !psr.id !51 | ID: 47
[DEBUG] (N) Ret Site  : call void @_Z9sink_funcNSt7__cxx1112basic_stringIcSt11char_traitsIcESaIcEEE(%"class.std::__cxx11::basic_string"* noundef %agg.tmp), !psr.id !52 | ID: 48
[DEBUG] (F) Callee's  : 
[DEBUG]   _ZNSt7__cxx1112basic_stringIcSt11char_traitsIcESaIcEEC1ERKS4_
[DEBUG] Flow function fetched from cache
[DEBUG] Call-to-Return edge function factory call
[DEBUG] (N) Call Site : invoke void @_ZNSt7__cxx1112basic_stringIcSt11char_traitsIcESaIcEEC1ERKS4_(%"class.std::__cxx11::basic_string"* noundef nonnull align 8 dereferenceable(32) %agg.tmp, %"class.std::__cxx11::basic_string"* noundef nonnull align 8 dereferenceable(32) %conspicuous_x)
          to label %invoke.cont unwind label %lpad, !psr.id !51 | ID: 47
[DEBUG] (D) Call Node : @zero_value = constant i2 0, align 4 | ID: -1
[DEBUG] (N) Ret Site  : call void @_Z9sink_funcNSt7__cxx1112basic_stringIcSt11char_traitsIcESaIcEEE(%"class.std::__cxx11::basic_string"* noundef %agg.tmp), !psr.id !52 | ID: 48
[DEBUG] (D) Ret Node  : @zero_value = constant i2 0, align 4 | ID: -1
[DEBUG] (F) Callee's  : 
[DEBUG]   _ZNSt7__cxx1112basic_stringIcSt11char_traitsIcESaIcEEC1ERKS4_
[DEBUG] Edge function constructed
[DEBUG] Provide Edge Function: psr::EdgeIdentity<psr::BinaryDomain>
[DEBUG] Queried Call-to-Return Edge Function: psr::EdgeIdentity<psr::BinaryDomain>
[DEBUG] Compose: psr::EdgeIdentity<psr::BinaryDomain> * psr::EdgeIdentity<psr::BinaryDomain> = psr::EdgeIdentity<psr::BinaryDomain>
[DEBUG] Propagate flow
[DEBUG] Source value  : @zero_value = constant i2 0, align 4 | ID: -1
[DEBUG] Target        : call void @_Z9sink_funcNSt7__cxx1112basic_stringIcSt11char_traitsIcESaIcEEE(%"class.std::__cxx11::basic_string"* noundef %agg.tmp), !psr.id !52 | ID: 48
[DEBUG] Target value  : @zero_value = constant i2 0, align 4 | ID: -1
[DEBUG] Edge function : psr::EdgeIdentity<psr::BinaryDomain> (result of previous compose)
[DEBUG] Join: psr::AllTop<psr::BinaryDomain> & psr::EdgeIdentity<psr::BinaryDomain> 
[DEBUG]     = psr::EdgeIdentity<psr::BinaryDomain> (new jump func)
[DEBUG]  
[DEBUG] Start adding new jump function
[DEBUG] Fact at source : @zero_value = constant i2 0, align 4 | ID: -1
[DEBUG] Fact at target : @zero_value = constant i2 0, align 4 | ID: -1
[DEBUG] Destination    : call void @_Z9sink_funcNSt7__cxx1112basic_stringIcSt11char_traitsIcESaIcEEE(%"class.std::__cxx11::basic_string"* noundef %agg.tmp), !psr.id !52 | ID: 48
[DEBUG] Edge Function  : psr::EdgeIdentity<psr::BinaryDomain>
[DEBUG] End adding new jump function
[DEBUG] -------------------------------------------- 144. Path Edge --------------------------------------------
[DEBUG]  
[DEBUG] Process 144. path edge:
[DEBUG] < D source: @zero_value = constant i2 0, align 4 | ID: -1 ;
[DEBUG]   N target: call void @_Z9sink_funcNSt7__cxx1112basic_stringIcSt11char_traitsIcESaIcEEE(%"class.std::__cxx11::basic_string"* noundef %agg.tmp), !psr.id !52 | ID: 48 ;
[DEBUG]   D target: @zero_value = constant i2 0, align 4 | ID: -1 >
[DEBUG]  
[DEBUG] Process call at target: call void @_Z9sink_funcNSt7__cxx1112basic_stringIcSt11char_traitsIcESaIcEEE(%"class.std::__cxx11::basic_string"* noundef %agg.tmp), !psr.id !52 | ID: 48
[DEBUG] JumpFunctions Forward-Lookup:
[DEBUG]    Source D: @zero_value = constant i2 0, align 4 | ID: -1
[DEBUG]    Target N: call void @_Z9sink_funcNSt7__cxx1112basic_stringIcSt11char_traitsIcESaIcEEE(%"class.std::__cxx11::basic_string"* noundef %agg.tmp), !psr.id !52 | ID: 48
[DEBUG]    Target D: @zero_value = constant i2 0, align 4 | ID: -1
[DEBUG]   => EdgeFn: psr::EdgeIdentity<psr::BinaryDomain>
[DEBUG] Possible callees:
[DEBUG]   _Z9sink_funcNSt7__cxx1112basic_stringIcSt11char_traitsIcESaIcEEE
[DEBUG] Possible return sites:
[DEBUG]   call void @_ZNSt7__cxx1112basic_stringIcSt11char_traitsIcESaIcEED1Ev(%"class.std::__cxx11::basic_string"* noundef nonnull align 8 dereferenceable(32) %agg.tmp) #6, !psr.id !53 | ID: 49
[DEBUG] Summary flow function factory call
[DEBUG] (N) Call Stmt : call void @_Z9sink_funcNSt7__cxx1112basic_stringIcSt11char_traitsIcESaIcEEE(%"class.std::__cxx11::basic_string"* noundef %agg.tmp), !psr.id !52 | ID: 48
[DEBUG] (F) Dest Mthd : _Z9sink_funcNSt7__cxx1112basic_stringIcSt11char_traitsIcESaIcEEE
[DEBUG]  
[DEBUG] Call flow function factory call
[DEBUG] (N) Call Stmt : call void @_Z9sink_funcNSt7__cxx1112basic_stringIcSt11char_traitsIcESaIcEEE(%"class.std::__cxx11::basic_string"* noundef %agg.tmp), !psr.id !52 | ID: 48
[DEBUG] (F) Dest Fun : _Z9sink_funcNSt7__cxx1112basic_stringIcSt11char_traitsIcESaIcEEE
[DEBUG] Flow function fetched from cache
[DEBUG] Create initial self-loop with D: @zero_value = constant i2 0, align 4 | ID: -1
[DEBUG] Propagate flow
[DEBUG] Source value  : @zero_value = constant i2 0, align 4 | ID: -1
[DEBUG] Target        : ret void, !psr.id !41 | ID: 37
[DEBUG] Target value  : @zero_value = constant i2 0, align 4 | ID: -1
[DEBUG] Edge function : psr::EdgeIdentity<psr::BinaryDomain> (result of previous compose)
[DEBUG] Join: psr::AllTop<psr::BinaryDomain> & psr::EdgeIdentity<psr::BinaryDomain> 
[DEBUG]     = psr::EdgeIdentity<psr::BinaryDomain> (new jump func)
[DEBUG]  
[DEBUG] Start adding new jump function
[DEBUG] Fact at source : @zero_value = constant i2 0, align 4 | ID: -1
[DEBUG] Fact at target : @zero_value = constant i2 0, align 4 | ID: -1
[DEBUG] Destination    : ret void, !psr.id !41 | ID: 37
[DEBUG] Edge Function  : psr::EdgeIdentity<psr::BinaryDomain>
[DEBUG] End adding new jump function
[DEBUG] -------------------------------------------- 145. Path Edge --------------------------------------------
[DEBUG]  
[DEBUG] Process 145. path edge:
[DEBUG] < D source: @zero_value = constant i2 0, align 4 | ID: -1 ;
[DEBUG]   N target: ret void, !psr.id !41 | ID: 37 ;
[DEBUG]   D target: @zero_value = constant i2 0, align 4 | ID: -1 >
[DEBUG]  
[DEBUG] Process exit at target: ret void, !psr.id !41 | ID: 37
[DEBUG] JumpFunctions Forward-Lookup:
[DEBUG]    Source D: @zero_value = constant i2 0, align 4 | ID: -1
[DEBUG]    Target N: ret void, !psr.id !41 | ID: 37
[DEBUG]    Target D: @zero_value = constant i2 0, align 4 | ID: -1
[DEBUG]   => EdgeFn: psr::EdgeIdentity<psr::BinaryDomain>
[DEBUG] Start of endsummarytab entry
[DEBUG] sP: %this.addr.i6 = alloca %"class.std::__new_allocator"*, align 8, !psr.id !5 | ID: 1
[DEBUG] d1: @zero_value = constant i2 0, align 4 | ID: -1
[DEBUG]   eP: ret void, !psr.id !25 | ID: 21
[DEBUG]   d2: @zero_value = constant i2 0, align 4 | ID: -1
[DEBUG]   EF: psr::EdgeIdentity<psr::BinaryDomain>
[DEBUG] ---------------
[DEBUG] sP: %this.addr = alloca %"class.std::__new_allocator"*, align 8, !psr.id !68 | ID: 64
[DEBUG] d1: @zero_value = constant i2 0, align 4 | ID: -1
[DEBUG]   eP: ret void, !psr.id !71 | ID: 67
[DEBUG]   d2: @zero_value = constant i2 0, align 4 | ID: -1
[DEBUG]   EF: psr::EdgeIdentity<psr::BinaryDomain>
[DEBUG] ---------------
[DEBUG] sP: %argc.addr = alloca i32, align 4, !psr.id !42 | ID: 38
[DEBUG] d1: i8** %argv | ID: main.1
[DEBUG]   eP: ret i32 0, !psr.id !55 | ID: 51
[DEBUG]   d2: %argv.addr = alloca i8**, align 8, !psr.id !43 | ID: 39
[DEBUG]   EF: psr::EdgeIdentity<psr::BinaryDomain>
[DEBUG]   eP: ret i32 0, !psr.id !55 | ID: 51
[DEBUG]   d2: i8** %argv | ID: main.1
[DEBUG]   EF: psr::EdgeIdentity<psr::BinaryDomain>
[DEBUG] ---------------
[DEBUG] sP: %argc.addr = alloca i32, align 4, !psr.id !42 | ID: 38
[DEBUG] d1: i32 %argc | ID: main.0
[DEBUG]   eP: ret i32 0, !psr.id !55 | ID: 51
[DEBUG]   d2: %argc.addr = alloca i32, align 4, !psr.id !42 | ID: 38
[DEBUG]   EF: psr::EdgeIdentity<psr::BinaryDomain>
[DEBUG]   eP: ret i32 0, !psr.id !55 | ID: 51
[DEBUG]   d2: i32 %argc | ID: main.0
[DEBUG]   EF: psr::EdgeIdentity<psr::BinaryDomain>
[DEBUG] ---------------
[DEBUG] sP: ret void, !psr.id !41 | ID: 37
[DEBUG] d1: @zero_value = constant i2 0, align 4 | ID: -1
[DEBUG]   eP: ret void, !psr.id !41 | ID: 37
[DEBUG]   d2: @zero_value = constant i2 0, align 4 | ID: -1
[DEBUG]   EF: psr::EdgeIdentity<psr::BinaryDomain>
[DEBUG] ---------------
[DEBUG] sP: ret void, !psr.id !41 | ID: 37
[DEBUG] d1: %argv.addr = alloca i8**, align 8, !psr.id !43 | ID: 39
[DEBUG]   eP: ret void, !psr.id !41 | ID: 37
[DEBUG]   d2: %argv.addr = alloca i8**, align 8, !psr.id !43 | ID: 39
[DEBUG]   EF: psr::EdgeIdentity<psr::BinaryDomain>
[DEBUG] ---------------
[DEBUG] sP: ret void, !psr.id !41 | ID: 37
[DEBUG] d1: i8** %argv | ID: main.1
[DEBUG]   eP: ret void, !psr.id !41 | ID: 37
[DEBUG]   d2: i8** %argv | ID: main.1
[DEBUG]   EF: psr::EdgeIdentity<psr::BinaryDomain>
[DEBUG] ---------------
[DEBUG] sP: ret void, !psr.id !41 | ID: 37
[DEBUG] d1: %argc.addr = alloca i32, align 4, !psr.id !42 | ID: 38
[DEBUG]   eP: ret void, !psr.id !41 | ID: 37
[DEBUG]   d2: %argc.addr = alloca i32, align 4, !psr.id !42 | ID: 38
[DEBUG]   EF: psr::EdgeIdentity<psr::BinaryDomain>
[DEBUG] ---------------
[DEBUG] sP: ret void, !psr.id !41 | ID: 37
[DEBUG] d1: i32 %argc | ID: main.0
[DEBUG]   eP: ret void, !psr.id !41 | ID: 37
[DEBUG]   d2: i32 %argc | ID: main.0
[DEBUG]   EF: psr::EdgeIdentity<psr::BinaryDomain>
[DEBUG] ---------------
[DEBUG] End of endsummarytab entry
[DEBUG] Start of incomingtab entry
[DEBUG] sP: %this.addr.i6 = alloca %"class.std::__new_allocator"*, align 8, !psr.id !5 | ID: 1
[DEBUG] d3: @zero_value = constant i2 0, align 4 | ID: -1
[DEBUG]   n: call void @_Z11source_funcB5cxx11v(%"class.std::__cxx11::basic_string"* sret(%"class.std::__cxx11::basic_string") align 8 %conspicuous_x), !psr.id !50 | ID: 46
[DEBUG]   d2: @zero_value = constant i2 0, align 4 | ID: -1
[DEBUG] ---------------
[DEBUG] sP: ret void, !psr.id !41 | ID: 37
[DEBUG] d3: i32 %argc | ID: main.0
[DEBUG]   n: call void @_Z9sink_funcNSt7__cxx1112basic_stringIcSt11char_traitsIcESaIcEEE(%"class.std::__cxx11::basic_string"* noundef %agg.tmp), !psr.id !52 | ID: 48
[DEBUG]   d2: i32 %argc | ID: main.0
[DEBUG] ---------------
[DEBUG] sP: ret void, !psr.id !41 | ID: 37
[DEBUG] d3: i8** %argv | ID: main.1
[DEBUG]   n: call void @_Z9sink_funcNSt7__cxx1112basic_stringIcSt11char_traitsIcESaIcEEE(%"class.std::__cxx11::basic_string"* noundef %agg.tmp), !psr.id !52 | ID: 48
[DEBUG]   d2: i8** %argv | ID: main.1
[DEBUG] ---------------
[DEBUG] sP: ret void, !psr.id !41 | ID: 37
[DEBUG] d3: %argc.addr = alloca i32, align 4, !psr.id !42 | ID: 38
[DEBUG]   n: call void @_Z9sink_funcNSt7__cxx1112basic_stringIcSt11char_traitsIcESaIcEEE(%"class.std::__cxx11::basic_string"* noundef %agg.tmp), !psr.id !52 | ID: 48
[DEBUG]   d2: %argc.addr = alloca i32, align 4, !psr.id !42 | ID: 38
[DEBUG] ---------------
[DEBUG] sP: ret void, !psr.id !41 | ID: 37
[DEBUG] d3: %argv.addr = alloca i8**, align 8, !psr.id !43 | ID: 39
[DEBUG]   n: call void @_Z9sink_funcNSt7__cxx1112basic_stringIcSt11char_traitsIcESaIcEEE(%"class.std::__cxx11::basic_string"* noundef %agg.tmp), !psr.id !52 | ID: 48
[DEBUG]   d2: %argv.addr = alloca i8**, align 8, !psr.id !43 | ID: 39
[DEBUG] ---------------
[DEBUG] sP: ret void, !psr.id !41 | ID: 37
[DEBUG] d3: @zero_value = constant i2 0, align 4 | ID: -1
[DEBUG] ---------------
[DEBUG] sP: %argc.addr = alloca i32, align 4, !psr.id !42 | ID: 38
[DEBUG] d3: i32 %argc | ID: main.0
[DEBUG] ---------------
[DEBUG] sP: %argc.addr = alloca i32, align 4, !psr.id !42 | ID: 38
[DEBUG] d3: i8** %argv | ID: main.1
[DEBUG] ---------------
[DEBUG] sP: %this.addr = alloca %"class.std::__new_allocator"*, align 8, !psr.id !68 | ID: 64
[DEBUG] d3: @zero_value = constant i2 0, align 4 | ID: -1
[DEBUG]   n: call void @_ZNSt15__new_allocatorIcED2Ev(%"class.std::__new_allocator"* noundef nonnull align 1 dereferenceable(1) %2) #6, !psr.id !24 | ID: 20
[DEBUG]   d2: @zero_value = constant i2 0, align 4 | ID: -1
[DEBUG]   n: call void @_ZNSt15__new_allocatorIcED2Ev(%"class.std::__new_allocator"* noundef nonnull align 1 dereferenceable(1) %6) #6, !psr.id !34 | ID: 30
[DEBUG]   d2: @zero_value = constant i2 0, align 4 | ID: -1
[DEBUG] ---------------
[DEBUG] End of incomingtab entry
[DEBUG] Return flow function factory call
[DEBUG] (N) Call Site : call void @_Z9sink_funcNSt7__cxx1112basic_stringIcSt11char_traitsIcESaIcEEE(%"class.std::__cxx11::basic_string"* noundef %agg.tmp), !psr.id !52 | ID: 48
[DEBUG] (F) Callee    : _Z9sink_funcNSt7__cxx1112basic_stringIcSt11char_traitsIcESaIcEEE
[DEBUG] (N) Exit Stmt : ret void, !psr.id !41 | ID: 37
[DEBUG] (N) Ret Site  : call void @_ZNSt7__cxx1112basic_stringIcSt11char_traitsIcESaIcEED1Ev(%"class.std::__cxx11::basic_string"* noundef nonnull align 8 dereferenceable(32) %agg.tmp) #6, !psr.id !53 | ID: 49
[DEBUG] Flow function fetched from cache
[DEBUG] Call edge function factory call
[DEBUG] (N) Call Stmt : call void @_Z9sink_funcNSt7__cxx1112basic_stringIcSt11char_traitsIcESaIcEEE(%"class.std::__cxx11::basic_string"* noundef %agg.tmp), !psr.id !52 | ID: 48
[DEBUG] (D) Src Node  : @zero_value = constant i2 0, align 4 | ID: -1
[DEBUG] (F) Dest Fun : _Z9sink_funcNSt7__cxx1112basic_stringIcSt11char_traitsIcESaIcEEE
[DEBUG] (D) Dest Node : @zero_value = constant i2 0, align 4 | ID: -1
[DEBUG] Edge function constructed
[DEBUG] Provide Edge Function: psr::EdgeIdentity<psr::BinaryDomain>
[DEBUG] Queried Call Edge Function: psr::EdgeIdentity<psr::BinaryDomain>
[DEBUG] Return edge function factory call
[DEBUG] (N) Call Site : call void @_Z9sink_funcNSt7__cxx1112basic_stringIcSt11char_traitsIcESaIcEEE(%"class.std::__cxx11::basic_string"* noundef %agg.tmp), !psr.id !52 | ID: 48
[DEBUG] (F) Callee    : _Z9sink_funcNSt7__cxx1112basic_stringIcSt11char_traitsIcESaIcEEE
[DEBUG] (N) Exit Stmt : ret void, !psr.id !41 | ID: 37
[DEBUG] (D) Exit Node : @zero_value = constant i2 0, align 4 | ID: -1
[DEBUG] (N) Ret Site  : call void @_ZNSt7__cxx1112basic_stringIcSt11char_traitsIcESaIcEED1Ev(%"class.std::__cxx11::basic_string"* noundef nonnull align 8 dereferenceable(32) %agg.tmp) #6, !psr.id !53 | ID: 49
[DEBUG] (D) Ret Node  : @zero_value = constant i2 0, align 4 | ID: -1
[DEBUG] Edge function constructed
[DEBUG] Provide Edge Function: psr::EdgeIdentity<psr::BinaryDomain>
[DEBUG] Queried Return Edge Function: psr::EdgeIdentity<psr::BinaryDomain>
[DEBUG] Compose: psr::EdgeIdentity<psr::BinaryDomain> * psr::EdgeIdentity<psr::BinaryDomain> * psr::EdgeIdentity<psr::BinaryDomain>
[DEBUG]          (return * calleeSummary * call)
[DEBUG]        = psr::EdgeIdentity<psr::BinaryDomain>
[DEBUG] Compose: psr::EdgeIdentity<psr::BinaryDomain> * psr::EdgeIdentity<psr::BinaryDomain>
[DEBUG] Propagate flow
[DEBUG] Source value  : @zero_value = constant i2 0, align 4 | ID: -1
[DEBUG] Target        : call void @_ZNSt7__cxx1112basic_stringIcSt11char_traitsIcESaIcEED1Ev(%"class.std::__cxx11::basic_string"* noundef nonnull align 8 dereferenceable(32) %agg.tmp) #6, !psr.id !53 | ID: 49
[DEBUG] Target value  : @zero_value = constant i2 0, align 4 | ID: -1
[DEBUG] Edge function : psr::EdgeIdentity<psr::BinaryDomain> (result of previous compose)
[DEBUG] Join: psr::AllTop<psr::BinaryDomain> & psr::EdgeIdentity<psr::BinaryDomain> 
[DEBUG]     = psr::EdgeIdentity<psr::BinaryDomain> (new jump func)
[DEBUG]  
[DEBUG] Start adding new jump function
[DEBUG] Fact at source : @zero_value = constant i2 0, align 4 | ID: -1
[DEBUG] Fact at target : @zero_value = constant i2 0, align 4 | ID: -1
[DEBUG] Destination    : call void @_ZNSt7__cxx1112basic_stringIcSt11char_traitsIcESaIcEED1Ev(%"class.std::__cxx11::basic_string"* noundef nonnull align 8 dereferenceable(32) %agg.tmp) #6, !psr.id !53 | ID: 49
[DEBUG] Edge Function  : psr::EdgeIdentity<psr::BinaryDomain>
[DEBUG] End adding new jump function
[DEBUG] -------------------------------------------- 146. Path Edge --------------------------------------------
[DEBUG]  
[DEBUG] Process 146. path edge:
[DEBUG] < D source: @zero_value = constant i2 0, align 4 | ID: -1 ;
[DEBUG]   N target: call void @_ZNSt7__cxx1112basic_stringIcSt11char_traitsIcESaIcEED1Ev(%"class.std::__cxx11::basic_string"* noundef nonnull align 8 dereferenceable(32) %agg.tmp) #6, !psr.id !53 | ID: 49 ;
[DEBUG]   D target: @zero_value = constant i2 0, align 4 | ID: -1 >
[DEBUG]  
[DEBUG] Process call at target: call void @_ZNSt7__cxx1112basic_stringIcSt11char_traitsIcESaIcEED1Ev(%"class.std::__cxx11::basic_string"* noundef nonnull align 8 dereferenceable(32) %agg.tmp) #6, !psr.id !53 | ID: 49
[DEBUG] JumpFunctions Forward-Lookup:
[DEBUG]    Source D: @zero_value = constant i2 0, align 4 | ID: -1
[DEBUG]    Target N: call void @_ZNSt7__cxx1112basic_stringIcSt11char_traitsIcESaIcEED1Ev(%"class.std::__cxx11::basic_string"* noundef nonnull align 8 dereferenceable(32) %agg.tmp) #6, !psr.id !53 | ID: 49
[DEBUG]    Target D: @zero_value = constant i2 0, align 4 | ID: -1
[DEBUG]   => EdgeFn: psr::EdgeIdentity<psr::BinaryDomain>
[DEBUG] Possible callees:
[DEBUG]   _ZNSt7__cxx1112basic_stringIcSt11char_traitsIcESaIcEED1Ev
[DEBUG] Possible return sites:
[DEBUG]   call void @_ZNSt7__cxx1112basic_stringIcSt11char_traitsIcESaIcEED1Ev(%"class.std::__cxx11::basic_string"* noundef nonnull align 8 dereferenceable(32) %conspicuous_x) #6, !psr.id !54 | ID: 50
[DEBUG] Summary flow function factory call
[DEBUG] (N) Call Stmt : call void @_ZNSt7__cxx1112basic_stringIcSt11char_traitsIcESaIcEED1Ev(%"class.std::__cxx11::basic_string"* noundef nonnull align 8 dereferenceable(32) %agg.tmp) #6, !psr.id !53 | ID: 49
[DEBUG] (F) Dest Mthd : _ZNSt7__cxx1112basic_stringIcSt11char_traitsIcESaIcEED1Ev
[DEBUG]  
[DEBUG] Call flow function factory call
[DEBUG] (N) Call Stmt : call void @_ZNSt7__cxx1112basic_stringIcSt11char_traitsIcESaIcEED1Ev(%"class.std::__cxx11::basic_string"* noundef nonnull align 8 dereferenceable(32) %agg.tmp) #6, !psr.id !53 | ID: 49
[DEBUG] (F) Dest Fun : _ZNSt7__cxx1112basic_stringIcSt11char_traitsIcESaIcEED1Ev
[DEBUG] Flow function fetched from cache
[DEBUG] Start points of '_ZNSt7__cxx1112basic_stringIcSt11char_traitsIcESaIcEED1Ev' currently not available!
[DEBUG] Call-to-Return flow function factory call
[DEBUG] (N) Call Site : call void @_ZNSt7__cxx1112basic_stringIcSt11char_traitsIcESaIcEED1Ev(%"class.std::__cxx11::basic_string"* noundef nonnull align 8 dereferenceable(32) %agg.tmp) #6, !psr.id !53 | ID: 49
[DEBUG] (N) Ret Site  : call void @_ZNSt7__cxx1112basic_stringIcSt11char_traitsIcESaIcEED1Ev(%"class.std::__cxx11::basic_string"* noundef nonnull align 8 dereferenceable(32) %conspicuous_x) #6, !psr.id !54 | ID: 50
[DEBUG] (F) Callee's  : 
[DEBUG]   _ZNSt7__cxx1112basic_stringIcSt11char_traitsIcESaIcEED1Ev
[DEBUG] Flow function fetched from cache
[DEBUG] Call-to-Return edge function factory call
[DEBUG] (N) Call Site : call void @_ZNSt7__cxx1112basic_stringIcSt11char_traitsIcESaIcEED1Ev(%"class.std::__cxx11::basic_string"* noundef nonnull align 8 dereferenceable(32) %agg.tmp) #6, !psr.id !53 | ID: 49
[DEBUG] (D) Call Node : @zero_value = constant i2 0, align 4 | ID: -1
[DEBUG] (N) Ret Site  : call void @_ZNSt7__cxx1112basic_stringIcSt11char_traitsIcESaIcEED1Ev(%"class.std::__cxx11::basic_string"* noundef nonnull align 8 dereferenceable(32) %conspicuous_x) #6, !psr.id !54 | ID: 50
[DEBUG] (D) Ret Node  : @zero_value = constant i2 0, align 4 | ID: -1
[DEBUG] (F) Callee's  : 
[DEBUG]   _ZNSt7__cxx1112basic_stringIcSt11char_traitsIcESaIcEED1Ev
[DEBUG] Edge function constructed
[DEBUG] Provide Edge Function: psr::EdgeIdentity<psr::BinaryDomain>
[DEBUG] Queried Call-to-Return Edge Function: psr::EdgeIdentity<psr::BinaryDomain>
[DEBUG] Compose: psr::EdgeIdentity<psr::BinaryDomain> * psr::EdgeIdentity<psr::BinaryDomain> = psr::EdgeIdentity<psr::BinaryDomain>
[DEBUG] Propagate flow
[DEBUG] Source value  : @zero_value = constant i2 0, align 4 | ID: -1
[DEBUG] Target        : call void @_ZNSt7__cxx1112basic_stringIcSt11char_traitsIcESaIcEED1Ev(%"class.std::__cxx11::basic_string"* noundef nonnull align 8 dereferenceable(32) %conspicuous_x) #6, !psr.id !54 | ID: 50
[DEBUG] Target value  : @zero_value = constant i2 0, align 4 | ID: -1
[DEBUG] Edge function : psr::EdgeIdentity<psr::BinaryDomain> (result of previous compose)
[DEBUG] Join: psr::AllTop<psr::BinaryDomain> & psr::EdgeIdentity<psr::BinaryDomain> 
[DEBUG]     = psr::EdgeIdentity<psr::BinaryDomain> (new jump func)
[DEBUG]  
[DEBUG] Start adding new jump function
[DEBUG] Fact at source : @zero_value = constant i2 0, align 4 | ID: -1
[DEBUG] Fact at target : @zero_value = constant i2 0, align 4 | ID: -1
[DEBUG] Destination    : call void @_ZNSt7__cxx1112basic_stringIcSt11char_traitsIcESaIcEED1Ev(%"class.std::__cxx11::basic_string"* noundef nonnull align 8 dereferenceable(32) %conspicuous_x) #6, !psr.id !54 | ID: 50
[DEBUG] Edge Function  : psr::EdgeIdentity<psr::BinaryDomain>
[DEBUG] End adding new jump function
[DEBUG] -------------------------------------------- 147. Path Edge --------------------------------------------
[DEBUG]  
[DEBUG] Process 147. path edge:
[DEBUG] < D source: @zero_value = constant i2 0, align 4 | ID: -1 ;
[DEBUG]   N target: call void @_ZNSt7__cxx1112basic_stringIcSt11char_traitsIcESaIcEED1Ev(%"class.std::__cxx11::basic_string"* noundef nonnull align 8 dereferenceable(32) %conspicuous_x) #6, !psr.id !54 | ID: 50 ;
[DEBUG]   D target: @zero_value = constant i2 0, align 4 | ID: -1 >
[DEBUG]  
[DEBUG] Process call at target: call void @_ZNSt7__cxx1112basic_stringIcSt11char_traitsIcESaIcEED1Ev(%"class.std::__cxx11::basic_string"* noundef nonnull align 8 dereferenceable(32) %conspicuous_x) #6, !psr.id !54 | ID: 50
[DEBUG] JumpFunctions Forward-Lookup:
[DEBUG]    Source D: @zero_value = constant i2 0, align 4 | ID: -1
[DEBUG]    Target N: call void @_ZNSt7__cxx1112basic_stringIcSt11char_traitsIcESaIcEED1Ev(%"class.std::__cxx11::basic_string"* noundef nonnull align 8 dereferenceable(32) %conspicuous_x) #6, !psr.id !54 | ID: 50
[DEBUG]    Target D: @zero_value = constant i2 0, align 4 | ID: -1
[DEBUG]   => EdgeFn: psr::EdgeIdentity<psr::BinaryDomain>
[DEBUG] Possible callees:
[DEBUG]   _ZNSt7__cxx1112basic_stringIcSt11char_traitsIcESaIcEED1Ev
[DEBUG] Possible return sites:
[DEBUG]   ret i32 0, !psr.id !55 | ID: 51
[DEBUG] Summary flow function factory call
[DEBUG] (N) Call Stmt : call void @_ZNSt7__cxx1112basic_stringIcSt11char_traitsIcESaIcEED1Ev(%"class.std::__cxx11::basic_string"* noundef nonnull align 8 dereferenceable(32) %conspicuous_x) #6, !psr.id !54 | ID: 50
[DEBUG] (F) Dest Mthd : _ZNSt7__cxx1112basic_stringIcSt11char_traitsIcESaIcEED1Ev
[DEBUG]  
[DEBUG] Call flow function factory call
[DEBUG] (N) Call Stmt : call void @_ZNSt7__cxx1112basic_stringIcSt11char_traitsIcESaIcEED1Ev(%"class.std::__cxx11::basic_string"* noundef nonnull align 8 dereferenceable(32) %conspicuous_x) #6, !psr.id !54 | ID: 50
[DEBUG] (F) Dest Fun : _ZNSt7__cxx1112basic_stringIcSt11char_traitsIcESaIcEED1Ev
[DEBUG] Flow function fetched from cache
[DEBUG] Start points of '_ZNSt7__cxx1112basic_stringIcSt11char_traitsIcESaIcEED1Ev' currently not available!
[DEBUG] Call-to-Return flow function factory call
[DEBUG] (N) Call Site : call void @_ZNSt7__cxx1112basic_stringIcSt11char_traitsIcESaIcEED1Ev(%"class.std::__cxx11::basic_string"* noundef nonnull align 8 dereferenceable(32) %conspicuous_x) #6, !psr.id !54 | ID: 50
[DEBUG] (N) Ret Site  : ret i32 0, !psr.id !55 | ID: 51
[DEBUG] (F) Callee's  : 
[DEBUG]   _ZNSt7__cxx1112basic_stringIcSt11char_traitsIcESaIcEED1Ev
[DEBUG] Flow function fetched from cache
[DEBUG] Call-to-Return edge function factory call
[DEBUG] (N) Call Site : call void @_ZNSt7__cxx1112basic_stringIcSt11char_traitsIcESaIcEED1Ev(%"class.std::__cxx11::basic_string"* noundef nonnull align 8 dereferenceable(32) %conspicuous_x) #6, !psr.id !54 | ID: 50
[DEBUG] (D) Call Node : @zero_value = constant i2 0, align 4 | ID: -1
[DEBUG] (N) Ret Site  : ret i32 0, !psr.id !55 | ID: 51
[DEBUG] (D) Ret Node  : @zero_value = constant i2 0, align 4 | ID: -1
[DEBUG] (F) Callee's  : 
[DEBUG]   _ZNSt7__cxx1112basic_stringIcSt11char_traitsIcESaIcEED1Ev
[DEBUG] Edge function constructed
[DEBUG] Provide Edge Function: psr::EdgeIdentity<psr::BinaryDomain>
[DEBUG] Queried Call-to-Return Edge Function: psr::EdgeIdentity<psr::BinaryDomain>
[DEBUG] Compose: psr::EdgeIdentity<psr::BinaryDomain> * psr::EdgeIdentity<psr::BinaryDomain> = psr::EdgeIdentity<psr::BinaryDomain>
[DEBUG] Propagate flow
[DEBUG] Source value  : @zero_value = constant i2 0, align 4 | ID: -1
[DEBUG] Target        : ret i32 0, !psr.id !55 | ID: 51
[DEBUG] Target value  : @zero_value = constant i2 0, align 4 | ID: -1
[DEBUG] Edge function : psr::EdgeIdentity<psr::BinaryDomain> (result of previous compose)
[DEBUG] Join: psr::AllTop<psr::BinaryDomain> & psr::EdgeIdentity<psr::BinaryDomain> 
[DEBUG]     = psr::EdgeIdentity<psr::BinaryDomain> (new jump func)
[DEBUG]  
[DEBUG] Start adding new jump function
[DEBUG] Fact at source : @zero_value = constant i2 0, align 4 | ID: -1
[DEBUG] Fact at target : @zero_value = constant i2 0, align 4 | ID: -1
[DEBUG] Destination    : ret i32 0, !psr.id !55 | ID: 51
[DEBUG] Edge Function  : psr::EdgeIdentity<psr::BinaryDomain>
[DEBUG] End adding new jump function
[DEBUG] -------------------------------------------- 148. Path Edge --------------------------------------------
[DEBUG]  
[DEBUG] Process 148. path edge:
[DEBUG] < D source: @zero_value = constant i2 0, align 4 | ID: -1 ;
[DEBUG]   N target: ret i32 0, !psr.id !55 | ID: 51 ;
[DEBUG]   D target: @zero_value = constant i2 0, align 4 | ID: -1 >
[DEBUG]  
[DEBUG] Process exit at target: ret i32 0, !psr.id !55 | ID: 51
[DEBUG] JumpFunctions Forward-Lookup:
[DEBUG]    Source D: @zero_value = constant i2 0, align 4 | ID: -1
[DEBUG]    Target N: ret i32 0, !psr.id !55 | ID: 51
[DEBUG]    Target D: @zero_value = constant i2 0, align 4 | ID: -1
[DEBUG]   => EdgeFn: psr::EdgeIdentity<psr::BinaryDomain>
[DEBUG] Start of endsummarytab entry
[DEBUG] sP: %this.addr.i6 = alloca %"class.std::__new_allocator"*, align 8, !psr.id !5 | ID: 1
[DEBUG] d1: @zero_value = constant i2 0, align 4 | ID: -1
[DEBUG]   eP: ret void, !psr.id !25 | ID: 21
[DEBUG]   d2: @zero_value = constant i2 0, align 4 | ID: -1
[DEBUG]   EF: psr::EdgeIdentity<psr::BinaryDomain>
[DEBUG] ---------------
[DEBUG] sP: %this.addr = alloca %"class.std::__new_allocator"*, align 8, !psr.id !68 | ID: 64
[DEBUG] d1: @zero_value = constant i2 0, align 4 | ID: -1
[DEBUG]   eP: ret void, !psr.id !71 | ID: 67
[DEBUG]   d2: @zero_value = constant i2 0, align 4 | ID: -1
[DEBUG]   EF: psr::EdgeIdentity<psr::BinaryDomain>
[DEBUG] ---------------
[DEBUG] sP: %argc.addr = alloca i32, align 4, !psr.id !42 | ID: 38
[DEBUG] d1: @zero_value = constant i2 0, align 4 | ID: -1
[DEBUG]   eP: ret i32 0, !psr.id !55 | ID: 51
[DEBUG]   d2: @zero_value = constant i2 0, align 4 | ID: -1
[DEBUG]   EF: psr::EdgeIdentity<psr::BinaryDomain>
[DEBUG] ---------------
[DEBUG] sP: %argc.addr = alloca i32, align 4, !psr.id !42 | ID: 38
[DEBUG] d1: i8** %argv | ID: main.1
[DEBUG]   eP: ret i32 0, !psr.id !55 | ID: 51
[DEBUG]   d2: %argv.addr = alloca i8**, align 8, !psr.id !43 | ID: 39
[DEBUG]   EF: psr::EdgeIdentity<psr::BinaryDomain>
[DEBUG]   eP: ret i32 0, !psr.id !55 | ID: 51
[DEBUG]   d2: i8** %argv | ID: main.1
[DEBUG]   EF: psr::EdgeIdentity<psr::BinaryDomain>
[DEBUG] ---------------
[DEBUG] sP: %argc.addr = alloca i32, align 4, !psr.id !42 | ID: 38
[DEBUG] d1: i32 %argc | ID: main.0
[DEBUG]   eP: ret i32 0, !psr.id !55 | ID: 51
[DEBUG]   d2: %argc.addr = alloca i32, align 4, !psr.id !42 | ID: 38
[DEBUG]   EF: psr::EdgeIdentity<psr::BinaryDomain>
[DEBUG]   eP: ret i32 0, !psr.id !55 | ID: 51
[DEBUG]   d2: i32 %argc | ID: main.0
[DEBUG]   EF: psr::EdgeIdentity<psr::BinaryDomain>
[DEBUG] ---------------
[DEBUG] sP: ret void, !psr.id !41 | ID: 37
[DEBUG] d1: @zero_value = constant i2 0, align 4 | ID: -1
[DEBUG]   eP: ret void, !psr.id !41 | ID: 37
[DEBUG]   d2: @zero_value = constant i2 0, align 4 | ID: -1
[DEBUG]   EF: psr::EdgeIdentity<psr::BinaryDomain>
[DEBUG] ---------------
[DEBUG] sP: ret void, !psr.id !41 | ID: 37
[DEBUG] d1: %argv.addr = alloca i8**, align 8, !psr.id !43 | ID: 39
[DEBUG]   eP: ret void, !psr.id !41 | ID: 37
[DEBUG]   d2: %argv.addr = alloca i8**, align 8, !psr.id !43 | ID: 39
[DEBUG]   EF: psr::EdgeIdentity<psr::BinaryDomain>
[DEBUG] ---------------
[DEBUG] sP: ret void, !psr.id !41 | ID: 37
[DEBUG] d1: i8** %argv | ID: main.1
[DEBUG]   eP: ret void, !psr.id !41 | ID: 37
[DEBUG]   d2: i8** %argv | ID: main.1
[DEBUG]   EF: psr::EdgeIdentity<psr::BinaryDomain>
[DEBUG] ---------------
[DEBUG] sP: ret void, !psr.id !41 | ID: 37
[DEBUG] d1: %argc.addr = alloca i32, align 4, !psr.id !42 | ID: 38
[DEBUG]   eP: ret void, !psr.id !41 | ID: 37
[DEBUG]   d2: %argc.addr = alloca i32, align 4, !psr.id !42 | ID: 38
[DEBUG]   EF: psr::EdgeIdentity<psr::BinaryDomain>
[DEBUG] ---------------
[DEBUG] sP: ret void, !psr.id !41 | ID: 37
[DEBUG] d1: i32 %argc | ID: main.0
[DEBUG]   eP: ret void, !psr.id !41 | ID: 37
[DEBUG]   d2: i32 %argc | ID: main.0
[DEBUG]   EF: psr::EdgeIdentity<psr::BinaryDomain>
[DEBUG] ---------------
[DEBUG] End of endsummarytab entry
[DEBUG] Start of incomingtab entry
[DEBUG] sP: %this.addr.i6 = alloca %"class.std::__new_allocator"*, align 8, !psr.id !5 | ID: 1
[DEBUG] d3: @zero_value = constant i2 0, align 4 | ID: -1
[DEBUG]   n: call void @_Z11source_funcB5cxx11v(%"class.std::__cxx11::basic_string"* sret(%"class.std::__cxx11::basic_string") align 8 %conspicuous_x), !psr.id !50 | ID: 46
[DEBUG]   d2: @zero_value = constant i2 0, align 4 | ID: -1
[DEBUG] ---------------
[DEBUG] sP: ret void, !psr.id !41 | ID: 37
[DEBUG] d3: i32 %argc | ID: main.0
[DEBUG]   n: call void @_Z9sink_funcNSt7__cxx1112basic_stringIcSt11char_traitsIcESaIcEEE(%"class.std::__cxx11::basic_string"* noundef %agg.tmp), !psr.id !52 | ID: 48
[DEBUG]   d2: i32 %argc | ID: main.0
[DEBUG] ---------------
[DEBUG] sP: ret void, !psr.id !41 | ID: 37
[DEBUG] d3: i8** %argv | ID: main.1
[DEBUG]   n: call void @_Z9sink_funcNSt7__cxx1112basic_stringIcSt11char_traitsIcESaIcEEE(%"class.std::__cxx11::basic_string"* noundef %agg.tmp), !psr.id !52 | ID: 48
[DEBUG]   d2: i8** %argv | ID: main.1
[DEBUG] ---------------
[DEBUG] sP: ret void, !psr.id !41 | ID: 37
[DEBUG] d3: %argc.addr = alloca i32, align 4, !psr.id !42 | ID: 38
[DEBUG]   n: call void @_Z9sink_funcNSt7__cxx1112basic_stringIcSt11char_traitsIcESaIcEEE(%"class.std::__cxx11::basic_string"* noundef %agg.tmp), !psr.id !52 | ID: 48
[DEBUG]   d2: %argc.addr = alloca i32, align 4, !psr.id !42 | ID: 38
[DEBUG] ---------------
[DEBUG] sP: ret void, !psr.id !41 | ID: 37
[DEBUG] d3: %argv.addr = alloca i8**, align 8, !psr.id !43 | ID: 39
[DEBUG]   n: call void @_Z9sink_funcNSt7__cxx1112basic_stringIcSt11char_traitsIcESaIcEEE(%"class.std::__cxx11::basic_string"* noundef %agg.tmp), !psr.id !52 | ID: 48
[DEBUG]   d2: %argv.addr = alloca i8**, align 8, !psr.id !43 | ID: 39
[DEBUG] ---------------
[DEBUG] sP: ret void, !psr.id !41 | ID: 37
[DEBUG] d3: @zero_value = constant i2 0, align 4 | ID: -1
[DEBUG]   n: call void @_Z9sink_funcNSt7__cxx1112basic_stringIcSt11char_traitsIcESaIcEEE(%"class.std::__cxx11::basic_string"* noundef %agg.tmp), !psr.id !52 | ID: 48
[DEBUG]   d2: @zero_value = constant i2 0, align 4 | ID: -1
[DEBUG] ---------------
[DEBUG] sP: %argc.addr = alloca i32, align 4, !psr.id !42 | ID: 38
[DEBUG] d3: i32 %argc | ID: main.0
[DEBUG] ---------------
[DEBUG] sP: %argc.addr = alloca i32, align 4, !psr.id !42 | ID: 38
[DEBUG] d3: i8** %argv | ID: main.1
[DEBUG] ---------------
[DEBUG] sP: %argc.addr = alloca i32, align 4, !psr.id !42 | ID: 38
[DEBUG] d3: @zero_value = constant i2 0, align 4 | ID: -1
[DEBUG] ---------------
[DEBUG] sP: %this.addr = alloca %"class.std::__new_allocator"*, align 8, !psr.id !68 | ID: 64
[DEBUG] d3: @zero_value = constant i2 0, align 4 | ID: -1
[DEBUG]   n: call void @_ZNSt15__new_allocatorIcED2Ev(%"class.std::__new_allocator"* noundef nonnull align 1 dereferenceable(1) %2) #6, !psr.id !24 | ID: 20
[DEBUG]   d2: @zero_value = constant i2 0, align 4 | ID: -1
[DEBUG]   n: call void @_ZNSt15__new_allocatorIcED2Ev(%"class.std::__new_allocator"* noundef nonnull align 1 dereferenceable(1) %6) #6, !psr.id !34 | ID: 30
[DEBUG]   d2: @zero_value = constant i2 0, align 4 | ID: -1
[DEBUG] ---------------
[DEBUG] End of incomingtab entry
[DEBUG] Call-to-Return flow function factory call
[DEBUG] (N) Call Site : call void @_Z9sink_funcNSt7__cxx1112basic_stringIcSt11char_traitsIcESaIcEEE(%"class.std::__cxx11::basic_string"* noundef %agg.tmp), !psr.id !52 | ID: 48
[DEBUG] (N) Ret Site  : call void @_ZNSt7__cxx1112basic_stringIcSt11char_traitsIcESaIcEED1Ev(%"class.std::__cxx11::basic_string"* noundef nonnull align 8 dereferenceable(32) %agg.tmp) #6, !psr.id !53 | ID: 49
[DEBUG] (F) Callee's  : 
[DEBUG]   _Z9sink_funcNSt7__cxx1112basic_stringIcSt11char_traitsIcESaIcEEE
[DEBUG] Flow function fetched from cache
[DEBUG] Call-to-Return edge function factory call
[DEBUG] (N) Call Site : call void @_Z9sink_funcNSt7__cxx1112basic_stringIcSt11char_traitsIcESaIcEEE(%"class.std::__cxx11::basic_string"* noundef %agg.tmp), !psr.id !52 | ID: 48
[DEBUG] (D) Call Node : @zero_value = constant i2 0, align 4 | ID: -1
[DEBUG] (N) Ret Site  : call void @_ZNSt7__cxx1112basic_stringIcSt11char_traitsIcESaIcEED1Ev(%"class.std::__cxx11::basic_string"* noundef nonnull align 8 dereferenceable(32) %agg.tmp) #6, !psr.id !53 | ID: 49
[DEBUG] (D) Ret Node  : @zero_value = constant i2 0, align 4 | ID: -1
[DEBUG] (F) Callee's  : 
[DEBUG]   _Z9sink_funcNSt7__cxx1112basic_stringIcSt11char_traitsIcESaIcEEE
[DEBUG] Edge function constructed
[DEBUG] Provide Edge Function: psr::EdgeIdentity<psr::BinaryDomain>
[DEBUG] Queried Call-to-Return Edge Function: psr::EdgeIdentity<psr::BinaryDomain>
[DEBUG] Compose: psr::EdgeIdentity<psr::BinaryDomain> * psr::EdgeIdentity<psr::BinaryDomain> = psr::EdgeIdentity<psr::BinaryDomain>
[DEBUG] Propagate flow
[DEBUG] Source value  : @zero_value = constant i2 0, align 4 | ID: -1
[DEBUG] Target        : call void @_ZNSt7__cxx1112basic_stringIcSt11char_traitsIcESaIcEED1Ev(%"class.std::__cxx11::basic_string"* noundef nonnull align 8 dereferenceable(32) %agg.tmp) #6, !psr.id !53 | ID: 49
[DEBUG] Target value  : @zero_value = constant i2 0, align 4 | ID: -1
[DEBUG] Edge function : psr::EdgeIdentity<psr::BinaryDomain> (result of previous compose)
[DEBUG] Join: psr::EdgeIdentity<psr::BinaryDomain> & psr::EdgeIdentity<psr::BinaryDomain> (EF's are equal)
[DEBUG]     = psr::EdgeIdentity<psr::BinaryDomain> 
[DEBUG]  
[DEBUG] PROPAGATE: No new function!
[DEBUG] Call-to-Return flow function factory call
[DEBUG] (N) Call Site : invoke void @_ZNSt7__cxx1112basic_stringIcSt11char_traitsIcESaIcEEC1ERKS4_(%"class.std::__cxx11::basic_string"* noundef nonnull align 8 dereferenceable(32) %agg.tmp, %"class.std::__cxx11::basic_string"* noundef nonnull align 8 dereferenceable(32) %conspicuous_x)
          to label %invoke.cont unwind label %lpad, !psr.id !51 | ID: 47
[DEBUG] (N) Ret Site  : %0 = landingpad { i8*, i32 }
          cleanup, !psr.id !56 | ID: 52
[DEBUG] (F) Callee's  : 
[DEBUG]   _ZNSt7__cxx1112basic_stringIcSt11char_traitsIcESaIcEEC1ERKS4_
[DEBUG] Flow function fetched from cache
[DEBUG] Call-to-Return edge function factory call
[DEBUG] (N) Call Site : invoke void @_ZNSt7__cxx1112basic_stringIcSt11char_traitsIcESaIcEEC1ERKS4_(%"class.std::__cxx11::basic_string"* noundef nonnull align 8 dereferenceable(32) %agg.tmp, %"class.std::__cxx11::basic_string"* noundef nonnull align 8 dereferenceable(32) %conspicuous_x)
          to label %invoke.cont unwind label %lpad, !psr.id !51 | ID: 47
[DEBUG] (D) Call Node : @zero_value = constant i2 0, align 4 | ID: -1
[DEBUG] (N) Ret Site  : %0 = landingpad { i8*, i32 }
          cleanup, !psr.id !56 | ID: 52
[DEBUG] (D) Ret Node  : @zero_value = constant i2 0, align 4 | ID: -1
[DEBUG] (F) Callee's  : 
[DEBUG]   _ZNSt7__cxx1112basic_stringIcSt11char_traitsIcESaIcEEC1ERKS4_
[DEBUG] Edge function constructed
[DEBUG] Provide Edge Function: psr::EdgeIdentity<psr::BinaryDomain>
[DEBUG] Queried Call-to-Return Edge Function: psr::EdgeIdentity<psr::BinaryDomain>
[DEBUG] Compose: psr::EdgeIdentity<psr::BinaryDomain> * psr::EdgeIdentity<psr::BinaryDomain> = psr::EdgeIdentity<psr::BinaryDomain>
[DEBUG] Propagate flow
[DEBUG] Source value  : @zero_value = constant i2 0, align 4 | ID: -1
[DEBUG] Target        : %0 = landingpad { i8*, i32 }
          cleanup, !psr.id !56 | ID: 52
[DEBUG] Target value  : @zero_value = constant i2 0, align 4 | ID: -1
[DEBUG] Edge function : psr::EdgeIdentity<psr::BinaryDomain> (result of previous compose)
[DEBUG] Join: psr::AllTop<psr::BinaryDomain> & psr::EdgeIdentity<psr::BinaryDomain> 
[DEBUG]     = psr::EdgeIdentity<psr::BinaryDomain> (new jump func)
[DEBUG]  
[DEBUG] Start adding new jump function
[DEBUG] Fact at source : @zero_value = constant i2 0, align 4 | ID: -1
[DEBUG] Fact at target : @zero_value = constant i2 0, align 4 | ID: -1
[DEBUG] Destination    : %0 = landingpad { i8*, i32 }
          cleanup, !psr.id !56 | ID: 52
[DEBUG] Edge Function  : psr::EdgeIdentity<psr::BinaryDomain>
[DEBUG] End adding new jump function
[DEBUG] -------------------------------------------- 149. Path Edge --------------------------------------------
[DEBUG]  
[DEBUG] Process 149. path edge:
[DEBUG] < D source: @zero_value = constant i2 0, align 4 | ID: -1 ;
[DEBUG]   N target: %0 = landingpad { i8*, i32 }
          cleanup, !psr.id !56 | ID: 52 ;
[DEBUG]   D target: @zero_value = constant i2 0, align 4 | ID: -1 >
[DEBUG]  
[DEBUG] Process normal at target: %0 = landingpad { i8*, i32 }
          cleanup, !psr.id !56 | ID: 52
[DEBUG] JumpFunctions Forward-Lookup:
[DEBUG]    Source D: @zero_value = constant i2 0, align 4 | ID: -1
[DEBUG]    Target N: %0 = landingpad { i8*, i32 }
          cleanup, !psr.id !56 | ID: 52
[DEBUG]    Target D: @zero_value = constant i2 0, align 4 | ID: -1
[DEBUG]   => EdgeFn: psr::EdgeIdentity<psr::BinaryDomain>
[DEBUG] Normal flow function factory call
[DEBUG] (N) Curr Inst : %0 = landingpad { i8*, i32 }
          cleanup, !psr.id !56 | ID: 52
[DEBUG] (N) Succ Inst : %1 = extractvalue { i8*, i32 } %0, 0, !psr.id !57 | ID: 53
[DEBUG] Flow function fetched from cache
[DEBUG] Normal edge function factory call
[DEBUG] (N) Curr Inst : %0 = landingpad { i8*, i32 }
          cleanup, !psr.id !56 | ID: 52
[DEBUG] (D) Curr Node : @zero_value = constant i2 0, align 4 | ID: -1
[DEBUG] (N) Succ Inst : %1 = extractvalue { i8*, i32 } %0, 0, !psr.id !57 | ID: 53
[DEBUG] (D) Succ Node : @zero_value = constant i2 0, align 4 | ID: -1
[DEBUG] Edge function constructed
[DEBUG] Provide Edge Function: psr::EdgeIdentity<psr::BinaryDomain>
[DEBUG] Queried Normal Edge Function: psr::EdgeIdentity<psr::BinaryDomain>
[DEBUG] Compose: psr::EdgeIdentity<psr::BinaryDomain> * psr::EdgeIdentity<psr::BinaryDomain> = psr::EdgeIdentity<psr::BinaryDomain>
[DEBUG] Propagate flow
[DEBUG] Source value  : @zero_value = constant i2 0, align 4 | ID: -1
[DEBUG] Target        : %1 = extractvalue { i8*, i32 } %0, 0, !psr.id !57 | ID: 53
[DEBUG] Target value  : @zero_value = constant i2 0, align 4 | ID: -1
[DEBUG] Edge function : psr::EdgeIdentity<psr::BinaryDomain> (result of previous compose)
[DEBUG] Join: psr::AllTop<psr::BinaryDomain> & psr::EdgeIdentity<psr::BinaryDomain> 
[DEBUG]     = psr::EdgeIdentity<psr::BinaryDomain> (new jump func)
[DEBUG]  
[DEBUG] Start adding new jump function
[DEBUG] Fact at source : @zero_value = constant i2 0, align 4 | ID: -1
[DEBUG] Fact at target : @zero_value = constant i2 0, align 4 | ID: -1
[DEBUG] Destination    : %1 = extractvalue { i8*, i32 } %0, 0, !psr.id !57 | ID: 53
[DEBUG] Edge Function  : psr::EdgeIdentity<psr::BinaryDomain>
[DEBUG] End adding new jump function
[DEBUG] -------------------------------------------- 150. Path Edge --------------------------------------------
[DEBUG]  
[DEBUG] Process 150. path edge:
[DEBUG] < D source: @zero_value = constant i2 0, align 4 | ID: -1 ;
[DEBUG]   N target: %1 = extractvalue { i8*, i32 } %0, 0, !psr.id !57 | ID: 53 ;
[DEBUG]   D target: @zero_value = constant i2 0, align 4 | ID: -1 >
[DEBUG]  
[DEBUG] Process normal at target: %1 = extractvalue { i8*, i32 } %0, 0, !psr.id !57 | ID: 53
[DEBUG] JumpFunctions Forward-Lookup:
[DEBUG]    Source D: @zero_value = constant i2 0, align 4 | ID: -1
[DEBUG]    Target N: %1 = extractvalue { i8*, i32 } %0, 0, !psr.id !57 | ID: 53
[DEBUG]    Target D: @zero_value = constant i2 0, align 4 | ID: -1
[DEBUG]   => EdgeFn: psr::EdgeIdentity<psr::BinaryDomain>
[DEBUG] Normal flow function factory call
[DEBUG] (N) Curr Inst : %1 = extractvalue { i8*, i32 } %0, 0, !psr.id !57 | ID: 53
[DEBUG] (N) Succ Inst : store i8* %1, i8** %exn.slot, align 8, !psr.id !58 | ID: 54
[DEBUG] Flow function fetched from cache
[DEBUG] Normal edge function factory call
[DEBUG] (N) Curr Inst : %1 = extractvalue { i8*, i32 } %0, 0, !psr.id !57 | ID: 53
[DEBUG] (D) Curr Node : @zero_value = constant i2 0, align 4 | ID: -1
[DEBUG] (N) Succ Inst : store i8* %1, i8** %exn.slot, align 8, !psr.id !58 | ID: 54
[DEBUG] (D) Succ Node : @zero_value = constant i2 0, align 4 | ID: -1
[DEBUG] Edge function constructed
[DEBUG] Provide Edge Function: psr::EdgeIdentity<psr::BinaryDomain>
[DEBUG] Queried Normal Edge Function: psr::EdgeIdentity<psr::BinaryDomain>
[DEBUG] Compose: psr::EdgeIdentity<psr::BinaryDomain> * psr::EdgeIdentity<psr::BinaryDomain> = psr::EdgeIdentity<psr::BinaryDomain>
[DEBUG] Propagate flow
[DEBUG] Source value  : @zero_value = constant i2 0, align 4 | ID: -1
[DEBUG] Target        : store i8* %1, i8** %exn.slot, align 8, !psr.id !58 | ID: 54
[DEBUG] Target value  : @zero_value = constant i2 0, align 4 | ID: -1
[DEBUG] Edge function : psr::EdgeIdentity<psr::BinaryDomain> (result of previous compose)
[DEBUG] Join: psr::AllTop<psr::BinaryDomain> & psr::EdgeIdentity<psr::BinaryDomain> 
[DEBUG]     = psr::EdgeIdentity<psr::BinaryDomain> (new jump func)
[DEBUG]  
[DEBUG] Start adding new jump function
[DEBUG] Fact at source : @zero_value = constant i2 0, align 4 | ID: -1
[DEBUG] Fact at target : @zero_value = constant i2 0, align 4 | ID: -1
[DEBUG] Destination    : store i8* %1, i8** %exn.slot, align 8, !psr.id !58 | ID: 54
[DEBUG] Edge Function  : psr::EdgeIdentity<psr::BinaryDomain>
[DEBUG] End adding new jump function
[DEBUG] -------------------------------------------- 151. Path Edge --------------------------------------------
[DEBUG]  
[DEBUG] Process 151. path edge:
[DEBUG] < D source: @zero_value = constant i2 0, align 4 | ID: -1 ;
[DEBUG]   N target: store i8* %1, i8** %exn.slot, align 8, !psr.id !58 | ID: 54 ;
[DEBUG]   D target: @zero_value = constant i2 0, align 4 | ID: -1 >
[DEBUG]  
[DEBUG] Process normal at target: store i8* %1, i8** %exn.slot, align 8, !psr.id !58 | ID: 54
[DEBUG] JumpFunctions Forward-Lookup:
[DEBUG]    Source D: @zero_value = constant i2 0, align 4 | ID: -1
[DEBUG]    Target N: store i8* %1, i8** %exn.slot, align 8, !psr.id !58 | ID: 54
[DEBUG]    Target D: @zero_value = constant i2 0, align 4 | ID: -1
[DEBUG]   => EdgeFn: psr::EdgeIdentity<psr::BinaryDomain>
[DEBUG] Normal flow function factory call
[DEBUG] (N) Curr Inst : store i8* %1, i8** %exn.slot, align 8, !psr.id !58 | ID: 54
[DEBUG] (N) Succ Inst : %2 = extractvalue { i8*, i32 } %0, 1, !psr.id !59 | ID: 55
[DEBUG] Flow function fetched from cache
[DEBUG] Normal edge function factory call
[DEBUG] (N) Curr Inst : store i8* %1, i8** %exn.slot, align 8, !psr.id !58 | ID: 54
[DEBUG] (D) Curr Node : @zero_value = constant i2 0, align 4 | ID: -1
[DEBUG] (N) Succ Inst : %2 = extractvalue { i8*, i32 } %0, 1, !psr.id !59 | ID: 55
[DEBUG] (D) Succ Node : @zero_value = constant i2 0, align 4 | ID: -1
[DEBUG] Edge function constructed
[DEBUG] Provide Edge Function: psr::EdgeIdentity<psr::BinaryDomain>
[DEBUG] Queried Normal Edge Function: psr::EdgeIdentity<psr::BinaryDomain>
[DEBUG] Compose: psr::EdgeIdentity<psr::BinaryDomain> * psr::EdgeIdentity<psr::BinaryDomain> = psr::EdgeIdentity<psr::BinaryDomain>
[DEBUG] Propagate flow
[DEBUG] Source value  : @zero_value = constant i2 0, align 4 | ID: -1
[DEBUG] Target        : %2 = extractvalue { i8*, i32 } %0, 1, !psr.id !59 | ID: 55
[DEBUG] Target value  : @zero_value = constant i2 0, align 4 | ID: -1
[DEBUG] Edge function : psr::EdgeIdentity<psr::BinaryDomain> (result of previous compose)
[DEBUG] Join: psr::AllTop<psr::BinaryDomain> & psr::EdgeIdentity<psr::BinaryDomain> 
[DEBUG]     = psr::EdgeIdentity<psr::BinaryDomain> (new jump func)
[DEBUG]  
[DEBUG] Start adding new jump function
[DEBUG] Fact at source : @zero_value = constant i2 0, align 4 | ID: -1
[DEBUG] Fact at target : @zero_value = constant i2 0, align 4 | ID: -1
[DEBUG] Destination    : %2 = extractvalue { i8*, i32 } %0, 1, !psr.id !59 | ID: 55
[DEBUG] Edge Function  : psr::EdgeIdentity<psr::BinaryDomain>
[DEBUG] End adding new jump function
[DEBUG] -------------------------------------------- 152. Path Edge --------------------------------------------
[DEBUG]  
[DEBUG] Process 152. path edge:
[DEBUG] < D source: @zero_value = constant i2 0, align 4 | ID: -1 ;
[DEBUG]   N target: %2 = extractvalue { i8*, i32 } %0, 1, !psr.id !59 | ID: 55 ;
[DEBUG]   D target: @zero_value = constant i2 0, align 4 | ID: -1 >
[DEBUG]  
[DEBUG] Process normal at target: %2 = extractvalue { i8*, i32 } %0, 1, !psr.id !59 | ID: 55
[DEBUG] JumpFunctions Forward-Lookup:
[DEBUG]    Source D: @zero_value = constant i2 0, align 4 | ID: -1
[DEBUG]    Target N: %2 = extractvalue { i8*, i32 } %0, 1, !psr.id !59 | ID: 55
[DEBUG]    Target D: @zero_value = constant i2 0, align 4 | ID: -1
[DEBUG]   => EdgeFn: psr::EdgeIdentity<psr::BinaryDomain>
[DEBUG] Normal flow function factory call
[DEBUG] (N) Curr Inst : %2 = extractvalue { i8*, i32 } %0, 1, !psr.id !59 | ID: 55
[DEBUG] (N) Succ Inst : store i32 %2, i32* %ehselector.slot, align 4, !psr.id !60 | ID: 56
[DEBUG] Flow function fetched from cache
[DEBUG] Normal edge function factory call
[DEBUG] (N) Curr Inst : %2 = extractvalue { i8*, i32 } %0, 1, !psr.id !59 | ID: 55
[DEBUG] (D) Curr Node : @zero_value = constant i2 0, align 4 | ID: -1
[DEBUG] (N) Succ Inst : store i32 %2, i32* %ehselector.slot, align 4, !psr.id !60 | ID: 56
[DEBUG] (D) Succ Node : @zero_value = constant i2 0, align 4 | ID: -1
[DEBUG] Edge function constructed
[DEBUG] Provide Edge Function: psr::EdgeIdentity<psr::BinaryDomain>
[DEBUG] Queried Normal Edge Function: psr::EdgeIdentity<psr::BinaryDomain>
[DEBUG] Compose: psr::EdgeIdentity<psr::BinaryDomain> * psr::EdgeIdentity<psr::BinaryDomain> = psr::EdgeIdentity<psr::BinaryDomain>
[DEBUG] Propagate flow
[DEBUG] Source value  : @zero_value = constant i2 0, align 4 | ID: -1
[DEBUG] Target        : store i32 %2, i32* %ehselector.slot, align 4, !psr.id !60 | ID: 56
[DEBUG] Target value  : @zero_value = constant i2 0, align 4 | ID: -1
[DEBUG] Edge function : psr::EdgeIdentity<psr::BinaryDomain> (result of previous compose)
[DEBUG] Join: psr::AllTop<psr::BinaryDomain> & psr::EdgeIdentity<psr::BinaryDomain> 
[DEBUG]     = psr::EdgeIdentity<psr::BinaryDomain> (new jump func)
[DEBUG]  
[DEBUG] Start adding new jump function
[DEBUG] Fact at source : @zero_value = constant i2 0, align 4 | ID: -1
[DEBUG] Fact at target : @zero_value = constant i2 0, align 4 | ID: -1
[DEBUG] Destination    : store i32 %2, i32* %ehselector.slot, align 4, !psr.id !60 | ID: 56
[DEBUG] Edge Function  : psr::EdgeIdentity<psr::BinaryDomain>
[DEBUG] End adding new jump function
[DEBUG] -------------------------------------------- 153. Path Edge --------------------------------------------
[DEBUG]  
[DEBUG] Process 153. path edge:
[DEBUG] < D source: @zero_value = constant i2 0, align 4 | ID: -1 ;
[DEBUG]   N target: store i32 %2, i32* %ehselector.slot, align 4, !psr.id !60 | ID: 56 ;
[DEBUG]   D target: @zero_value = constant i2 0, align 4 | ID: -1 >
[DEBUG]  
[DEBUG] Process normal at target: store i32 %2, i32* %ehselector.slot, align 4, !psr.id !60 | ID: 56
[DEBUG] JumpFunctions Forward-Lookup:
[DEBUG]    Source D: @zero_value = constant i2 0, align 4 | ID: -1
[DEBUG]    Target N: store i32 %2, i32* %ehselector.slot, align 4, !psr.id !60 | ID: 56
[DEBUG]    Target D: @zero_value = constant i2 0, align 4 | ID: -1
[DEBUG]   => EdgeFn: psr::EdgeIdentity<psr::BinaryDomain>
[DEBUG] Normal flow function factory call
[DEBUG] (N) Curr Inst : store i32 %2, i32* %ehselector.slot, align 4, !psr.id !60 | ID: 56
[DEBUG] (N) Succ Inst : call void @_ZNSt7__cxx1112basic_stringIcSt11char_traitsIcESaIcEED1Ev(%"class.std::__cxx11::basic_string"* noundef nonnull align 8 dereferenceable(32) %conspicuous_x) #6, !psr.id !61 | ID: 57
[DEBUG] Flow function fetched from cache
[DEBUG] Normal edge function factory call
[DEBUG] (N) Curr Inst : store i32 %2, i32* %ehselector.slot, align 4, !psr.id !60 | ID: 56
[DEBUG] (D) Curr Node : @zero_value = constant i2 0, align 4 | ID: -1
[DEBUG] (N) Succ Inst : call void @_ZNSt7__cxx1112basic_stringIcSt11char_traitsIcESaIcEED1Ev(%"class.std::__cxx11::basic_string"* noundef nonnull align 8 dereferenceable(32) %conspicuous_x) #6, !psr.id !61 | ID: 57
[DEBUG] (D) Succ Node : @zero_value = constant i2 0, align 4 | ID: -1
[DEBUG] Edge function constructed
[DEBUG] Provide Edge Function: psr::EdgeIdentity<psr::BinaryDomain>
[DEBUG] Queried Normal Edge Function: psr::EdgeIdentity<psr::BinaryDomain>
[DEBUG] Compose: psr::EdgeIdentity<psr::BinaryDomain> * psr::EdgeIdentity<psr::BinaryDomain> = psr::EdgeIdentity<psr::BinaryDomain>
[DEBUG] Propagate flow
[DEBUG] Source value  : @zero_value = constant i2 0, align 4 | ID: -1
[DEBUG] Target        : call void @_ZNSt7__cxx1112basic_stringIcSt11char_traitsIcESaIcEED1Ev(%"class.std::__cxx11::basic_string"* noundef nonnull align 8 dereferenceable(32) %conspicuous_x) #6, !psr.id !61 | ID: 57
[DEBUG] Target value  : @zero_value = constant i2 0, align 4 | ID: -1
[DEBUG] Edge function : psr::EdgeIdentity<psr::BinaryDomain> (result of previous compose)
[DEBUG] Join: psr::AllTop<psr::BinaryDomain> & psr::EdgeIdentity<psr::BinaryDomain> 
[DEBUG]     = psr::EdgeIdentity<psr::BinaryDomain> (new jump func)
[DEBUG]  
[DEBUG] Start adding new jump function
[DEBUG] Fact at source : @zero_value = constant i2 0, align 4 | ID: -1
[DEBUG] Fact at target : @zero_value = constant i2 0, align 4 | ID: -1
[DEBUG] Destination    : call void @_ZNSt7__cxx1112basic_stringIcSt11char_traitsIcESaIcEED1Ev(%"class.std::__cxx11::basic_string"* noundef nonnull align 8 dereferenceable(32) %conspicuous_x) #6, !psr.id !61 | ID: 57
[DEBUG] Edge Function  : psr::EdgeIdentity<psr::BinaryDomain>
[DEBUG] End adding new jump function
[DEBUG] -------------------------------------------- 154. Path Edge --------------------------------------------
[DEBUG]  
[DEBUG] Process 154. path edge:
[DEBUG] < D source: @zero_value = constant i2 0, align 4 | ID: -1 ;
[DEBUG]   N target: call void @_ZNSt7__cxx1112basic_stringIcSt11char_traitsIcESaIcEED1Ev(%"class.std::__cxx11::basic_string"* noundef nonnull align 8 dereferenceable(32) %conspicuous_x) #6, !psr.id !61 | ID: 57 ;
[DEBUG]   D target: @zero_value = constant i2 0, align 4 | ID: -1 >
[DEBUG]  
[DEBUG] Process call at target: call void @_ZNSt7__cxx1112basic_stringIcSt11char_traitsIcESaIcEED1Ev(%"class.std::__cxx11::basic_string"* noundef nonnull align 8 dereferenceable(32) %conspicuous_x) #6, !psr.id !61 | ID: 57
[DEBUG] JumpFunctions Forward-Lookup:
[DEBUG]    Source D: @zero_value = constant i2 0, align 4 | ID: -1
[DEBUG]    Target N: call void @_ZNSt7__cxx1112basic_stringIcSt11char_traitsIcESaIcEED1Ev(%"class.std::__cxx11::basic_string"* noundef nonnull align 8 dereferenceable(32) %conspicuous_x) #6, !psr.id !61 | ID: 57
[DEBUG]    Target D: @zero_value = constant i2 0, align 4 | ID: -1
[DEBUG]   => EdgeFn: psr::EdgeIdentity<psr::BinaryDomain>
[DEBUG] Possible callees:
[DEBUG]   _ZNSt7__cxx1112basic_stringIcSt11char_traitsIcESaIcEED1Ev
[DEBUG] Possible return sites:
[DEBUG]   br label %eh.resume, !psr.id !62 | ID: 58
[DEBUG] Summary flow function factory call
[DEBUG] (N) Call Stmt : call void @_ZNSt7__cxx1112basic_stringIcSt11char_traitsIcESaIcEED1Ev(%"class.std::__cxx11::basic_string"* noundef nonnull align 8 dereferenceable(32) %conspicuous_x) #6, !psr.id !61 | ID: 57
[DEBUG] (F) Dest Mthd : _ZNSt7__cxx1112basic_stringIcSt11char_traitsIcESaIcEED1Ev
[DEBUG]  
[DEBUG] Call flow function factory call
[DEBUG] (N) Call Stmt : call void @_ZNSt7__cxx1112basic_stringIcSt11char_traitsIcESaIcEED1Ev(%"class.std::__cxx11::basic_string"* noundef nonnull align 8 dereferenceable(32) %conspicuous_x) #6, !psr.id !61 | ID: 57
[DEBUG] (F) Dest Fun : _ZNSt7__cxx1112basic_stringIcSt11char_traitsIcESaIcEED1Ev
[DEBUG] Flow function fetched from cache
[DEBUG] Start points of '_ZNSt7__cxx1112basic_stringIcSt11char_traitsIcESaIcEED1Ev' currently not available!
[DEBUG] Call-to-Return flow function factory call
[DEBUG] (N) Call Site : call void @_ZNSt7__cxx1112basic_stringIcSt11char_traitsIcESaIcEED1Ev(%"class.std::__cxx11::basic_string"* noundef nonnull align 8 dereferenceable(32) %conspicuous_x) #6, !psr.id !61 | ID: 57
[DEBUG] (N) Ret Site  : br label %eh.resume, !psr.id !62 | ID: 58
[DEBUG] (F) Callee's  : 
[DEBUG]   _ZNSt7__cxx1112basic_stringIcSt11char_traitsIcESaIcEED1Ev
[DEBUG] Flow function fetched from cache
[DEBUG] Call-to-Return edge function factory call
[DEBUG] (N) Call Site : call void @_ZNSt7__cxx1112basic_stringIcSt11char_traitsIcESaIcEED1Ev(%"class.std::__cxx11::basic_string"* noundef nonnull align 8 dereferenceable(32) %conspicuous_x) #6, !psr.id !61 | ID: 57
[DEBUG] (D) Call Node : @zero_value = constant i2 0, align 4 | ID: -1
[DEBUG] (N) Ret Site  : br label %eh.resume, !psr.id !62 | ID: 58
[DEBUG] (D) Ret Node  : @zero_value = constant i2 0, align 4 | ID: -1
[DEBUG] (F) Callee's  : 
[DEBUG]   _ZNSt7__cxx1112basic_stringIcSt11char_traitsIcESaIcEED1Ev
[DEBUG] Edge function constructed
[DEBUG] Provide Edge Function: psr::EdgeIdentity<psr::BinaryDomain>
[DEBUG] Queried Call-to-Return Edge Function: psr::EdgeIdentity<psr::BinaryDomain>
[DEBUG] Compose: psr::EdgeIdentity<psr::BinaryDomain> * psr::EdgeIdentity<psr::BinaryDomain> = psr::EdgeIdentity<psr::BinaryDomain>
[DEBUG] Propagate flow
[DEBUG] Source value  : @zero_value = constant i2 0, align 4 | ID: -1
[DEBUG] Target        : br label %eh.resume, !psr.id !62 | ID: 58
[DEBUG] Target value  : @zero_value = constant i2 0, align 4 | ID: -1
[DEBUG] Edge function : psr::EdgeIdentity<psr::BinaryDomain> (result of previous compose)
[DEBUG] Join: psr::AllTop<psr::BinaryDomain> & psr::EdgeIdentity<psr::BinaryDomain> 
[DEBUG]     = psr::EdgeIdentity<psr::BinaryDomain> (new jump func)
[DEBUG]  
[DEBUG] Start adding new jump function
[DEBUG] Fact at source : @zero_value = constant i2 0, align 4 | ID: -1
[DEBUG] Fact at target : @zero_value = constant i2 0, align 4 | ID: -1
[DEBUG] Destination    : br label %eh.resume, !psr.id !62 | ID: 58
[DEBUG] Edge Function  : psr::EdgeIdentity<psr::BinaryDomain>
[DEBUG] End adding new jump function
[DEBUG] -------------------------------------------- 155. Path Edge --------------------------------------------
[DEBUG]  
[DEBUG] Process 155. path edge:
[DEBUG] < D source: @zero_value = constant i2 0, align 4 | ID: -1 ;
[DEBUG]   N target: br label %eh.resume, !psr.id !62 | ID: 58 ;
[DEBUG]   D target: @zero_value = constant i2 0, align 4 | ID: -1 >
[DEBUG]  
[DEBUG] Process normal at target: br label %eh.resume, !psr.id !62 | ID: 58
[DEBUG] JumpFunctions Forward-Lookup:
[DEBUG]    Source D: @zero_value = constant i2 0, align 4 | ID: -1
[DEBUG]    Target N: br label %eh.resume, !psr.id !62 | ID: 58
[DEBUG]    Target D: @zero_value = constant i2 0, align 4 | ID: -1
[DEBUG]   => EdgeFn: psr::EdgeIdentity<psr::BinaryDomain>
[DEBUG] Normal flow function factory call
[DEBUG] (N) Curr Inst : br label %eh.resume, !psr.id !62 | ID: 58
[DEBUG] (N) Succ Inst : %exn = load i8*, i8** %exn.slot, align 8, !psr.id !63 | ID: 59
[DEBUG] Flow function fetched from cache
[DEBUG] Normal edge function factory call
[DEBUG] (N) Curr Inst : br label %eh.resume, !psr.id !62 | ID: 58
[DEBUG] (D) Curr Node : @zero_value = constant i2 0, align 4 | ID: -1
[DEBUG] (N) Succ Inst : %exn = load i8*, i8** %exn.slot, align 8, !psr.id !63 | ID: 59
[DEBUG] (D) Succ Node : @zero_value = constant i2 0, align 4 | ID: -1
[DEBUG] Edge function constructed
[DEBUG] Provide Edge Function: psr::EdgeIdentity<psr::BinaryDomain>
[DEBUG] Queried Normal Edge Function: psr::EdgeIdentity<psr::BinaryDomain>
[DEBUG] Compose: psr::EdgeIdentity<psr::BinaryDomain> * psr::EdgeIdentity<psr::BinaryDomain> = psr::EdgeIdentity<psr::BinaryDomain>
[DEBUG] Propagate flow
[DEBUG] Source value  : @zero_value = constant i2 0, align 4 | ID: -1
[DEBUG] Target        : %exn = load i8*, i8** %exn.slot, align 8, !psr.id !63 | ID: 59
[DEBUG] Target value  : @zero_value = constant i2 0, align 4 | ID: -1
[DEBUG] Edge function : psr::EdgeIdentity<psr::BinaryDomain> (result of previous compose)
[DEBUG] Join: psr::AllTop<psr::BinaryDomain> & psr::EdgeIdentity<psr::BinaryDomain> 
[DEBUG]     = psr::EdgeIdentity<psr::BinaryDomain> (new jump func)
[DEBUG]  
[DEBUG] Start adding new jump function
[DEBUG] Fact at source : @zero_value = constant i2 0, align 4 | ID: -1
[DEBUG] Fact at target : @zero_value = constant i2 0, align 4 | ID: -1
[DEBUG] Destination    : %exn = load i8*, i8** %exn.slot, align 8, !psr.id !63 | ID: 59
[DEBUG] Edge Function  : psr::EdgeIdentity<psr::BinaryDomain>
[DEBUG] End adding new jump function
[DEBUG] -------------------------------------------- 156. Path Edge --------------------------------------------
[DEBUG]  
[DEBUG] Process 156. path edge:
[DEBUG] < D source: @zero_value = constant i2 0, align 4 | ID: -1 ;
[DEBUG]   N target: %exn = load i8*, i8** %exn.slot, align 8, !psr.id !63 | ID: 59 ;
[DEBUG]   D target: @zero_value = constant i2 0, align 4 | ID: -1 >
[DEBUG]  
[DEBUG] Process normal at target: %exn = load i8*, i8** %exn.slot, align 8, !psr.id !63 | ID: 59
[DEBUG] JumpFunctions Forward-Lookup:
[DEBUG]    Source D: @zero_value = constant i2 0, align 4 | ID: -1
[DEBUG]    Target N: %exn = load i8*, i8** %exn.slot, align 8, !psr.id !63 | ID: 59
[DEBUG]    Target D: @zero_value = constant i2 0, align 4 | ID: -1
[DEBUG]   => EdgeFn: psr::EdgeIdentity<psr::BinaryDomain>
[DEBUG] Normal flow function factory call
[DEBUG] (N) Curr Inst : %exn = load i8*, i8** %exn.slot, align 8, !psr.id !63 | ID: 59
[DEBUG] (N) Succ Inst : %sel = load i32, i32* %ehselector.slot, align 4, !psr.id !64 | ID: 60
[DEBUG] Flow function fetched from cache
[DEBUG] Normal edge function factory call
[DEBUG] (N) Curr Inst : %exn = load i8*, i8** %exn.slot, align 8, !psr.id !63 | ID: 59
[DEBUG] (D) Curr Node : @zero_value = constant i2 0, align 4 | ID: -1
[DEBUG] (N) Succ Inst : %sel = load i32, i32* %ehselector.slot, align 4, !psr.id !64 | ID: 60
[DEBUG] (D) Succ Node : @zero_value = constant i2 0, align 4 | ID: -1
[DEBUG] Edge function constructed
[DEBUG] Provide Edge Function: psr::EdgeIdentity<psr::BinaryDomain>
[DEBUG] Queried Normal Edge Function: psr::EdgeIdentity<psr::BinaryDomain>
[DEBUG] Compose: psr::EdgeIdentity<psr::BinaryDomain> * psr::EdgeIdentity<psr::BinaryDomain> = psr::EdgeIdentity<psr::BinaryDomain>
[DEBUG] Propagate flow
[DEBUG] Source value  : @zero_value = constant i2 0, align 4 | ID: -1
[DEBUG] Target        : %sel = load i32, i32* %ehselector.slot, align 4, !psr.id !64 | ID: 60
[DEBUG] Target value  : @zero_value = constant i2 0, align 4 | ID: -1
[DEBUG] Edge function : psr::EdgeIdentity<psr::BinaryDomain> (result of previous compose)
[DEBUG] Join: psr::AllTop<psr::BinaryDomain> & psr::EdgeIdentity<psr::BinaryDomain> 
[DEBUG]     = psr::EdgeIdentity<psr::BinaryDomain> (new jump func)
[DEBUG]  
[DEBUG] Start adding new jump function
[DEBUG] Fact at source : @zero_value = constant i2 0, align 4 | ID: -1
[DEBUG] Fact at target : @zero_value = constant i2 0, align 4 | ID: -1
[DEBUG] Destination    : %sel = load i32, i32* %ehselector.slot, align 4, !psr.id !64 | ID: 60
[DEBUG] Edge Function  : psr::EdgeIdentity<psr::BinaryDomain>
[DEBUG] End adding new jump function
[DEBUG] -------------------------------------------- 157. Path Edge --------------------------------------------
[DEBUG]  
[DEBUG] Process 157. path edge:
[DEBUG] < D source: @zero_value = constant i2 0, align 4 | ID: -1 ;
[DEBUG]   N target: %sel = load i32, i32* %ehselector.slot, align 4, !psr.id !64 | ID: 60 ;
[DEBUG]   D target: @zero_value = constant i2 0, align 4 | ID: -1 >
[DEBUG]  
[DEBUG] Process normal at target: %sel = load i32, i32* %ehselector.slot, align 4, !psr.id !64 | ID: 60
[DEBUG] JumpFunctions Forward-Lookup:
[DEBUG]    Source D: @zero_value = constant i2 0, align 4 | ID: -1
[DEBUG]    Target N: %sel = load i32, i32* %ehselector.slot, align 4, !psr.id !64 | ID: 60
[DEBUG]    Target D: @zero_value = constant i2 0, align 4 | ID: -1
[DEBUG]   => EdgeFn: psr::EdgeIdentity<psr::BinaryDomain>
[DEBUG] Normal flow function factory call
[DEBUG] (N) Curr Inst : %sel = load i32, i32* %ehselector.slot, align 4, !psr.id !64 | ID: 60
[DEBUG] (N) Succ Inst : %lpad.val = insertvalue { i8*, i32 } undef, i8* %exn, 0, !psr.id !65 | ID: 61
[DEBUG] Flow function fetched from cache
[DEBUG] Normal edge function factory call
[DEBUG] (N) Curr Inst : %sel = load i32, i32* %ehselector.slot, align 4, !psr.id !64 | ID: 60
[DEBUG] (D) Curr Node : @zero_value = constant i2 0, align 4 | ID: -1
[DEBUG] (N) Succ Inst : %lpad.val = insertvalue { i8*, i32 } undef, i8* %exn, 0, !psr.id !65 | ID: 61
[DEBUG] (D) Succ Node : @zero_value = constant i2 0, align 4 | ID: -1
[DEBUG] Edge function constructed
[DEBUG] Provide Edge Function: psr::EdgeIdentity<psr::BinaryDomain>
[DEBUG] Queried Normal Edge Function: psr::EdgeIdentity<psr::BinaryDomain>
[DEBUG] Compose: psr::EdgeIdentity<psr::BinaryDomain> * psr::EdgeIdentity<psr::BinaryDomain> = psr::EdgeIdentity<psr::BinaryDomain>
[DEBUG] Propagate flow
[DEBUG] Source value  : @zero_value = constant i2 0, align 4 | ID: -1
[DEBUG] Target        : %lpad.val = insertvalue { i8*, i32 } undef, i8* %exn, 0, !psr.id !65 | ID: 61
[DEBUG] Target value  : @zero_value = constant i2 0, align 4 | ID: -1
[DEBUG] Edge function : psr::EdgeIdentity<psr::BinaryDomain> (result of previous compose)
[DEBUG] Join: psr::AllTop<psr::BinaryDomain> & psr::EdgeIdentity<psr::BinaryDomain> 
[DEBUG]     = psr::EdgeIdentity<psr::BinaryDomain> (new jump func)
[DEBUG]  
[DEBUG] Start adding new jump function
[DEBUG] Fact at source : @zero_value = constant i2 0, align 4 | ID: -1
[DEBUG] Fact at target : @zero_value = constant i2 0, align 4 | ID: -1
[DEBUG] Destination    : %lpad.val = insertvalue { i8*, i32 } undef, i8* %exn, 0, !psr.id !65 | ID: 61
[DEBUG] Edge Function  : psr::EdgeIdentity<psr::BinaryDomain>
[DEBUG] End adding new jump function
[DEBUG] -------------------------------------------- 158. Path Edge --------------------------------------------
[DEBUG]  
[DEBUG] Process 158. path edge:
[DEBUG] < D source: @zero_value = constant i2 0, align 4 | ID: -1 ;
[DEBUG]   N target: %lpad.val = insertvalue { i8*, i32 } undef, i8* %exn, 0, !psr.id !65 | ID: 61 ;
[DEBUG]   D target: @zero_value = constant i2 0, align 4 | ID: -1 >
[DEBUG]  
[DEBUG] Process normal at target: %lpad.val = insertvalue { i8*, i32 } undef, i8* %exn, 0, !psr.id !65 | ID: 61
[DEBUG] JumpFunctions Forward-Lookup:
[DEBUG]    Source D: @zero_value = constant i2 0, align 4 | ID: -1
[DEBUG]    Target N: %lpad.val = insertvalue { i8*, i32 } undef, i8* %exn, 0, !psr.id !65 | ID: 61
[DEBUG]    Target D: @zero_value = constant i2 0, align 4 | ID: -1
[DEBUG]   => EdgeFn: psr::EdgeIdentity<psr::BinaryDomain>
[DEBUG] Normal flow function factory call
[DEBUG] (N) Curr Inst : %lpad.val = insertvalue { i8*, i32 } undef, i8* %exn, 0, !psr.id !65 | ID: 61
[DEBUG] (N) Succ Inst : %lpad.val1 = insertvalue { i8*, i32 } %lpad.val, i32 %sel, 1, !psr.id !66 | ID: 62
[DEBUG] Flow function fetched from cache
[DEBUG] Normal edge function factory call
[DEBUG] (N) Curr Inst : %lpad.val = insertvalue { i8*, i32 } undef, i8* %exn, 0, !psr.id !65 | ID: 61
[DEBUG] (D) Curr Node : @zero_value = constant i2 0, align 4 | ID: -1
[DEBUG] (N) Succ Inst : %lpad.val1 = insertvalue { i8*, i32 } %lpad.val, i32 %sel, 1, !psr.id !66 | ID: 62
[DEBUG] (D) Succ Node : @zero_value = constant i2 0, align 4 | ID: -1
[DEBUG] Edge function constructed
[DEBUG] Provide Edge Function: psr::EdgeIdentity<psr::BinaryDomain>
[DEBUG] Queried Normal Edge Function: psr::EdgeIdentity<psr::BinaryDomain>
[DEBUG] Compose: psr::EdgeIdentity<psr::BinaryDomain> * psr::EdgeIdentity<psr::BinaryDomain> = psr::EdgeIdentity<psr::BinaryDomain>
[DEBUG] Propagate flow
[DEBUG] Source value  : @zero_value = constant i2 0, align 4 | ID: -1
[DEBUG] Target        : %lpad.val1 = insertvalue { i8*, i32 } %lpad.val, i32 %sel, 1, !psr.id !66 | ID: 62
[DEBUG] Target value  : @zero_value = constant i2 0, align 4 | ID: -1
[DEBUG] Edge function : psr::EdgeIdentity<psr::BinaryDomain> (result of previous compose)
[DEBUG] Join: psr::AllTop<psr::BinaryDomain> & psr::EdgeIdentity<psr::BinaryDomain> 
[DEBUG]     = psr::EdgeIdentity<psr::BinaryDomain> (new jump func)
[DEBUG]  
[DEBUG] Start adding new jump function
[DEBUG] Fact at source : @zero_value = constant i2 0, align 4 | ID: -1
[DEBUG] Fact at target : @zero_value = constant i2 0, align 4 | ID: -1
[DEBUG] Destination    : %lpad.val1 = insertvalue { i8*, i32 } %lpad.val, i32 %sel, 1, !psr.id !66 | ID: 62
[DEBUG] Edge Function  : psr::EdgeIdentity<psr::BinaryDomain>
[DEBUG] End adding new jump function
[DEBUG] -------------------------------------------- 159. Path Edge --------------------------------------------
[DEBUG]  
[DEBUG] Process 159. path edge:
[DEBUG] < D source: @zero_value = constant i2 0, align 4 | ID: -1 ;
[DEBUG]   N target: %lpad.val1 = insertvalue { i8*, i32 } %lpad.val, i32 %sel, 1, !psr.id !66 | ID: 62 ;
[DEBUG]   D target: @zero_value = constant i2 0, align 4 | ID: -1 >
[DEBUG]  
[DEBUG] Process normal at target: %lpad.val1 = insertvalue { i8*, i32 } %lpad.val, i32 %sel, 1, !psr.id !66 | ID: 62
[DEBUG] JumpFunctions Forward-Lookup:
[DEBUG]    Source D: @zero_value = constant i2 0, align 4 | ID: -1
[DEBUG]    Target N: %lpad.val1 = insertvalue { i8*, i32 } %lpad.val, i32 %sel, 1, !psr.id !66 | ID: 62
[DEBUG]    Target D: @zero_value = constant i2 0, align 4 | ID: -1
[DEBUG]   => EdgeFn: psr::EdgeIdentity<psr::BinaryDomain>
[DEBUG] Normal flow function factory call
[DEBUG] (N) Curr Inst : %lpad.val1 = insertvalue { i8*, i32 } %lpad.val, i32 %sel, 1, !psr.id !66 | ID: 62
[DEBUG] (N) Succ Inst : resume { i8*, i32 } %lpad.val1, !psr.id !67 | ID: 63
[DEBUG] Flow function fetched from cache
[DEBUG] Normal edge function factory call
[DEBUG] (N) Curr Inst : %lpad.val1 = insertvalue { i8*, i32 } %lpad.val, i32 %sel, 1, !psr.id !66 | ID: 62
[DEBUG] (D) Curr Node : @zero_value = constant i2 0, align 4 | ID: -1
[DEBUG] (N) Succ Inst : resume { i8*, i32 } %lpad.val1, !psr.id !67 | ID: 63
[DEBUG] (D) Succ Node : @zero_value = constant i2 0, align 4 | ID: -1
[DEBUG] Edge function constructed
[DEBUG] Provide Edge Function: psr::EdgeIdentity<psr::BinaryDomain>
[DEBUG] Queried Normal Edge Function: psr::EdgeIdentity<psr::BinaryDomain>
[DEBUG] Compose: psr::EdgeIdentity<psr::BinaryDomain> * psr::EdgeIdentity<psr::BinaryDomain> = psr::EdgeIdentity<psr::BinaryDomain>
[DEBUG] Propagate flow
[DEBUG] Source value  : @zero_value = constant i2 0, align 4 | ID: -1
[DEBUG] Target        : resume { i8*, i32 } %lpad.val1, !psr.id !67 | ID: 63
[DEBUG] Target value  : @zero_value = constant i2 0, align 4 | ID: -1
[DEBUG] Edge function : psr::EdgeIdentity<psr::BinaryDomain> (result of previous compose)
[DEBUG] Join: psr::AllTop<psr::BinaryDomain> & psr::EdgeIdentity<psr::BinaryDomain> 
[DEBUG]     = psr::EdgeIdentity<psr::BinaryDomain> (new jump func)
[DEBUG]  
[DEBUG] Start adding new jump function
[DEBUG] Fact at source : @zero_value = constant i2 0, align 4 | ID: -1
[DEBUG] Fact at target : @zero_value = constant i2 0, align 4 | ID: -1
[DEBUG] Destination    : resume { i8*, i32 } %lpad.val1, !psr.id !67 | ID: 63
[DEBUG] Edge Function  : psr::EdgeIdentity<psr::BinaryDomain>
[DEBUG] End adding new jump function
[DEBUG] -------------------------------------------- 160. Path Edge --------------------------------------------
[DEBUG]  
[DEBUG] Process 160. path edge:
[DEBUG] < D source: @zero_value = constant i2 0, align 4 | ID: -1 ;
[DEBUG]   N target: resume { i8*, i32 } %lpad.val1, !psr.id !67 | ID: 63 ;
[DEBUG]   D target: @zero_value = constant i2 0, align 4 | ID: -1 >
[DEBUG]  
[DEBUG] Call-to-Return flow function factory call
[DEBUG] (N) Call Site : call void @_Z11source_funcB5cxx11v(%"class.std::__cxx11::basic_string"* sret(%"class.std::__cxx11::basic_string") align 8 %conspicuous_x), !psr.id !50 | ID: 46
[DEBUG] (N) Ret Site  : invoke void @_ZNSt7__cxx1112basic_stringIcSt11char_traitsIcESaIcEEC1ERKS4_(%"class.std::__cxx11::basic_string"* noundef nonnull align 8 dereferenceable(32) %agg.tmp, %"class.std::__cxx11::basic_string"* noundef nonnull align 8 dereferenceable(32) %conspicuous_x)
          to label %invoke.cont unwind label %lpad, !psr.id !51 | ID: 47
[DEBUG] (F) Callee's  : 
[DEBUG]   _Z11source_funcB5cxx11v
[DEBUG] Flow function fetched from cache
[DEBUG] Call-to-Return edge function factory call
[DEBUG] (N) Call Site : call void @_Z11source_funcB5cxx11v(%"class.std::__cxx11::basic_string"* sret(%"class.std::__cxx11::basic_string") align 8 %conspicuous_x), !psr.id !50 | ID: 46
[DEBUG] (D) Call Node : @zero_value = constant i2 0, align 4 | ID: -1
[DEBUG] (N) Ret Site  : invoke void @_ZNSt7__cxx1112basic_stringIcSt11char_traitsIcESaIcEEC1ERKS4_(%"class.std::__cxx11::basic_string"* noundef nonnull align 8 dereferenceable(32) %agg.tmp, %"class.std::__cxx11::basic_string"* noundef nonnull align 8 dereferenceable(32) %conspicuous_x)
          to label %invoke.cont unwind label %lpad, !psr.id !51 | ID: 47
[DEBUG] (D) Ret Node  : call void @_Z11source_funcB5cxx11v(%"class.std::__cxx11::basic_string"* sret(%"class.std::__cxx11::basic_string") align 8 %conspicuous_x), !psr.id !50 | ID: 46
[DEBUG] (F) Callee's  : 
[DEBUG]   _Z11source_funcB5cxx11v
[DEBUG] Edge function constructed
[DEBUG] Provide Edge Function: psr::EdgeIdentity<psr::BinaryDomain>
[DEBUG] Queried Call-to-Return Edge Function: psr::EdgeIdentity<psr::BinaryDomain>
[DEBUG] Compose: psr::EdgeIdentity<psr::BinaryDomain> * psr::EdgeIdentity<psr::BinaryDomain> = psr::EdgeIdentity<psr::BinaryDomain>
[DEBUG] Propagate flow
[DEBUG] Source value  : @zero_value = constant i2 0, align 4 | ID: -1
[DEBUG] Target        : invoke void @_ZNSt7__cxx1112basic_stringIcSt11char_traitsIcESaIcEEC1ERKS4_(%"class.std::__cxx11::basic_string"* noundef nonnull align 8 dereferenceable(32) %agg.tmp, %"class.std::__cxx11::basic_string"* noundef nonnull align 8 dereferenceable(32) %conspicuous_x)
          to label %invoke.cont unwind label %lpad, !psr.id !51 | ID: 47
[DEBUG] Target value  : call void @_Z11source_funcB5cxx11v(%"class.std::__cxx11::basic_string"* sret(%"class.std::__cxx11::basic_string") align 8 %conspicuous_x), !psr.id !50 | ID: 46
[DEBUG] Edge function : psr::EdgeIdentity<psr::BinaryDomain> (result of previous compose)
[DEBUG] Join: psr::AllTop<psr::BinaryDomain> & psr::EdgeIdentity<psr::BinaryDomain> 
[DEBUG]     = psr::EdgeIdentity<psr::BinaryDomain> (new jump func)
[DEBUG]  
[DEBUG] Start adding new jump function
[DEBUG] Fact at source : @zero_value = constant i2 0, align 4 | ID: -1
[DEBUG] Fact at target : call void @_Z11source_funcB5cxx11v(%"class.std::__cxx11::basic_string"* sret(%"class.std::__cxx11::basic_string") align 8 %conspicuous_x), !psr.id !50 | ID: 46
[DEBUG] Destination    : invoke void @_ZNSt7__cxx1112basic_stringIcSt11char_traitsIcESaIcEEC1ERKS4_(%"class.std::__cxx11::basic_string"* noundef nonnull align 8 dereferenceable(32) %agg.tmp, %"class.std::__cxx11::basic_string"* noundef nonnull align 8 dereferenceable(32) %conspicuous_x)
          to label %invoke.cont unwind label %lpad, !psr.id !51 | ID: 47
[DEBUG] Edge Function  : psr::EdgeIdentity<psr::BinaryDomain>
[DEBUG] End adding new jump function
[DEBUG] -------------------------------------------- 161. Path Edge --------------------------------------------
[DEBUG]  
[DEBUG] Process 161. path edge:
[DEBUG] < D source: @zero_value = constant i2 0, align 4 | ID: -1 ;
[DEBUG]   N target: invoke void @_ZNSt7__cxx1112basic_stringIcSt11char_traitsIcESaIcEEC1ERKS4_(%"class.std::__cxx11::basic_string"* noundef nonnull align 8 dereferenceable(32) %agg.tmp, %"class.std::__cxx11::basic_string"* noundef nonnull align 8 dereferenceable(32) %conspicuous_x)
          to label %invoke.cont unwind label %lpad, !psr.id !51 | ID: 47 ;
[DEBUG]   D target: call void @_Z11source_funcB5cxx11v(%"class.std::__cxx11::basic_string"* sret(%"class.std::__cxx11::basic_string") align 8 %conspicuous_x), !psr.id !50 | ID: 46 >
[DEBUG]  
[DEBUG] Process call at target: invoke void @_ZNSt7__cxx1112basic_stringIcSt11char_traitsIcESaIcEEC1ERKS4_(%"class.std::__cxx11::basic_string"* noundef nonnull align 8 dereferenceable(32) %agg.tmp, %"class.std::__cxx11::basic_string"* noundef nonnull align 8 dereferenceable(32) %conspicuous_x)
          to label %invoke.cont unwind label %lpad, !psr.id !51 | ID: 47
[DEBUG] JumpFunctions Forward-Lookup:
[DEBUG]    Source D: @zero_value = constant i2 0, align 4 | ID: -1
[DEBUG]    Target N: invoke void @_ZNSt7__cxx1112basic_stringIcSt11char_traitsIcESaIcEEC1ERKS4_(%"class.std::__cxx11::basic_string"* noundef nonnull align 8 dereferenceable(32) %agg.tmp, %"class.std::__cxx11::basic_string"* noundef nonnull align 8 dereferenceable(32) %conspicuous_x)
          to label %invoke.cont unwind label %lpad, !psr.id !51 | ID: 47
[DEBUG]    Target D: call void @_Z11source_funcB5cxx11v(%"class.std::__cxx11::basic_string"* sret(%"class.std::__cxx11::basic_string") align 8 %conspicuous_x), !psr.id !50 | ID: 46
[DEBUG]   => EdgeFn: psr::EdgeIdentity<psr::BinaryDomain>
[DEBUG] Possible callees:
[DEBUG]   _ZNSt7__cxx1112basic_stringIcSt11char_traitsIcESaIcEEC1ERKS4_
[DEBUG] Possible return sites:
[DEBUG]   call void @_Z9sink_funcNSt7__cxx1112basic_stringIcSt11char_traitsIcESaIcEEE(%"class.std::__cxx11::basic_string"* noundef %agg.tmp), !psr.id !52 | ID: 48
[DEBUG]   %0 = landingpad { i8*, i32 }
          cleanup, !psr.id !56 | ID: 52
[DEBUG] Summary flow function factory call
[DEBUG] (N) Call Stmt : invoke void @_ZNSt7__cxx1112basic_stringIcSt11char_traitsIcESaIcEEC1ERKS4_(%"class.std::__cxx11::basic_string"* noundef nonnull align 8 dereferenceable(32) %agg.tmp, %"class.std::__cxx11::basic_string"* noundef nonnull align 8 dereferenceable(32) %conspicuous_x)
          to label %invoke.cont unwind label %lpad, !psr.id !51 | ID: 47
[DEBUG] (F) Dest Mthd : _ZNSt7__cxx1112basic_stringIcSt11char_traitsIcESaIcEEC1ERKS4_
[DEBUG]  
[DEBUG] Call flow function factory call
[DEBUG] (N) Call Stmt : invoke void @_ZNSt7__cxx1112basic_stringIcSt11char_traitsIcESaIcEEC1ERKS4_(%"class.std::__cxx11::basic_string"* noundef nonnull align 8 dereferenceable(32) %agg.tmp, %"class.std::__cxx11::basic_string"* noundef nonnull align 8 dereferenceable(32) %conspicuous_x)
          to label %invoke.cont unwind label %lpad, !psr.id !51 | ID: 47
[DEBUG] (F) Dest Fun : _ZNSt7__cxx1112basic_stringIcSt11char_traitsIcESaIcEEC1ERKS4_
[DEBUG] Flow function fetched from cache
[DEBUG] Start points of '_ZNSt7__cxx1112basic_stringIcSt11char_traitsIcESaIcEEC1ERKS4_' currently not available!
[DEBUG] Call-to-Return flow function factory call
[DEBUG] (N) Call Site : invoke void @_ZNSt7__cxx1112basic_stringIcSt11char_traitsIcESaIcEEC1ERKS4_(%"class.std::__cxx11::basic_string"* noundef nonnull align 8 dereferenceable(32) %agg.tmp, %"class.std::__cxx11::basic_string"* noundef nonnull align 8 dereferenceable(32) %conspicuous_x)
          to label %invoke.cont unwind label %lpad, !psr.id !51 | ID: 47
[DEBUG] (N) Ret Site  : call void @_Z9sink_funcNSt7__cxx1112basic_stringIcSt11char_traitsIcESaIcEEE(%"class.std::__cxx11::basic_string"* noundef %agg.tmp), !psr.id !52 | ID: 48
[DEBUG] (F) Callee's  : 
[DEBUG]   _ZNSt7__cxx1112basic_stringIcSt11char_traitsIcESaIcEEC1ERKS4_
[DEBUG] Flow function fetched from cache
[DEBUG] Call-to-Return edge function factory call
[DEBUG] (N) Call Site : invoke void @_ZNSt7__cxx1112basic_stringIcSt11char_traitsIcESaIcEEC1ERKS4_(%"class.std::__cxx11::basic_string"* noundef nonnull align 8 dereferenceable(32) %agg.tmp, %"class.std::__cxx11::basic_string"* noundef nonnull align 8 dereferenceable(32) %conspicuous_x)
          to label %invoke.cont unwind label %lpad, !psr.id !51 | ID: 47
[DEBUG] (D) Call Node : call void @_Z11source_funcB5cxx11v(%"class.std::__cxx11::basic_string"* sret(%"class.std::__cxx11::basic_string") align 8 %conspicuous_x), !psr.id !50 | ID: 46
[DEBUG] (N) Ret Site  : call void @_Z9sink_funcNSt7__cxx1112basic_stringIcSt11char_traitsIcESaIcEEE(%"class.std::__cxx11::basic_string"* noundef %agg.tmp), !psr.id !52 | ID: 48
[DEBUG] (D) Ret Node  : call void @_Z11source_funcB5cxx11v(%"class.std::__cxx11::basic_string"* sret(%"class.std::__cxx11::basic_string") align 8 %conspicuous_x), !psr.id !50 | ID: 46
[DEBUG] (F) Callee's  : 
[DEBUG]   _ZNSt7__cxx1112basic_stringIcSt11char_traitsIcESaIcEEC1ERKS4_
[DEBUG] Edge function constructed
[DEBUG] Provide Edge Function: psr::EdgeIdentity<psr::BinaryDomain>
[DEBUG] Queried Call-to-Return Edge Function: psr::EdgeIdentity<psr::BinaryDomain>
[DEBUG] Compose: psr::EdgeIdentity<psr::BinaryDomain> * psr::EdgeIdentity<psr::BinaryDomain> = psr::EdgeIdentity<psr::BinaryDomain>
[DEBUG] Propagate flow
[DEBUG] Source value  : @zero_value = constant i2 0, align 4 | ID: -1
[DEBUG] Target        : call void @_Z9sink_funcNSt7__cxx1112basic_stringIcSt11char_traitsIcESaIcEEE(%"class.std::__cxx11::basic_string"* noundef %agg.tmp), !psr.id !52 | ID: 48
[DEBUG] Target value  : call void @_Z11source_funcB5cxx11v(%"class.std::__cxx11::basic_string"* sret(%"class.std::__cxx11::basic_string") align 8 %conspicuous_x), !psr.id !50 | ID: 46
[DEBUG] Edge function : psr::EdgeIdentity<psr::BinaryDomain> (result of previous compose)
[DEBUG] Join: psr::AllTop<psr::BinaryDomain> & psr::EdgeIdentity<psr::BinaryDomain> 
[DEBUG]     = psr::EdgeIdentity<psr::BinaryDomain> (new jump func)
[DEBUG]  
[DEBUG] Start adding new jump function
[DEBUG] Fact at source : @zero_value = constant i2 0, align 4 | ID: -1
[DEBUG] Fact at target : call void @_Z11source_funcB5cxx11v(%"class.std::__cxx11::basic_string"* sret(%"class.std::__cxx11::basic_string") align 8 %conspicuous_x), !psr.id !50 | ID: 46
[DEBUG] Destination    : call void @_Z9sink_funcNSt7__cxx1112basic_stringIcSt11char_traitsIcESaIcEEE(%"class.std::__cxx11::basic_string"* noundef %agg.tmp), !psr.id !52 | ID: 48
[DEBUG] Edge Function  : psr::EdgeIdentity<psr::BinaryDomain>
[DEBUG] End adding new jump function
[DEBUG] -------------------------------------------- 162. Path Edge --------------------------------------------
[DEBUG]  
[DEBUG] Process 162. path edge:
[DEBUG] < D source: @zero_value = constant i2 0, align 4 | ID: -1 ;
[DEBUG]   N target: call void @_Z9sink_funcNSt7__cxx1112basic_stringIcSt11char_traitsIcESaIcEEE(%"class.std::__cxx11::basic_string"* noundef %agg.tmp), !psr.id !52 | ID: 48 ;
[DEBUG]   D target: call void @_Z11source_funcB5cxx11v(%"class.std::__cxx11::basic_string"* sret(%"class.std::__cxx11::basic_string") align 8 %conspicuous_x), !psr.id !50 | ID: 46 >
[DEBUG]  
[DEBUG] Process call at target: call void @_Z9sink_funcNSt7__cxx1112basic_stringIcSt11char_traitsIcESaIcEEE(%"class.std::__cxx11::basic_string"* noundef %agg.tmp), !psr.id !52 | ID: 48
[DEBUG] JumpFunctions Forward-Lookup:
[DEBUG]    Source D: @zero_value = constant i2 0, align 4 | ID: -1
[DEBUG]    Target N: call void @_Z9sink_funcNSt7__cxx1112basic_stringIcSt11char_traitsIcESaIcEEE(%"class.std::__cxx11::basic_string"* noundef %agg.tmp), !psr.id !52 | ID: 48
[DEBUG]    Target D: call void @_Z11source_funcB5cxx11v(%"class.std::__cxx11::basic_string"* sret(%"class.std::__cxx11::basic_string") align 8 %conspicuous_x), !psr.id !50 | ID: 46
[DEBUG]   => EdgeFn: psr::EdgeIdentity<psr::BinaryDomain>
[DEBUG] Possible callees:
[DEBUG]   _Z9sink_funcNSt7__cxx1112basic_stringIcSt11char_traitsIcESaIcEEE
[DEBUG] Possible return sites:
[DEBUG]   call void @_ZNSt7__cxx1112basic_stringIcSt11char_traitsIcESaIcEED1Ev(%"class.std::__cxx11::basic_string"* noundef nonnull align 8 dereferenceable(32) %agg.tmp) #6, !psr.id !53 | ID: 49
[DEBUG] Summary flow function factory call
[DEBUG] (N) Call Stmt : call void @_Z9sink_funcNSt7__cxx1112basic_stringIcSt11char_traitsIcESaIcEEE(%"class.std::__cxx11::basic_string"* noundef %agg.tmp), !psr.id !52 | ID: 48
[DEBUG] (F) Dest Mthd : _Z9sink_funcNSt7__cxx1112basic_stringIcSt11char_traitsIcESaIcEEE
[DEBUG]  
[DEBUG] Call flow function factory call
[DEBUG] (N) Call Stmt : call void @_Z9sink_funcNSt7__cxx1112basic_stringIcSt11char_traitsIcESaIcEEE(%"class.std::__cxx11::basic_string"* noundef %agg.tmp), !psr.id !52 | ID: 48
[DEBUG] (F) Dest Fun : _Z9sink_funcNSt7__cxx1112basic_stringIcSt11char_traitsIcESaIcEEE
[DEBUG] Flow function fetched from cache
[DEBUG] Create initial self-loop with D: call void @_Z11source_funcB5cxx11v(%"class.std::__cxx11::basic_string"* sret(%"class.std::__cxx11::basic_string") align 8 %conspicuous_x), !psr.id !50 | ID: 46
[DEBUG] Propagate flow
[DEBUG] Source value  : call void @_Z11source_funcB5cxx11v(%"class.std::__cxx11::basic_string"* sret(%"class.std::__cxx11::basic_string") align 8 %conspicuous_x), !psr.id !50 | ID: 46
[DEBUG] Target        : ret void, !psr.id !41 | ID: 37
[DEBUG] Target value  : call void @_Z11source_funcB5cxx11v(%"class.std::__cxx11::basic_string"* sret(%"class.std::__cxx11::basic_string") align 8 %conspicuous_x), !psr.id !50 | ID: 46
[DEBUG] Edge function : psr::EdgeIdentity<psr::BinaryDomain> (result of previous compose)
[DEBUG] Join: psr::AllTop<psr::BinaryDomain> & psr::EdgeIdentity<psr::BinaryDomain> 
[DEBUG]     = psr::EdgeIdentity<psr::BinaryDomain> (new jump func)
[DEBUG]  
[DEBUG] Start adding new jump function
[DEBUG] Fact at source : call void @_Z11source_funcB5cxx11v(%"class.std::__cxx11::basic_string"* sret(%"class.std::__cxx11::basic_string") align 8 %conspicuous_x), !psr.id !50 | ID: 46
[DEBUG] Fact at target : call void @_Z11source_funcB5cxx11v(%"class.std::__cxx11::basic_string"* sret(%"class.std::__cxx11::basic_string") align 8 %conspicuous_x), !psr.id !50 | ID: 46
[DEBUG] Destination    : ret void, !psr.id !41 | ID: 37
[DEBUG] Edge Function  : psr::EdgeIdentity<psr::BinaryDomain>
[DEBUG] End adding new jump function
[DEBUG] -------------------------------------------- 163. Path Edge --------------------------------------------
[DEBUG]  
[DEBUG] Process 163. path edge:
[DEBUG] < D source: call void @_Z11source_funcB5cxx11v(%"class.std::__cxx11::basic_string"* sret(%"class.std::__cxx11::basic_string") align 8 %conspicuous_x), !psr.id !50 | ID: 46 ;
[DEBUG]   N target: ret void, !psr.id !41 | ID: 37 ;
[DEBUG]   D target: call void @_Z11source_funcB5cxx11v(%"class.std::__cxx11::basic_string"* sret(%"class.std::__cxx11::basic_string") align 8 %conspicuous_x), !psr.id !50 | ID: 46 >
[DEBUG]  
[DEBUG] Process exit at target: ret void, !psr.id !41 | ID: 37
[DEBUG] JumpFunctions Forward-Lookup:
[DEBUG]    Source D: call void @_Z11source_funcB5cxx11v(%"class.std::__cxx11::basic_string"* sret(%"class.std::__cxx11::basic_string") align 8 %conspicuous_x), !psr.id !50 | ID: 46
[DEBUG]    Target N: ret void, !psr.id !41 | ID: 37
[DEBUG]    Target D: call void @_Z11source_funcB5cxx11v(%"class.std::__cxx11::basic_string"* sret(%"class.std::__cxx11::basic_string") align 8 %conspicuous_x), !psr.id !50 | ID: 46
[DEBUG]   => EdgeFn: psr::EdgeIdentity<psr::BinaryDomain>
[DEBUG] Start of endsummarytab entry
[DEBUG] sP: %this.addr.i6 = alloca %"class.std::__new_allocator"*, align 8, !psr.id !5 | ID: 1
[DEBUG] d1: @zero_value = constant i2 0, align 4 | ID: -1
[DEBUG]   eP: ret void, !psr.id !25 | ID: 21
[DEBUG]   d2: @zero_value = constant i2 0, align 4 | ID: -1
[DEBUG]   EF: psr::EdgeIdentity<psr::BinaryDomain>
[DEBUG] ---------------
[DEBUG] sP: %this.addr = alloca %"class.std::__new_allocator"*, align 8, !psr.id !68 | ID: 64
[DEBUG] d1: @zero_value = constant i2 0, align 4 | ID: -1
[DEBUG]   eP: ret void, !psr.id !71 | ID: 67
[DEBUG]   d2: @zero_value = constant i2 0, align 4 | ID: -1
[DEBUG]   EF: psr::EdgeIdentity<psr::BinaryDomain>
[DEBUG] ---------------
[DEBUG] sP: %argc.addr = alloca i32, align 4, !psr.id !42 | ID: 38
[DEBUG] d1: @zero_value = constant i2 0, align 4 | ID: -1
[DEBUG]   eP: ret i32 0, !psr.id !55 | ID: 51
[DEBUG]   d2: @zero_value = constant i2 0, align 4 | ID: -1
[DEBUG]   EF: psr::EdgeIdentity<psr::BinaryDomain>
[DEBUG] ---------------
[DEBUG] sP: %argc.addr = alloca i32, align 4, !psr.id !42 | ID: 38
[DEBUG] d1: i8** %argv | ID: main.1
[DEBUG]   eP: ret i32 0, !psr.id !55 | ID: 51
[DEBUG]   d2: %argv.addr = alloca i8**, align 8, !psr.id !43 | ID: 39
[DEBUG]   EF: psr::EdgeIdentity<psr::BinaryDomain>
[DEBUG]   eP: ret i32 0, !psr.id !55 | ID: 51
[DEBUG]   d2: i8** %argv | ID: main.1
[DEBUG]   EF: psr::EdgeIdentity<psr::BinaryDomain>
[DEBUG] ---------------
[DEBUG] sP: %argc.addr = alloca i32, align 4, !psr.id !42 | ID: 38
[DEBUG] d1: i32 %argc | ID: main.0
[DEBUG]   eP: ret i32 0, !psr.id !55 | ID: 51
[DEBUG]   d2: %argc.addr = alloca i32, align 4, !psr.id !42 | ID: 38
[DEBUG]   EF: psr::EdgeIdentity<psr::BinaryDomain>
[DEBUG]   eP: ret i32 0, !psr.id !55 | ID: 51
[DEBUG]   d2: i32 %argc | ID: main.0
[DEBUG]   EF: psr::EdgeIdentity<psr::BinaryDomain>
[DEBUG] ---------------
[DEBUG] sP: ret void, !psr.id !41 | ID: 37
[DEBUG] d1: @zero_value = constant i2 0, align 4 | ID: -1
[DEBUG]   eP: ret void, !psr.id !41 | ID: 37
[DEBUG]   d2: @zero_value = constant i2 0, align 4 | ID: -1
[DEBUG]   EF: psr::EdgeIdentity<psr::BinaryDomain>
[DEBUG] ---------------
[DEBUG] sP: ret void, !psr.id !41 | ID: 37
[DEBUG] d1: call void @_Z11source_funcB5cxx11v(%"class.std::__cxx11::basic_string"* sret(%"class.std::__cxx11::basic_string") align 8 %conspicuous_x), !psr.id !50 | ID: 46
[DEBUG]   eP: ret void, !psr.id !41 | ID: 37
[DEBUG]   d2: call void @_Z11source_funcB5cxx11v(%"class.std::__cxx11::basic_string"* sret(%"class.std::__cxx11::basic_string") align 8 %conspicuous_x), !psr.id !50 | ID: 46
[DEBUG]   EF: psr::EdgeIdentity<psr::BinaryDomain>
[DEBUG] ---------------
[DEBUG] sP: ret void, !psr.id !41 | ID: 37
[DEBUG] d1: %argv.addr = alloca i8**, align 8, !psr.id !43 | ID: 39
[DEBUG]   eP: ret void, !psr.id !41 | ID: 37
[DEBUG]   d2: %argv.addr = alloca i8**, align 8, !psr.id !43 | ID: 39
[DEBUG]   EF: psr::EdgeIdentity<psr::BinaryDomain>
[DEBUG] ---------------
[DEBUG] sP: ret void, !psr.id !41 | ID: 37
[DEBUG] d1: i8** %argv | ID: main.1
[DEBUG]   eP: ret void, !psr.id !41 | ID: 37
[DEBUG]   d2: i8** %argv | ID: main.1
[DEBUG]   EF: psr::EdgeIdentity<psr::BinaryDomain>
[DEBUG] ---------------
[DEBUG] sP: ret void, !psr.id !41 | ID: 37
[DEBUG] d1: %argc.addr = alloca i32, align 4, !psr.id !42 | ID: 38
[DEBUG]   eP: ret void, !psr.id !41 | ID: 37
[DEBUG]   d2: %argc.addr = alloca i32, align 4, !psr.id !42 | ID: 38
[DEBUG]   EF: psr::EdgeIdentity<psr::BinaryDomain>
[DEBUG] ---------------
[DEBUG] sP: ret void, !psr.id !41 | ID: 37
[DEBUG] d1: i32 %argc | ID: main.0
[DEBUG]   eP: ret void, !psr.id !41 | ID: 37
[DEBUG]   d2: i32 %argc | ID: main.0
[DEBUG]   EF: psr::EdgeIdentity<psr::BinaryDomain>
[DEBUG] ---------------
[DEBUG] End of endsummarytab entry
[DEBUG] Start of incomingtab entry
[DEBUG] sP: %this.addr.i6 = alloca %"class.std::__new_allocator"*, align 8, !psr.id !5 | ID: 1
[DEBUG] d3: @zero_value = constant i2 0, align 4 | ID: -1
[DEBUG]   n: call void @_Z11source_funcB5cxx11v(%"class.std::__cxx11::basic_string"* sret(%"class.std::__cxx11::basic_string") align 8 %conspicuous_x), !psr.id !50 | ID: 46
[DEBUG]   d2: @zero_value = constant i2 0, align 4 | ID: -1
[DEBUG] ---------------
[DEBUG] sP: ret void, !psr.id !41 | ID: 37
[DEBUG] d3: i32 %argc | ID: main.0
[DEBUG]   n: call void @_Z9sink_funcNSt7__cxx1112basic_stringIcSt11char_traitsIcESaIcEEE(%"class.std::__cxx11::basic_string"* noundef %agg.tmp), !psr.id !52 | ID: 48
[DEBUG]   d2: i32 %argc | ID: main.0
[DEBUG] ---------------
[DEBUG] sP: ret void, !psr.id !41 | ID: 37
[DEBUG] d3: i8** %argv | ID: main.1
[DEBUG]   n: call void @_Z9sink_funcNSt7__cxx1112basic_stringIcSt11char_traitsIcESaIcEEE(%"class.std::__cxx11::basic_string"* noundef %agg.tmp), !psr.id !52 | ID: 48
[DEBUG]   d2: i8** %argv | ID: main.1
[DEBUG] ---------------
[DEBUG] sP: ret void, !psr.id !41 | ID: 37
[DEBUG] d3: %argc.addr = alloca i32, align 4, !psr.id !42 | ID: 38
[DEBUG]   n: call void @_Z9sink_funcNSt7__cxx1112basic_stringIcSt11char_traitsIcESaIcEEE(%"class.std::__cxx11::basic_string"* noundef %agg.tmp), !psr.id !52 | ID: 48
[DEBUG]   d2: %argc.addr = alloca i32, align 4, !psr.id !42 | ID: 38
[DEBUG] ---------------
[DEBUG] sP: ret void, !psr.id !41 | ID: 37
[DEBUG] d3: %argv.addr = alloca i8**, align 8, !psr.id !43 | ID: 39
[DEBUG]   n: call void @_Z9sink_funcNSt7__cxx1112basic_stringIcSt11char_traitsIcESaIcEEE(%"class.std::__cxx11::basic_string"* noundef %agg.tmp), !psr.id !52 | ID: 48
[DEBUG]   d2: %argv.addr = alloca i8**, align 8, !psr.id !43 | ID: 39
[DEBUG] ---------------
[DEBUG] sP: ret void, !psr.id !41 | ID: 37
[DEBUG] d3: call void @_Z11source_funcB5cxx11v(%"class.std::__cxx11::basic_string"* sret(%"class.std::__cxx11::basic_string") align 8 %conspicuous_x), !psr.id !50 | ID: 46
[DEBUG] ---------------
[DEBUG] sP: ret void, !psr.id !41 | ID: 37
[DEBUG] d3: @zero_value = constant i2 0, align 4 | ID: -1
[DEBUG]   n: call void @_Z9sink_funcNSt7__cxx1112basic_stringIcSt11char_traitsIcESaIcEEE(%"class.std::__cxx11::basic_string"* noundef %agg.tmp), !psr.id !52 | ID: 48
[DEBUG]   d2: @zero_value = constant i2 0, align 4 | ID: -1
[DEBUG] ---------------
[DEBUG] sP: %argc.addr = alloca i32, align 4, !psr.id !42 | ID: 38
[DEBUG] d3: i32 %argc | ID: main.0
[DEBUG] ---------------
[DEBUG] sP: %argc.addr = alloca i32, align 4, !psr.id !42 | ID: 38
[DEBUG] d3: i8** %argv | ID: main.1
[DEBUG] ---------------
[DEBUG] sP: %argc.addr = alloca i32, align 4, !psr.id !42 | ID: 38
[DEBUG] d3: @zero_value = constant i2 0, align 4 | ID: -1
[DEBUG] ---------------
[DEBUG] sP: %this.addr = alloca %"class.std::__new_allocator"*, align 8, !psr.id !68 | ID: 64
[DEBUG] d3: @zero_value = constant i2 0, align 4 | ID: -1
[DEBUG]   n: call void @_ZNSt15__new_allocatorIcED2Ev(%"class.std::__new_allocator"* noundef nonnull align 1 dereferenceable(1) %2) #6, !psr.id !24 | ID: 20
[DEBUG]   d2: @zero_value = constant i2 0, align 4 | ID: -1
[DEBUG]   n: call void @_ZNSt15__new_allocatorIcED2Ev(%"class.std::__new_allocator"* noundef nonnull align 1 dereferenceable(1) %6) #6, !psr.id !34 | ID: 30
[DEBUG]   d2: @zero_value = constant i2 0, align 4 | ID: -1
[DEBUG] ---------------
[DEBUG] End of incomingtab entry
[DEBUG] EDGE: <F: _Z9sink_funcNSt7__cxx1112basic_stringIcSt11char_traitsIcESaIcEEE, D: call void @_Z11source_funcB5cxx11v(%"class.std::__cxx11::basic_string"* sret(%"class.std::__cxx11::basic_string") align 8 %conspicuous_x), !psr.id !50 | ID: 46>
[DEBUG]  ---> <N: ret void, !psr.id !41 | ID: 37,
[DEBUG]        D: call void @_Z11source_funcB5cxx11v(%"class.std::__cxx11::basic_string"* sret(%"class.std::__cxx11::basic_string") align 8 %conspicuous_x), !psr.id !50 | ID: 46,
[DEBUG]       EF: psr::EdgeIdentity<psr::BinaryDomain>>
[DEBUG]  
[DEBUG] Return flow function factory call
[DEBUG] (N) Call Site : call void @_Z9sink_funcNSt7__cxx1112basic_stringIcSt11char_traitsIcESaIcEEE(%"class.std::__cxx11::basic_string"* noundef %agg.tmp), !psr.id !52 | ID: 48
[DEBUG] (F) Callee    : _Z9sink_funcNSt7__cxx1112basic_stringIcSt11char_traitsIcESaIcEEE
[DEBUG] (N) Exit Stmt : ret void, !psr.id !41 | ID: 37
[DEBUG] (N) Ret Site  : call void @_ZNSt7__cxx1112basic_stringIcSt11char_traitsIcESaIcEED1Ev(%"class.std::__cxx11::basic_string"* noundef nonnull align 8 dereferenceable(32) %agg.tmp) #6, !psr.id !53 | ID: 49
[DEBUG] Flow function fetched from cache
[DEBUG] Call-to-Return flow function factory call
[DEBUG] (N) Call Site : call void @_Z9sink_funcNSt7__cxx1112basic_stringIcSt11char_traitsIcESaIcEEE(%"class.std::__cxx11::basic_string"* noundef %agg.tmp), !psr.id !52 | ID: 48
[DEBUG] (N) Ret Site  : call void @_ZNSt7__cxx1112basic_stringIcSt11char_traitsIcESaIcEED1Ev(%"class.std::__cxx11::basic_string"* noundef nonnull align 8 dereferenceable(32) %agg.tmp) #6, !psr.id !53 | ID: 49
[DEBUG] (F) Callee's  : 
[DEBUG]   _Z9sink_funcNSt7__cxx1112basic_stringIcSt11char_traitsIcESaIcEEE
[DEBUG] Flow function fetched from cache
[DEBUG] Call-to-Return edge function factory call
[DEBUG] (N) Call Site : call void @_Z9sink_funcNSt7__cxx1112basic_stringIcSt11char_traitsIcESaIcEEE(%"class.std::__cxx11::basic_string"* noundef %agg.tmp), !psr.id !52 | ID: 48
[DEBUG] (D) Call Node : call void @_Z11source_funcB5cxx11v(%"class.std::__cxx11::basic_string"* sret(%"class.std::__cxx11::basic_string") align 8 %conspicuous_x), !psr.id !50 | ID: 46
[DEBUG] (N) Ret Site  : call void @_ZNSt7__cxx1112basic_stringIcSt11char_traitsIcESaIcEED1Ev(%"class.std::__cxx11::basic_string"* noundef nonnull align 8 dereferenceable(32) %agg.tmp) #6, !psr.id !53 | ID: 49
[DEBUG] (D) Ret Node  : call void @_Z11source_funcB5cxx11v(%"class.std::__cxx11::basic_string"* sret(%"class.std::__cxx11::basic_string") align 8 %conspicuous_x), !psr.id !50 | ID: 46
[DEBUG] (F) Callee's  : 
[DEBUG]   _Z9sink_funcNSt7__cxx1112basic_stringIcSt11char_traitsIcESaIcEEE
[DEBUG] Edge function constructed
[DEBUG] Provide Edge Function: psr::EdgeIdentity<psr::BinaryDomain>
[DEBUG] Queried Call-to-Return Edge Function: psr::EdgeIdentity<psr::BinaryDomain>
[DEBUG] Compose: psr::EdgeIdentity<psr::BinaryDomain> * psr::EdgeIdentity<psr::BinaryDomain> = psr::EdgeIdentity<psr::BinaryDomain>
[DEBUG] Propagate flow
[DEBUG] Source value  : @zero_value = constant i2 0, align 4 | ID: -1
[DEBUG] Target        : call void @_ZNSt7__cxx1112basic_stringIcSt11char_traitsIcESaIcEED1Ev(%"class.std::__cxx11::basic_string"* noundef nonnull align 8 dereferenceable(32) %agg.tmp) #6, !psr.id !53 | ID: 49
[DEBUG] Target value  : call void @_Z11source_funcB5cxx11v(%"class.std::__cxx11::basic_string"* sret(%"class.std::__cxx11::basic_string") align 8 %conspicuous_x), !psr.id !50 | ID: 46
[DEBUG] Edge function : psr::EdgeIdentity<psr::BinaryDomain> (result of previous compose)
[DEBUG] Join: psr::AllTop<psr::BinaryDomain> & psr::EdgeIdentity<psr::BinaryDomain> 
[DEBUG]     = psr::EdgeIdentity<psr::BinaryDomain> (new jump func)
[DEBUG]  
[DEBUG] Start adding new jump function
[DEBUG] Fact at source : @zero_value = constant i2 0, align 4 | ID: -1
[DEBUG] Fact at target : call void @_Z11source_funcB5cxx11v(%"class.std::__cxx11::basic_string"* sret(%"class.std::__cxx11::basic_string") align 8 %conspicuous_x), !psr.id !50 | ID: 46
[DEBUG] Destination    : call void @_ZNSt7__cxx1112basic_stringIcSt11char_traitsIcESaIcEED1Ev(%"class.std::__cxx11::basic_string"* noundef nonnull align 8 dereferenceable(32) %agg.tmp) #6, !psr.id !53 | ID: 49
[DEBUG] Edge Function  : psr::EdgeIdentity<psr::BinaryDomain>
[DEBUG] End adding new jump function
[DEBUG] -------------------------------------------- 164. Path Edge --------------------------------------------
[DEBUG]  
[DEBUG] Process 164. path edge:
[DEBUG] < D source: @zero_value = constant i2 0, align 4 | ID: -1 ;
[DEBUG]   N target: call void @_ZNSt7__cxx1112basic_stringIcSt11char_traitsIcESaIcEED1Ev(%"class.std::__cxx11::basic_string"* noundef nonnull align 8 dereferenceable(32) %agg.tmp) #6, !psr.id !53 | ID: 49 ;
[DEBUG]   D target: call void @_Z11source_funcB5cxx11v(%"class.std::__cxx11::basic_string"* sret(%"class.std::__cxx11::basic_string") align 8 %conspicuous_x), !psr.id !50 | ID: 46 >
[DEBUG]  
[DEBUG] Process call at target: call void @_ZNSt7__cxx1112basic_stringIcSt11char_traitsIcESaIcEED1Ev(%"class.std::__cxx11::basic_string"* noundef nonnull align 8 dereferenceable(32) %agg.tmp) #6, !psr.id !53 | ID: 49
[DEBUG] JumpFunctions Forward-Lookup:
[DEBUG]    Source D: @zero_value = constant i2 0, align 4 | ID: -1
[DEBUG]    Target N: call void @_ZNSt7__cxx1112basic_stringIcSt11char_traitsIcESaIcEED1Ev(%"class.std::__cxx11::basic_string"* noundef nonnull align 8 dereferenceable(32) %agg.tmp) #6, !psr.id !53 | ID: 49
[DEBUG]    Target D: call void @_Z11source_funcB5cxx11v(%"class.std::__cxx11::basic_string"* sret(%"class.std::__cxx11::basic_string") align 8 %conspicuous_x), !psr.id !50 | ID: 46
[DEBUG]   => EdgeFn: psr::EdgeIdentity<psr::BinaryDomain>
[DEBUG] Possible callees:
[DEBUG]   _ZNSt7__cxx1112basic_stringIcSt11char_traitsIcESaIcEED1Ev
[DEBUG] Possible return sites:
[DEBUG]   call void @_ZNSt7__cxx1112basic_stringIcSt11char_traitsIcESaIcEED1Ev(%"class.std::__cxx11::basic_string"* noundef nonnull align 8 dereferenceable(32) %conspicuous_x) #6, !psr.id !54 | ID: 50
[DEBUG] Summary flow function factory call
[DEBUG] (N) Call Stmt : call void @_ZNSt7__cxx1112basic_stringIcSt11char_traitsIcESaIcEED1Ev(%"class.std::__cxx11::basic_string"* noundef nonnull align 8 dereferenceable(32) %agg.tmp) #6, !psr.id !53 | ID: 49
[DEBUG] (F) Dest Mthd : _ZNSt7__cxx1112basic_stringIcSt11char_traitsIcESaIcEED1Ev
[DEBUG]  
[DEBUG] Call flow function factory call
[DEBUG] (N) Call Stmt : call void @_ZNSt7__cxx1112basic_stringIcSt11char_traitsIcESaIcEED1Ev(%"class.std::__cxx11::basic_string"* noundef nonnull align 8 dereferenceable(32) %agg.tmp) #6, !psr.id !53 | ID: 49
[DEBUG] (F) Dest Fun : _ZNSt7__cxx1112basic_stringIcSt11char_traitsIcESaIcEED1Ev
[DEBUG] Flow function fetched from cache
[DEBUG] Start points of '_ZNSt7__cxx1112basic_stringIcSt11char_traitsIcESaIcEED1Ev' currently not available!
[DEBUG] Call-to-Return flow function factory call
[DEBUG] (N) Call Site : call void @_ZNSt7__cxx1112basic_stringIcSt11char_traitsIcESaIcEED1Ev(%"class.std::__cxx11::basic_string"* noundef nonnull align 8 dereferenceable(32) %agg.tmp) #6, !psr.id !53 | ID: 49
[DEBUG] (N) Ret Site  : call void @_ZNSt7__cxx1112basic_stringIcSt11char_traitsIcESaIcEED1Ev(%"class.std::__cxx11::basic_string"* noundef nonnull align 8 dereferenceable(32) %conspicuous_x) #6, !psr.id !54 | ID: 50
[DEBUG] (F) Callee's  : 
[DEBUG]   _ZNSt7__cxx1112basic_stringIcSt11char_traitsIcESaIcEED1Ev
[DEBUG] Flow function fetched from cache
[DEBUG] Call-to-Return edge function factory call
[DEBUG] (N) Call Site : call void @_ZNSt7__cxx1112basic_stringIcSt11char_traitsIcESaIcEED1Ev(%"class.std::__cxx11::basic_string"* noundef nonnull align 8 dereferenceable(32) %agg.tmp) #6, !psr.id !53 | ID: 49
[DEBUG] (D) Call Node : call void @_Z11source_funcB5cxx11v(%"class.std::__cxx11::basic_string"* sret(%"class.std::__cxx11::basic_string") align 8 %conspicuous_x), !psr.id !50 | ID: 46
[DEBUG] (N) Ret Site  : call void @_ZNSt7__cxx1112basic_stringIcSt11char_traitsIcESaIcEED1Ev(%"class.std::__cxx11::basic_string"* noundef nonnull align 8 dereferenceable(32) %conspicuous_x) #6, !psr.id !54 | ID: 50
[DEBUG] (D) Ret Node  : call void @_Z11source_funcB5cxx11v(%"class.std::__cxx11::basic_string"* sret(%"class.std::__cxx11::basic_string") align 8 %conspicuous_x), !psr.id !50 | ID: 46
[DEBUG] (F) Callee's  : 
[DEBUG]   _ZNSt7__cxx1112basic_stringIcSt11char_traitsIcESaIcEED1Ev
[DEBUG] Edge function constructed
[DEBUG] Provide Edge Function: psr::EdgeIdentity<psr::BinaryDomain>
[DEBUG] Queried Call-to-Return Edge Function: psr::EdgeIdentity<psr::BinaryDomain>
[DEBUG] Compose: psr::EdgeIdentity<psr::BinaryDomain> * psr::EdgeIdentity<psr::BinaryDomain> = psr::EdgeIdentity<psr::BinaryDomain>
[DEBUG] Propagate flow
[DEBUG] Source value  : @zero_value = constant i2 0, align 4 | ID: -1
[DEBUG] Target        : call void @_ZNSt7__cxx1112basic_stringIcSt11char_traitsIcESaIcEED1Ev(%"class.std::__cxx11::basic_string"* noundef nonnull align 8 dereferenceable(32) %conspicuous_x) #6, !psr.id !54 | ID: 50
[DEBUG] Target value  : call void @_Z11source_funcB5cxx11v(%"class.std::__cxx11::basic_string"* sret(%"class.std::__cxx11::basic_string") align 8 %conspicuous_x), !psr.id !50 | ID: 46
[DEBUG] Edge function : psr::EdgeIdentity<psr::BinaryDomain> (result of previous compose)
[DEBUG] Join: psr::AllTop<psr::BinaryDomain> & psr::EdgeIdentity<psr::BinaryDomain> 
[DEBUG]     = psr::EdgeIdentity<psr::BinaryDomain> (new jump func)
[DEBUG]  
[DEBUG] Start adding new jump function
[DEBUG] Fact at source : @zero_value = constant i2 0, align 4 | ID: -1
[DEBUG] Fact at target : call void @_Z11source_funcB5cxx11v(%"class.std::__cxx11::basic_string"* sret(%"class.std::__cxx11::basic_string") align 8 %conspicuous_x), !psr.id !50 | ID: 46
[DEBUG] Destination    : call void @_ZNSt7__cxx1112basic_stringIcSt11char_traitsIcESaIcEED1Ev(%"class.std::__cxx11::basic_string"* noundef nonnull align 8 dereferenceable(32) %conspicuous_x) #6, !psr.id !54 | ID: 50
[DEBUG] Edge Function  : psr::EdgeIdentity<psr::BinaryDomain>
[DEBUG] End adding new jump function
[DEBUG] -------------------------------------------- 165. Path Edge --------------------------------------------
[DEBUG]  
[DEBUG] Process 165. path edge:
[DEBUG] < D source: @zero_value = constant i2 0, align 4 | ID: -1 ;
[DEBUG]   N target: call void @_ZNSt7__cxx1112basic_stringIcSt11char_traitsIcESaIcEED1Ev(%"class.std::__cxx11::basic_string"* noundef nonnull align 8 dereferenceable(32) %conspicuous_x) #6, !psr.id !54 | ID: 50 ;
[DEBUG]   D target: call void @_Z11source_funcB5cxx11v(%"class.std::__cxx11::basic_string"* sret(%"class.std::__cxx11::basic_string") align 8 %conspicuous_x), !psr.id !50 | ID: 46 >
[DEBUG]  
[DEBUG] Process call at target: call void @_ZNSt7__cxx1112basic_stringIcSt11char_traitsIcESaIcEED1Ev(%"class.std::__cxx11::basic_string"* noundef nonnull align 8 dereferenceable(32) %conspicuous_x) #6, !psr.id !54 | ID: 50
[DEBUG] JumpFunctions Forward-Lookup:
[DEBUG]    Source D: @zero_value = constant i2 0, align 4 | ID: -1
[DEBUG]    Target N: call void @_ZNSt7__cxx1112basic_stringIcSt11char_traitsIcESaIcEED1Ev(%"class.std::__cxx11::basic_string"* noundef nonnull align 8 dereferenceable(32) %conspicuous_x) #6, !psr.id !54 | ID: 50
[DEBUG]    Target D: call void @_Z11source_funcB5cxx11v(%"class.std::__cxx11::basic_string"* sret(%"class.std::__cxx11::basic_string") align 8 %conspicuous_x), !psr.id !50 | ID: 46
[DEBUG]   => EdgeFn: psr::EdgeIdentity<psr::BinaryDomain>
[DEBUG] Possible callees:
[DEBUG]   _ZNSt7__cxx1112basic_stringIcSt11char_traitsIcESaIcEED1Ev
[DEBUG] Possible return sites:
[DEBUG]   ret i32 0, !psr.id !55 | ID: 51
[DEBUG] Summary flow function factory call
[DEBUG] (N) Call Stmt : call void @_ZNSt7__cxx1112basic_stringIcSt11char_traitsIcESaIcEED1Ev(%"class.std::__cxx11::basic_string"* noundef nonnull align 8 dereferenceable(32) %conspicuous_x) #6, !psr.id !54 | ID: 50
[DEBUG] (F) Dest Mthd : _ZNSt7__cxx1112basic_stringIcSt11char_traitsIcESaIcEED1Ev
[DEBUG]  
[DEBUG] Call flow function factory call
[DEBUG] (N) Call Stmt : call void @_ZNSt7__cxx1112basic_stringIcSt11char_traitsIcESaIcEED1Ev(%"class.std::__cxx11::basic_string"* noundef nonnull align 8 dereferenceable(32) %conspicuous_x) #6, !psr.id !54 | ID: 50
[DEBUG] (F) Dest Fun : _ZNSt7__cxx1112basic_stringIcSt11char_traitsIcESaIcEED1Ev
[DEBUG] Flow function fetched from cache
[DEBUG] Start points of '_ZNSt7__cxx1112basic_stringIcSt11char_traitsIcESaIcEED1Ev' currently not available!
[DEBUG] Call-to-Return flow function factory call
[DEBUG] (N) Call Site : call void @_ZNSt7__cxx1112basic_stringIcSt11char_traitsIcESaIcEED1Ev(%"class.std::__cxx11::basic_string"* noundef nonnull align 8 dereferenceable(32) %conspicuous_x) #6, !psr.id !54 | ID: 50
[DEBUG] (N) Ret Site  : ret i32 0, !psr.id !55 | ID: 51
[DEBUG] (F) Callee's  : 
[DEBUG]   _ZNSt7__cxx1112basic_stringIcSt11char_traitsIcESaIcEED1Ev
[DEBUG] Flow function fetched from cache
[DEBUG] Call-to-Return edge function factory call
[DEBUG] (N) Call Site : call void @_ZNSt7__cxx1112basic_stringIcSt11char_traitsIcESaIcEED1Ev(%"class.std::__cxx11::basic_string"* noundef nonnull align 8 dereferenceable(32) %conspicuous_x) #6, !psr.id !54 | ID: 50
[DEBUG] (D) Call Node : call void @_Z11source_funcB5cxx11v(%"class.std::__cxx11::basic_string"* sret(%"class.std::__cxx11::basic_string") align 8 %conspicuous_x), !psr.id !50 | ID: 46
[DEBUG] (N) Ret Site  : ret i32 0, !psr.id !55 | ID: 51
[DEBUG] (D) Ret Node  : call void @_Z11source_funcB5cxx11v(%"class.std::__cxx11::basic_string"* sret(%"class.std::__cxx11::basic_string") align 8 %conspicuous_x), !psr.id !50 | ID: 46
[DEBUG] (F) Callee's  : 
[DEBUG]   _ZNSt7__cxx1112basic_stringIcSt11char_traitsIcESaIcEED1Ev
[DEBUG] Edge function constructed
[DEBUG] Provide Edge Function: psr::EdgeIdentity<psr::BinaryDomain>
[DEBUG] Queried Call-to-Return Edge Function: psr::EdgeIdentity<psr::BinaryDomain>
[DEBUG] Compose: psr::EdgeIdentity<psr::BinaryDomain> * psr::EdgeIdentity<psr::BinaryDomain> = psr::EdgeIdentity<psr::BinaryDomain>
[DEBUG] Propagate flow
[DEBUG] Source value  : @zero_value = constant i2 0, align 4 | ID: -1
[DEBUG] Target        : ret i32 0, !psr.id !55 | ID: 51
[DEBUG] Target value  : call void @_Z11source_funcB5cxx11v(%"class.std::__cxx11::basic_string"* sret(%"class.std::__cxx11::basic_string") align 8 %conspicuous_x), !psr.id !50 | ID: 46
[DEBUG] Edge function : psr::EdgeIdentity<psr::BinaryDomain> (result of previous compose)
[DEBUG] Join: psr::AllTop<psr::BinaryDomain> & psr::EdgeIdentity<psr::BinaryDomain> 
[DEBUG]     = psr::EdgeIdentity<psr::BinaryDomain> (new jump func)
[DEBUG]  
[DEBUG] Start adding new jump function
[DEBUG] Fact at source : @zero_value = constant i2 0, align 4 | ID: -1
[DEBUG] Fact at target : call void @_Z11source_funcB5cxx11v(%"class.std::__cxx11::basic_string"* sret(%"class.std::__cxx11::basic_string") align 8 %conspicuous_x), !psr.id !50 | ID: 46
[DEBUG] Destination    : ret i32 0, !psr.id !55 | ID: 51
[DEBUG] Edge Function  : psr::EdgeIdentity<psr::BinaryDomain>
[DEBUG] End adding new jump function
[DEBUG] -------------------------------------------- 166. Path Edge --------------------------------------------
[DEBUG]  
[DEBUG] Process 166. path edge:
[DEBUG] < D source: @zero_value = constant i2 0, align 4 | ID: -1 ;
[DEBUG]   N target: ret i32 0, !psr.id !55 | ID: 51 ;
[DEBUG]   D target: call void @_Z11source_funcB5cxx11v(%"class.std::__cxx11::basic_string"* sret(%"class.std::__cxx11::basic_string") align 8 %conspicuous_x), !psr.id !50 | ID: 46 >
[DEBUG]  
[DEBUG] Process exit at target: ret i32 0, !psr.id !55 | ID: 51
[DEBUG] JumpFunctions Forward-Lookup:
[DEBUG]    Source D: @zero_value = constant i2 0, align 4 | ID: -1
[DEBUG]    Target N: ret i32 0, !psr.id !55 | ID: 51
[DEBUG]    Target D: call void @_Z11source_funcB5cxx11v(%"class.std::__cxx11::basic_string"* sret(%"class.std::__cxx11::basic_string") align 8 %conspicuous_x), !psr.id !50 | ID: 46
[DEBUG]   => EdgeFn: psr::EdgeIdentity<psr::BinaryDomain>
[DEBUG] Start of endsummarytab entry
[DEBUG] sP: %this.addr.i6 = alloca %"class.std::__new_allocator"*, align 8, !psr.id !5 | ID: 1
[DEBUG] d1: @zero_value = constant i2 0, align 4 | ID: -1
[DEBUG]   eP: ret void, !psr.id !25 | ID: 21
[DEBUG]   d2: @zero_value = constant i2 0, align 4 | ID: -1
[DEBUG]   EF: psr::EdgeIdentity<psr::BinaryDomain>
[DEBUG] ---------------
[DEBUG] sP: %this.addr = alloca %"class.std::__new_allocator"*, align 8, !psr.id !68 | ID: 64
[DEBUG] d1: @zero_value = constant i2 0, align 4 | ID: -1
[DEBUG]   eP: ret void, !psr.id !71 | ID: 67
[DEBUG]   d2: @zero_value = constant i2 0, align 4 | ID: -1
[DEBUG]   EF: psr::EdgeIdentity<psr::BinaryDomain>
[DEBUG] ---------------
[DEBUG] sP: %argc.addr = alloca i32, align 4, !psr.id !42 | ID: 38
[DEBUG] d1: @zero_value = constant i2 0, align 4 | ID: -1
[DEBUG]   eP: ret i32 0, !psr.id !55 | ID: 51
[DEBUG]   d2: call void @_Z11source_funcB5cxx11v(%"class.std::__cxx11::basic_string"* sret(%"class.std::__cxx11::basic_string") align 8 %conspicuous_x), !psr.id !50 | ID: 46
[DEBUG]   EF: psr::EdgeIdentity<psr::BinaryDomain>
[DEBUG]   eP: ret i32 0, !psr.id !55 | ID: 51
[DEBUG]   d2: @zero_value = constant i2 0, align 4 | ID: -1
[DEBUG]   EF: psr::EdgeIdentity<psr::BinaryDomain>
[DEBUG] ---------------
[DEBUG] sP: %argc.addr = alloca i32, align 4, !psr.id !42 | ID: 38
[DEBUG] d1: i8** %argv | ID: main.1
[DEBUG]   eP: ret i32 0, !psr.id !55 | ID: 51
[DEBUG]   d2: %argv.addr = alloca i8**, align 8, !psr.id !43 | ID: 39
[DEBUG]   EF: psr::EdgeIdentity<psr::BinaryDomain>
[DEBUG]   eP: ret i32 0, !psr.id !55 | ID: 51
[DEBUG]   d2: i8** %argv | ID: main.1
[DEBUG]   EF: psr::EdgeIdentity<psr::BinaryDomain>
[DEBUG] ---------------
[DEBUG] sP: %argc.addr = alloca i32, align 4, !psr.id !42 | ID: 38
[DEBUG] d1: i32 %argc | ID: main.0
[DEBUG]   eP: ret i32 0, !psr.id !55 | ID: 51
[DEBUG]   d2: %argc.addr = alloca i32, align 4, !psr.id !42 | ID: 38
[DEBUG]   EF: psr::EdgeIdentity<psr::BinaryDomain>
[DEBUG]   eP: ret i32 0, !psr.id !55 | ID: 51
[DEBUG]   d2: i32 %argc | ID: main.0
[DEBUG]   EF: psr::EdgeIdentity<psr::BinaryDomain>
[DEBUG] ---------------
[DEBUG] sP: ret void, !psr.id !41 | ID: 37
[DEBUG] d1: @zero_value = constant i2 0, align 4 | ID: -1
[DEBUG]   eP: ret void, !psr.id !41 | ID: 37
[DEBUG]   d2: @zero_value = constant i2 0, align 4 | ID: -1
[DEBUG]   EF: psr::EdgeIdentity<psr::BinaryDomain>
[DEBUG] ---------------
[DEBUG] sP: ret void, !psr.id !41 | ID: 37
[DEBUG] d1: call void @_Z11source_funcB5cxx11v(%"class.std::__cxx11::basic_string"* sret(%"class.std::__cxx11::basic_string") align 8 %conspicuous_x), !psr.id !50 | ID: 46
[DEBUG]   eP: ret void, !psr.id !41 | ID: 37
[DEBUG]   d2: call void @_Z11source_funcB5cxx11v(%"class.std::__cxx11::basic_string"* sret(%"class.std::__cxx11::basic_string") align 8 %conspicuous_x), !psr.id !50 | ID: 46
[DEBUG]   EF: psr::EdgeIdentity<psr::BinaryDomain>
[DEBUG] ---------------
[DEBUG] sP: ret void, !psr.id !41 | ID: 37
[DEBUG] d1: %argv.addr = alloca i8**, align 8, !psr.id !43 | ID: 39
[DEBUG]   eP: ret void, !psr.id !41 | ID: 37
[DEBUG]   d2: %argv.addr = alloca i8**, align 8, !psr.id !43 | ID: 39
[DEBUG]   EF: psr::EdgeIdentity<psr::BinaryDomain>
[DEBUG] ---------------
[DEBUG] sP: ret void, !psr.id !41 | ID: 37
[DEBUG] d1: i8** %argv | ID: main.1
[DEBUG]   eP: ret void, !psr.id !41 | ID: 37
[DEBUG]   d2: i8** %argv | ID: main.1
[DEBUG]   EF: psr::EdgeIdentity<psr::BinaryDomain>
[DEBUG] ---------------
[DEBUG] sP: ret void, !psr.id !41 | ID: 37
[DEBUG] d1: %argc.addr = alloca i32, align 4, !psr.id !42 | ID: 38
[DEBUG]   eP: ret void, !psr.id !41 | ID: 37
[DEBUG]   d2: %argc.addr = alloca i32, align 4, !psr.id !42 | ID: 38
[DEBUG]   EF: psr::EdgeIdentity<psr::BinaryDomain>
[DEBUG] ---------------
[DEBUG] sP: ret void, !psr.id !41 | ID: 37
[DEBUG] d1: i32 %argc | ID: main.0
[DEBUG]   eP: ret void, !psr.id !41 | ID: 37
[DEBUG]   d2: i32 %argc | ID: main.0
[DEBUG]   EF: psr::EdgeIdentity<psr::BinaryDomain>
[DEBUG] ---------------
[DEBUG] End of endsummarytab entry
[DEBUG] Start of incomingtab entry
[DEBUG] sP: %this.addr.i6 = alloca %"class.std::__new_allocator"*, align 8, !psr.id !5 | ID: 1
[DEBUG] d3: @zero_value = constant i2 0, align 4 | ID: -1
[DEBUG]   n: call void @_Z11source_funcB5cxx11v(%"class.std::__cxx11::basic_string"* sret(%"class.std::__cxx11::basic_string") align 8 %conspicuous_x), !psr.id !50 | ID: 46
[DEBUG]   d2: @zero_value = constant i2 0, align 4 | ID: -1
[DEBUG] ---------------
[DEBUG] sP: ret void, !psr.id !41 | ID: 37
[DEBUG] d3: i32 %argc | ID: main.0
[DEBUG]   n: call void @_Z9sink_funcNSt7__cxx1112basic_stringIcSt11char_traitsIcESaIcEEE(%"class.std::__cxx11::basic_string"* noundef %agg.tmp), !psr.id !52 | ID: 48
[DEBUG]   d2: i32 %argc | ID: main.0
[DEBUG] ---------------
[DEBUG] sP: ret void, !psr.id !41 | ID: 37
[DEBUG] d3: i8** %argv | ID: main.1
[DEBUG]   n: call void @_Z9sink_funcNSt7__cxx1112basic_stringIcSt11char_traitsIcESaIcEEE(%"class.std::__cxx11::basic_string"* noundef %agg.tmp), !psr.id !52 | ID: 48
[DEBUG]   d2: i8** %argv | ID: main.1
[DEBUG] ---------------
[DEBUG] sP: ret void, !psr.id !41 | ID: 37
[DEBUG] d3: %argc.addr = alloca i32, align 4, !psr.id !42 | ID: 38
[DEBUG]   n: call void @_Z9sink_funcNSt7__cxx1112basic_stringIcSt11char_traitsIcESaIcEEE(%"class.std::__cxx11::basic_string"* noundef %agg.tmp), !psr.id !52 | ID: 48
[DEBUG]   d2: %argc.addr = alloca i32, align 4, !psr.id !42 | ID: 38
[DEBUG] ---------------
[DEBUG] sP: ret void, !psr.id !41 | ID: 37
[DEBUG] d3: %argv.addr = alloca i8**, align 8, !psr.id !43 | ID: 39
[DEBUG]   n: call void @_Z9sink_funcNSt7__cxx1112basic_stringIcSt11char_traitsIcESaIcEEE(%"class.std::__cxx11::basic_string"* noundef %agg.tmp), !psr.id !52 | ID: 48
[DEBUG]   d2: %argv.addr = alloca i8**, align 8, !psr.id !43 | ID: 39
[DEBUG] ---------------
[DEBUG] sP: ret void, !psr.id !41 | ID: 37
[DEBUG] d3: call void @_Z11source_funcB5cxx11v(%"class.std::__cxx11::basic_string"* sret(%"class.std::__cxx11::basic_string") align 8 %conspicuous_x), !psr.id !50 | ID: 46
[DEBUG]   n: call void @_Z9sink_funcNSt7__cxx1112basic_stringIcSt11char_traitsIcESaIcEEE(%"class.std::__cxx11::basic_string"* noundef %agg.tmp), !psr.id !52 | ID: 48
[DEBUG]   d2: call void @_Z11source_funcB5cxx11v(%"class.std::__cxx11::basic_string"* sret(%"class.std::__cxx11::basic_string") align 8 %conspicuous_x), !psr.id !50 | ID: 46
[DEBUG] ---------------
[DEBUG] sP: ret void, !psr.id !41 | ID: 37
[DEBUG] d3: @zero_value = constant i2 0, align 4 | ID: -1
[DEBUG]   n: call void @_Z9sink_funcNSt7__cxx1112basic_stringIcSt11char_traitsIcESaIcEEE(%"class.std::__cxx11::basic_string"* noundef %agg.tmp), !psr.id !52 | ID: 48
[DEBUG]   d2: @zero_value = constant i2 0, align 4 | ID: -1
[DEBUG] ---------------
[DEBUG] sP: %argc.addr = alloca i32, align 4, !psr.id !42 | ID: 38
[DEBUG] d3: i32 %argc | ID: main.0
[DEBUG] ---------------
[DEBUG] sP: %argc.addr = alloca i32, align 4, !psr.id !42 | ID: 38
[DEBUG] d3: i8** %argv | ID: main.1
[DEBUG] ---------------
[DEBUG] sP: %argc.addr = alloca i32, align 4, !psr.id !42 | ID: 38
[DEBUG] d3: @zero_value = constant i2 0, align 4 | ID: -1
[DEBUG] ---------------
[DEBUG] sP: %this.addr = alloca %"class.std::__new_allocator"*, align 8, !psr.id !68 | ID: 64
[DEBUG] d3: @zero_value = constant i2 0, align 4 | ID: -1
[DEBUG]   n: call void @_ZNSt15__new_allocatorIcED2Ev(%"class.std::__new_allocator"* noundef nonnull align 1 dereferenceable(1) %2) #6, !psr.id !24 | ID: 20
[DEBUG]   d2: @zero_value = constant i2 0, align 4 | ID: -1
[DEBUG]   n: call void @_ZNSt15__new_allocatorIcED2Ev(%"class.std::__new_allocator"* noundef nonnull align 1 dereferenceable(1) %6) #6, !psr.id !34 | ID: 30
[DEBUG]   d2: @zero_value = constant i2 0, align 4 | ID: -1
[DEBUG] ---------------
[DEBUG] End of incomingtab entry
[DEBUG] EDGE: <F: main, D: @zero_value = constant i2 0, align 4 | ID: -1>
[DEBUG]  ---> <N: ret i32 0, !psr.id !55 | ID: 51,
[DEBUG]        D: call void @_Z11source_funcB5cxx11v(%"class.std::__cxx11::basic_string"* sret(%"class.std::__cxx11::basic_string") align 8 %conspicuous_x), !psr.id !50 | ID: 46,
[DEBUG]       EF: psr::EdgeIdentity<psr::BinaryDomain>>
[DEBUG]  
[DEBUG] EDGE: <F: main, D: @zero_value = constant i2 0, align 4 | ID: -1>
[DEBUG]  ---> <N: call void @_ZNSt7__cxx1112basic_stringIcSt11char_traitsIcESaIcEED1Ev(%"class.std::__cxx11::basic_string"* noundef nonnull align 8 dereferenceable(32) %conspicuous_x) #6, !psr.id !54 | ID: 50,
[DEBUG]        D: call void @_Z11source_funcB5cxx11v(%"class.std::__cxx11::basic_string"* sret(%"class.std::__cxx11::basic_string") align 8 %conspicuous_x), !psr.id !50 | ID: 46,
[DEBUG]       EF: psr::EdgeIdentity<psr::BinaryDomain>>
[DEBUG]  
[DEBUG] EDGE: <F: main, D: @zero_value = constant i2 0, align 4 | ID: -1>
[DEBUG]  ---> <N: call void @_ZNSt7__cxx1112basic_stringIcSt11char_traitsIcESaIcEED1Ev(%"class.std::__cxx11::basic_string"* noundef nonnull align 8 dereferenceable(32) %agg.tmp) #6, !psr.id !53 | ID: 49,
[DEBUG]        D: call void @_Z11source_funcB5cxx11v(%"class.std::__cxx11::basic_string"* sret(%"class.std::__cxx11::basic_string") align 8 %conspicuous_x), !psr.id !50 | ID: 46,
[DEBUG]       EF: psr::EdgeIdentity<psr::BinaryDomain>>
[DEBUG]  
[DEBUG] EDGE: <F: main, D: @zero_value = constant i2 0, align 4 | ID: -1>
[DEBUG]  ---> <N: call void @_Z9sink_funcNSt7__cxx1112basic_stringIcSt11char_traitsIcESaIcEEE(%"class.std::__cxx11::basic_string"* noundef %agg.tmp), !psr.id !52 | ID: 48,
[DEBUG]        D: call void @_Z11source_funcB5cxx11v(%"class.std::__cxx11::basic_string"* sret(%"class.std::__cxx11::basic_string") align 8 %conspicuous_x), !psr.id !50 | ID: 46,
[DEBUG]       EF: psr::EdgeIdentity<psr::BinaryDomain>>
[DEBUG]  
[DEBUG] Call-to-Return flow function factory call
[DEBUG] (N) Call Site : invoke void @_ZNSt7__cxx1112basic_stringIcSt11char_traitsIcESaIcEEC1ERKS4_(%"class.std::__cxx11::basic_string"* noundef nonnull align 8 dereferenceable(32) %agg.tmp, %"class.std::__cxx11::basic_string"* noundef nonnull align 8 dereferenceable(32) %conspicuous_x)
          to label %invoke.cont unwind label %lpad, !psr.id !51 | ID: 47
[DEBUG] (N) Ret Site  : %0 = landingpad { i8*, i32 }
          cleanup, !psr.id !56 | ID: 52
[DEBUG] (F) Callee's  : 
[DEBUG]   _ZNSt7__cxx1112basic_stringIcSt11char_traitsIcESaIcEEC1ERKS4_
[DEBUG] Flow function fetched from cache
[DEBUG] Call-to-Return edge function factory call
[DEBUG] (N) Call Site : invoke void @_ZNSt7__cxx1112basic_stringIcSt11char_traitsIcESaIcEEC1ERKS4_(%"class.std::__cxx11::basic_string"* noundef nonnull align 8 dereferenceable(32) %agg.tmp, %"class.std::__cxx11::basic_string"* noundef nonnull align 8 dereferenceable(32) %conspicuous_x)
          to label %invoke.cont unwind label %lpad, !psr.id !51 | ID: 47
[DEBUG] (D) Call Node : call void @_Z11source_funcB5cxx11v(%"class.std::__cxx11::basic_string"* sret(%"class.std::__cxx11::basic_string") align 8 %conspicuous_x), !psr.id !50 | ID: 46
[DEBUG] (N) Ret Site  : %0 = landingpad { i8*, i32 }
          cleanup, !psr.id !56 | ID: 52
[DEBUG] (D) Ret Node  : call void @_Z11source_funcB5cxx11v(%"class.std::__cxx11::basic_string"* sret(%"class.std::__cxx11::basic_string") align 8 %conspicuous_x), !psr.id !50 | ID: 46
[DEBUG] (F) Callee's  : 
[DEBUG]   _ZNSt7__cxx1112basic_stringIcSt11char_traitsIcESaIcEEC1ERKS4_
[DEBUG] Edge function constructed
[DEBUG] Provide Edge Function: psr::EdgeIdentity<psr::BinaryDomain>
[DEBUG] Queried Call-to-Return Edge Function: psr::EdgeIdentity<psr::BinaryDomain>
[DEBUG] Compose: psr::EdgeIdentity<psr::BinaryDomain> * psr::EdgeIdentity<psr::BinaryDomain> = psr::EdgeIdentity<psr::BinaryDomain>
[DEBUG] Propagate flow
[DEBUG] Source value  : @zero_value = constant i2 0, align 4 | ID: -1
[DEBUG] Target        : %0 = landingpad { i8*, i32 }
          cleanup, !psr.id !56 | ID: 52
[DEBUG] Target value  : call void @_Z11source_funcB5cxx11v(%"class.std::__cxx11::basic_string"* sret(%"class.std::__cxx11::basic_string") align 8 %conspicuous_x), !psr.id !50 | ID: 46
[DEBUG] Edge function : psr::EdgeIdentity<psr::BinaryDomain> (result of previous compose)
[DEBUG] Join: psr::AllTop<psr::BinaryDomain> & psr::EdgeIdentity<psr::BinaryDomain> 
[DEBUG]     = psr::EdgeIdentity<psr::BinaryDomain> (new jump func)
[DEBUG]  
[DEBUG] Start adding new jump function
[DEBUG] Fact at source : @zero_value = constant i2 0, align 4 | ID: -1
[DEBUG] Fact at target : call void @_Z11source_funcB5cxx11v(%"class.std::__cxx11::basic_string"* sret(%"class.std::__cxx11::basic_string") align 8 %conspicuous_x), !psr.id !50 | ID: 46
[DEBUG] Destination    : %0 = landingpad { i8*, i32 }
          cleanup, !psr.id !56 | ID: 52
[DEBUG] Edge Function  : psr::EdgeIdentity<psr::BinaryDomain>
[DEBUG] End adding new jump function
[DEBUG] -------------------------------------------- 167. Path Edge --------------------------------------------
[DEBUG]  
[DEBUG] Process 167. path edge:
[DEBUG] < D source: @zero_value = constant i2 0, align 4 | ID: -1 ;
[DEBUG]   N target: %0 = landingpad { i8*, i32 }
          cleanup, !psr.id !56 | ID: 52 ;
[DEBUG]   D target: call void @_Z11source_funcB5cxx11v(%"class.std::__cxx11::basic_string"* sret(%"class.std::__cxx11::basic_string") align 8 %conspicuous_x), !psr.id !50 | ID: 46 >
[DEBUG]  
[DEBUG] Process normal at target: %0 = landingpad { i8*, i32 }
          cleanup, !psr.id !56 | ID: 52
[DEBUG] JumpFunctions Forward-Lookup:
[DEBUG]    Source D: @zero_value = constant i2 0, align 4 | ID: -1
[DEBUG]    Target N: %0 = landingpad { i8*, i32 }
          cleanup, !psr.id !56 | ID: 52
[DEBUG]    Target D: call void @_Z11source_funcB5cxx11v(%"class.std::__cxx11::basic_string"* sret(%"class.std::__cxx11::basic_string") align 8 %conspicuous_x), !psr.id !50 | ID: 46
[DEBUG]   => EdgeFn: psr::EdgeIdentity<psr::BinaryDomain>
[DEBUG] Normal flow function factory call
[DEBUG] (N) Curr Inst : %0 = landingpad { i8*, i32 }
          cleanup, !psr.id !56 | ID: 52
[DEBUG] (N) Succ Inst : %1 = extractvalue { i8*, i32 } %0, 0, !psr.id !57 | ID: 53
[DEBUG] Flow function fetched from cache
[DEBUG] Normal edge function factory call
[DEBUG] (N) Curr Inst : %0 = landingpad { i8*, i32 }
          cleanup, !psr.id !56 | ID: 52
[DEBUG] (D) Curr Node : call void @_Z11source_funcB5cxx11v(%"class.std::__cxx11::basic_string"* sret(%"class.std::__cxx11::basic_string") align 8 %conspicuous_x), !psr.id !50 | ID: 46
[DEBUG] (N) Succ Inst : %1 = extractvalue { i8*, i32 } %0, 0, !psr.id !57 | ID: 53
[DEBUG] (D) Succ Node : call void @_Z11source_funcB5cxx11v(%"class.std::__cxx11::basic_string"* sret(%"class.std::__cxx11::basic_string") align 8 %conspicuous_x), !psr.id !50 | ID: 46
[DEBUG] Edge function constructed
[DEBUG] Provide Edge Function: psr::EdgeIdentity<psr::BinaryDomain>
[DEBUG] Queried Normal Edge Function: psr::EdgeIdentity<psr::BinaryDomain>
[DEBUG] Compose: psr::EdgeIdentity<psr::BinaryDomain> * psr::EdgeIdentity<psr::BinaryDomain> = psr::EdgeIdentity<psr::BinaryDomain>
[DEBUG] Propagate flow
[DEBUG] Source value  : @zero_value = constant i2 0, align 4 | ID: -1
[DEBUG] Target        : %1 = extractvalue { i8*, i32 } %0, 0, !psr.id !57 | ID: 53
[DEBUG] Target value  : call void @_Z11source_funcB5cxx11v(%"class.std::__cxx11::basic_string"* sret(%"class.std::__cxx11::basic_string") align 8 %conspicuous_x), !psr.id !50 | ID: 46
[DEBUG] Edge function : psr::EdgeIdentity<psr::BinaryDomain> (result of previous compose)
[DEBUG] Join: psr::AllTop<psr::BinaryDomain> & psr::EdgeIdentity<psr::BinaryDomain> 
[DEBUG]     = psr::EdgeIdentity<psr::BinaryDomain> (new jump func)
[DEBUG]  
[DEBUG] Start adding new jump function
[DEBUG] Fact at source : @zero_value = constant i2 0, align 4 | ID: -1
[DEBUG] Fact at target : call void @_Z11source_funcB5cxx11v(%"class.std::__cxx11::basic_string"* sret(%"class.std::__cxx11::basic_string") align 8 %conspicuous_x), !psr.id !50 | ID: 46
[DEBUG] Destination    : %1 = extractvalue { i8*, i32 } %0, 0, !psr.id !57 | ID: 53
[DEBUG] Edge Function  : psr::EdgeIdentity<psr::BinaryDomain>
[DEBUG] End adding new jump function
[DEBUG] -------------------------------------------- 168. Path Edge --------------------------------------------
[DEBUG]  
[DEBUG] Process 168. path edge:
[DEBUG] < D source: @zero_value = constant i2 0, align 4 | ID: -1 ;
[DEBUG]   N target: %1 = extractvalue { i8*, i32 } %0, 0, !psr.id !57 | ID: 53 ;
[DEBUG]   D target: call void @_Z11source_funcB5cxx11v(%"class.std::__cxx11::basic_string"* sret(%"class.std::__cxx11::basic_string") align 8 %conspicuous_x), !psr.id !50 | ID: 46 >
[DEBUG]  
[DEBUG] Process normal at target: %1 = extractvalue { i8*, i32 } %0, 0, !psr.id !57 | ID: 53
[DEBUG] JumpFunctions Forward-Lookup:
[DEBUG]    Source D: @zero_value = constant i2 0, align 4 | ID: -1
[DEBUG]    Target N: %1 = extractvalue { i8*, i32 } %0, 0, !psr.id !57 | ID: 53
[DEBUG]    Target D: call void @_Z11source_funcB5cxx11v(%"class.std::__cxx11::basic_string"* sret(%"class.std::__cxx11::basic_string") align 8 %conspicuous_x), !psr.id !50 | ID: 46
[DEBUG]   => EdgeFn: psr::EdgeIdentity<psr::BinaryDomain>
[DEBUG] Normal flow function factory call
[DEBUG] (N) Curr Inst : %1 = extractvalue { i8*, i32 } %0, 0, !psr.id !57 | ID: 53
[DEBUG] (N) Succ Inst : store i8* %1, i8** %exn.slot, align 8, !psr.id !58 | ID: 54
[DEBUG] Flow function fetched from cache
[DEBUG] Normal edge function factory call
[DEBUG] (N) Curr Inst : %1 = extractvalue { i8*, i32 } %0, 0, !psr.id !57 | ID: 53
[DEBUG] (D) Curr Node : call void @_Z11source_funcB5cxx11v(%"class.std::__cxx11::basic_string"* sret(%"class.std::__cxx11::basic_string") align 8 %conspicuous_x), !psr.id !50 | ID: 46
[DEBUG] (N) Succ Inst : store i8* %1, i8** %exn.slot, align 8, !psr.id !58 | ID: 54
[DEBUG] (D) Succ Node : call void @_Z11source_funcB5cxx11v(%"class.std::__cxx11::basic_string"* sret(%"class.std::__cxx11::basic_string") align 8 %conspicuous_x), !psr.id !50 | ID: 46
[DEBUG] Edge function constructed
[DEBUG] Provide Edge Function: psr::EdgeIdentity<psr::BinaryDomain>
[DEBUG] Queried Normal Edge Function: psr::EdgeIdentity<psr::BinaryDomain>
[DEBUG] Compose: psr::EdgeIdentity<psr::BinaryDomain> * psr::EdgeIdentity<psr::BinaryDomain> = psr::EdgeIdentity<psr::BinaryDomain>
[DEBUG] Propagate flow
[DEBUG] Source value  : @zero_value = constant i2 0, align 4 | ID: -1
[DEBUG] Target        : store i8* %1, i8** %exn.slot, align 8, !psr.id !58 | ID: 54
[DEBUG] Target value  : call void @_Z11source_funcB5cxx11v(%"class.std::__cxx11::basic_string"* sret(%"class.std::__cxx11::basic_string") align 8 %conspicuous_x), !psr.id !50 | ID: 46
[DEBUG] Edge function : psr::EdgeIdentity<psr::BinaryDomain> (result of previous compose)
[DEBUG] Join: psr::AllTop<psr::BinaryDomain> & psr::EdgeIdentity<psr::BinaryDomain> 
[DEBUG]     = psr::EdgeIdentity<psr::BinaryDomain> (new jump func)
[DEBUG]  
[DEBUG] Start adding new jump function
[DEBUG] Fact at source : @zero_value = constant i2 0, align 4 | ID: -1
[DEBUG] Fact at target : call void @_Z11source_funcB5cxx11v(%"class.std::__cxx11::basic_string"* sret(%"class.std::__cxx11::basic_string") align 8 %conspicuous_x), !psr.id !50 | ID: 46
[DEBUG] Destination    : store i8* %1, i8** %exn.slot, align 8, !psr.id !58 | ID: 54
[DEBUG] Edge Function  : psr::EdgeIdentity<psr::BinaryDomain>
[DEBUG] End adding new jump function
[DEBUG] -------------------------------------------- 169. Path Edge --------------------------------------------
[DEBUG]  
[DEBUG] Process 169. path edge:
[DEBUG] < D source: @zero_value = constant i2 0, align 4 | ID: -1 ;
[DEBUG]   N target: store i8* %1, i8** %exn.slot, align 8, !psr.id !58 | ID: 54 ;
[DEBUG]   D target: call void @_Z11source_funcB5cxx11v(%"class.std::__cxx11::basic_string"* sret(%"class.std::__cxx11::basic_string") align 8 %conspicuous_x), !psr.id !50 | ID: 46 >
[DEBUG]  
[DEBUG] Process normal at target: store i8* %1, i8** %exn.slot, align 8, !psr.id !58 | ID: 54
[DEBUG] JumpFunctions Forward-Lookup:
[DEBUG]    Source D: @zero_value = constant i2 0, align 4 | ID: -1
[DEBUG]    Target N: store i8* %1, i8** %exn.slot, align 8, !psr.id !58 | ID: 54
[DEBUG]    Target D: call void @_Z11source_funcB5cxx11v(%"class.std::__cxx11::basic_string"* sret(%"class.std::__cxx11::basic_string") align 8 %conspicuous_x), !psr.id !50 | ID: 46
[DEBUG]   => EdgeFn: psr::EdgeIdentity<psr::BinaryDomain>
[DEBUG] Normal flow function factory call
[DEBUG] (N) Curr Inst : store i8* %1, i8** %exn.slot, align 8, !psr.id !58 | ID: 54
[DEBUG] (N) Succ Inst : %2 = extractvalue { i8*, i32 } %0, 1, !psr.id !59 | ID: 55
[DEBUG] Flow function fetched from cache
[DEBUG] Normal edge function factory call
[DEBUG] (N) Curr Inst : store i8* %1, i8** %exn.slot, align 8, !psr.id !58 | ID: 54
[DEBUG] (D) Curr Node : call void @_Z11source_funcB5cxx11v(%"class.std::__cxx11::basic_string"* sret(%"class.std::__cxx11::basic_string") align 8 %conspicuous_x), !psr.id !50 | ID: 46
[DEBUG] (N) Succ Inst : %2 = extractvalue { i8*, i32 } %0, 1, !psr.id !59 | ID: 55
[DEBUG] (D) Succ Node : call void @_Z11source_funcB5cxx11v(%"class.std::__cxx11::basic_string"* sret(%"class.std::__cxx11::basic_string") align 8 %conspicuous_x), !psr.id !50 | ID: 46
[DEBUG] Edge function constructed
[DEBUG] Provide Edge Function: psr::EdgeIdentity<psr::BinaryDomain>
[DEBUG] Queried Normal Edge Function: psr::EdgeIdentity<psr::BinaryDomain>
[DEBUG] Compose: psr::EdgeIdentity<psr::BinaryDomain> * psr::EdgeIdentity<psr::BinaryDomain> = psr::EdgeIdentity<psr::BinaryDomain>
[DEBUG] Propagate flow
[DEBUG] Source value  : @zero_value = constant i2 0, align 4 | ID: -1
[DEBUG] Target        : %2 = extractvalue { i8*, i32 } %0, 1, !psr.id !59 | ID: 55
[DEBUG] Target value  : call void @_Z11source_funcB5cxx11v(%"class.std::__cxx11::basic_string"* sret(%"class.std::__cxx11::basic_string") align 8 %conspicuous_x), !psr.id !50 | ID: 46
[DEBUG] Edge function : psr::EdgeIdentity<psr::BinaryDomain> (result of previous compose)
[DEBUG] Join: psr::AllTop<psr::BinaryDomain> & psr::EdgeIdentity<psr::BinaryDomain> 
[DEBUG]     = psr::EdgeIdentity<psr::BinaryDomain> (new jump func)
[DEBUG]  
[DEBUG] Start adding new jump function
[DEBUG] Fact at source : @zero_value = constant i2 0, align 4 | ID: -1
[DEBUG] Fact at target : call void @_Z11source_funcB5cxx11v(%"class.std::__cxx11::basic_string"* sret(%"class.std::__cxx11::basic_string") align 8 %conspicuous_x), !psr.id !50 | ID: 46
[DEBUG] Destination    : %2 = extractvalue { i8*, i32 } %0, 1, !psr.id !59 | ID: 55
[DEBUG] Edge Function  : psr::EdgeIdentity<psr::BinaryDomain>
[DEBUG] End adding new jump function
[DEBUG] -------------------------------------------- 170. Path Edge --------------------------------------------
[DEBUG]  
[DEBUG] Process 170. path edge:
[DEBUG] < D source: @zero_value = constant i2 0, align 4 | ID: -1 ;
[DEBUG]   N target: %2 = extractvalue { i8*, i32 } %0, 1, !psr.id !59 | ID: 55 ;
[DEBUG]   D target: call void @_Z11source_funcB5cxx11v(%"class.std::__cxx11::basic_string"* sret(%"class.std::__cxx11::basic_string") align 8 %conspicuous_x), !psr.id !50 | ID: 46 >
[DEBUG]  
[DEBUG] Process normal at target: %2 = extractvalue { i8*, i32 } %0, 1, !psr.id !59 | ID: 55
[DEBUG] JumpFunctions Forward-Lookup:
[DEBUG]    Source D: @zero_value = constant i2 0, align 4 | ID: -1
[DEBUG]    Target N: %2 = extractvalue { i8*, i32 } %0, 1, !psr.id !59 | ID: 55
[DEBUG]    Target D: call void @_Z11source_funcB5cxx11v(%"class.std::__cxx11::basic_string"* sret(%"class.std::__cxx11::basic_string") align 8 %conspicuous_x), !psr.id !50 | ID: 46
[DEBUG]   => EdgeFn: psr::EdgeIdentity<psr::BinaryDomain>
[DEBUG] Normal flow function factory call
[DEBUG] (N) Curr Inst : %2 = extractvalue { i8*, i32 } %0, 1, !psr.id !59 | ID: 55
[DEBUG] (N) Succ Inst : store i32 %2, i32* %ehselector.slot, align 4, !psr.id !60 | ID: 56
[DEBUG] Flow function fetched from cache
[DEBUG] Normal edge function factory call
[DEBUG] (N) Curr Inst : %2 = extractvalue { i8*, i32 } %0, 1, !psr.id !59 | ID: 55
[DEBUG] (D) Curr Node : call void @_Z11source_funcB5cxx11v(%"class.std::__cxx11::basic_string"* sret(%"class.std::__cxx11::basic_string") align 8 %conspicuous_x), !psr.id !50 | ID: 46
[DEBUG] (N) Succ Inst : store i32 %2, i32* %ehselector.slot, align 4, !psr.id !60 | ID: 56
[DEBUG] (D) Succ Node : call void @_Z11source_funcB5cxx11v(%"class.std::__cxx11::basic_string"* sret(%"class.std::__cxx11::basic_string") align 8 %conspicuous_x), !psr.id !50 | ID: 46
[DEBUG] Edge function constructed
[DEBUG] Provide Edge Function: psr::EdgeIdentity<psr::BinaryDomain>
[DEBUG] Queried Normal Edge Function: psr::EdgeIdentity<psr::BinaryDomain>
[DEBUG] Compose: psr::EdgeIdentity<psr::BinaryDomain> * psr::EdgeIdentity<psr::BinaryDomain> = psr::EdgeIdentity<psr::BinaryDomain>
[DEBUG] Propagate flow
[DEBUG] Source value  : @zero_value = constant i2 0, align 4 | ID: -1
[DEBUG] Target        : store i32 %2, i32* %ehselector.slot, align 4, !psr.id !60 | ID: 56
[DEBUG] Target value  : call void @_Z11source_funcB5cxx11v(%"class.std::__cxx11::basic_string"* sret(%"class.std::__cxx11::basic_string") align 8 %conspicuous_x), !psr.id !50 | ID: 46
[DEBUG] Edge function : psr::EdgeIdentity<psr::BinaryDomain> (result of previous compose)
[DEBUG] Join: psr::AllTop<psr::BinaryDomain> & psr::EdgeIdentity<psr::BinaryDomain> 
[DEBUG]     = psr::EdgeIdentity<psr::BinaryDomain> (new jump func)
[DEBUG]  
[DEBUG] Start adding new jump function
[DEBUG] Fact at source : @zero_value = constant i2 0, align 4 | ID: -1
[DEBUG] Fact at target : call void @_Z11source_funcB5cxx11v(%"class.std::__cxx11::basic_string"* sret(%"class.std::__cxx11::basic_string") align 8 %conspicuous_x), !psr.id !50 | ID: 46
[DEBUG] Destination    : store i32 %2, i32* %ehselector.slot, align 4, !psr.id !60 | ID: 56
[DEBUG] Edge Function  : psr::EdgeIdentity<psr::BinaryDomain>
[DEBUG] End adding new jump function
[DEBUG] -------------------------------------------- 171. Path Edge --------------------------------------------
[DEBUG]  
[DEBUG] Process 171. path edge:
[DEBUG] < D source: @zero_value = constant i2 0, align 4 | ID: -1 ;
[DEBUG]   N target: store i32 %2, i32* %ehselector.slot, align 4, !psr.id !60 | ID: 56 ;
[DEBUG]   D target: call void @_Z11source_funcB5cxx11v(%"class.std::__cxx11::basic_string"* sret(%"class.std::__cxx11::basic_string") align 8 %conspicuous_x), !psr.id !50 | ID: 46 >
[DEBUG]  
[DEBUG] Process normal at target: store i32 %2, i32* %ehselector.slot, align 4, !psr.id !60 | ID: 56
[DEBUG] JumpFunctions Forward-Lookup:
[DEBUG]    Source D: @zero_value = constant i2 0, align 4 | ID: -1
[DEBUG]    Target N: store i32 %2, i32* %ehselector.slot, align 4, !psr.id !60 | ID: 56
[DEBUG]    Target D: call void @_Z11source_funcB5cxx11v(%"class.std::__cxx11::basic_string"* sret(%"class.std::__cxx11::basic_string") align 8 %conspicuous_x), !psr.id !50 | ID: 46
[DEBUG]   => EdgeFn: psr::EdgeIdentity<psr::BinaryDomain>
[DEBUG] Normal flow function factory call
[DEBUG] (N) Curr Inst : store i32 %2, i32* %ehselector.slot, align 4, !psr.id !60 | ID: 56
[DEBUG] (N) Succ Inst : call void @_ZNSt7__cxx1112basic_stringIcSt11char_traitsIcESaIcEED1Ev(%"class.std::__cxx11::basic_string"* noundef nonnull align 8 dereferenceable(32) %conspicuous_x) #6, !psr.id !61 | ID: 57
[DEBUG] Flow function fetched from cache
[DEBUG] Normal edge function factory call
[DEBUG] (N) Curr Inst : store i32 %2, i32* %ehselector.slot, align 4, !psr.id !60 | ID: 56
[DEBUG] (D) Curr Node : call void @_Z11source_funcB5cxx11v(%"class.std::__cxx11::basic_string"* sret(%"class.std::__cxx11::basic_string") align 8 %conspicuous_x), !psr.id !50 | ID: 46
[DEBUG] (N) Succ Inst : call void @_ZNSt7__cxx1112basic_stringIcSt11char_traitsIcESaIcEED1Ev(%"class.std::__cxx11::basic_string"* noundef nonnull align 8 dereferenceable(32) %conspicuous_x) #6, !psr.id !61 | ID: 57
[DEBUG] (D) Succ Node : call void @_Z11source_funcB5cxx11v(%"class.std::__cxx11::basic_string"* sret(%"class.std::__cxx11::basic_string") align 8 %conspicuous_x), !psr.id !50 | ID: 46
[DEBUG] Edge function constructed
[DEBUG] Provide Edge Function: psr::EdgeIdentity<psr::BinaryDomain>
[DEBUG] Queried Normal Edge Function: psr::EdgeIdentity<psr::BinaryDomain>
[DEBUG] Compose: psr::EdgeIdentity<psr::BinaryDomain> * psr::EdgeIdentity<psr::BinaryDomain> = psr::EdgeIdentity<psr::BinaryDomain>
[DEBUG] Propagate flow
[DEBUG] Source value  : @zero_value = constant i2 0, align 4 | ID: -1
[DEBUG] Target        : call void @_ZNSt7__cxx1112basic_stringIcSt11char_traitsIcESaIcEED1Ev(%"class.std::__cxx11::basic_string"* noundef nonnull align 8 dereferenceable(32) %conspicuous_x) #6, !psr.id !61 | ID: 57
[DEBUG] Target value  : call void @_Z11source_funcB5cxx11v(%"class.std::__cxx11::basic_string"* sret(%"class.std::__cxx11::basic_string") align 8 %conspicuous_x), !psr.id !50 | ID: 46
[DEBUG] Edge function : psr::EdgeIdentity<psr::BinaryDomain> (result of previous compose)
[DEBUG] Join: psr::AllTop<psr::BinaryDomain> & psr::EdgeIdentity<psr::BinaryDomain> 
[DEBUG]     = psr::EdgeIdentity<psr::BinaryDomain> (new jump func)
[DEBUG]  
[DEBUG] Start adding new jump function
[DEBUG] Fact at source : @zero_value = constant i2 0, align 4 | ID: -1
[DEBUG] Fact at target : call void @_Z11source_funcB5cxx11v(%"class.std::__cxx11::basic_string"* sret(%"class.std::__cxx11::basic_string") align 8 %conspicuous_x), !psr.id !50 | ID: 46
[DEBUG] Destination    : call void @_ZNSt7__cxx1112basic_stringIcSt11char_traitsIcESaIcEED1Ev(%"class.std::__cxx11::basic_string"* noundef nonnull align 8 dereferenceable(32) %conspicuous_x) #6, !psr.id !61 | ID: 57
[DEBUG] Edge Function  : psr::EdgeIdentity<psr::BinaryDomain>
[DEBUG] End adding new jump function
[DEBUG] -------------------------------------------- 172. Path Edge --------------------------------------------
[DEBUG]  
[DEBUG] Process 172. path edge:
[DEBUG] < D source: @zero_value = constant i2 0, align 4 | ID: -1 ;
[DEBUG]   N target: call void @_ZNSt7__cxx1112basic_stringIcSt11char_traitsIcESaIcEED1Ev(%"class.std::__cxx11::basic_string"* noundef nonnull align 8 dereferenceable(32) %conspicuous_x) #6, !psr.id !61 | ID: 57 ;
[DEBUG]   D target: call void @_Z11source_funcB5cxx11v(%"class.std::__cxx11::basic_string"* sret(%"class.std::__cxx11::basic_string") align 8 %conspicuous_x), !psr.id !50 | ID: 46 >
[DEBUG]  
[DEBUG] Process call at target: call void @_ZNSt7__cxx1112basic_stringIcSt11char_traitsIcESaIcEED1Ev(%"class.std::__cxx11::basic_string"* noundef nonnull align 8 dereferenceable(32) %conspicuous_x) #6, !psr.id !61 | ID: 57
[DEBUG] JumpFunctions Forward-Lookup:
[DEBUG]    Source D: @zero_value = constant i2 0, align 4 | ID: -1
[DEBUG]    Target N: call void @_ZNSt7__cxx1112basic_stringIcSt11char_traitsIcESaIcEED1Ev(%"class.std::__cxx11::basic_string"* noundef nonnull align 8 dereferenceable(32) %conspicuous_x) #6, !psr.id !61 | ID: 57
[DEBUG]    Target D: call void @_Z11source_funcB5cxx11v(%"class.std::__cxx11::basic_string"* sret(%"class.std::__cxx11::basic_string") align 8 %conspicuous_x), !psr.id !50 | ID: 46
[DEBUG]   => EdgeFn: psr::EdgeIdentity<psr::BinaryDomain>
[DEBUG] Possible callees:
[DEBUG]   _ZNSt7__cxx1112basic_stringIcSt11char_traitsIcESaIcEED1Ev
[DEBUG] Possible return sites:
[DEBUG]   br label %eh.resume, !psr.id !62 | ID: 58
[DEBUG] Summary flow function factory call
[DEBUG] (N) Call Stmt : call void @_ZNSt7__cxx1112basic_stringIcSt11char_traitsIcESaIcEED1Ev(%"class.std::__cxx11::basic_string"* noundef nonnull align 8 dereferenceable(32) %conspicuous_x) #6, !psr.id !61 | ID: 57
[DEBUG] (F) Dest Mthd : _ZNSt7__cxx1112basic_stringIcSt11char_traitsIcESaIcEED1Ev
[DEBUG]  
[DEBUG] Call flow function factory call
[DEBUG] (N) Call Stmt : call void @_ZNSt7__cxx1112basic_stringIcSt11char_traitsIcESaIcEED1Ev(%"class.std::__cxx11::basic_string"* noundef nonnull align 8 dereferenceable(32) %conspicuous_x) #6, !psr.id !61 | ID: 57
[DEBUG] (F) Dest Fun : _ZNSt7__cxx1112basic_stringIcSt11char_traitsIcESaIcEED1Ev
[DEBUG] Flow function fetched from cache
[DEBUG] Start points of '_ZNSt7__cxx1112basic_stringIcSt11char_traitsIcESaIcEED1Ev' currently not available!
[DEBUG] Call-to-Return flow function factory call
[DEBUG] (N) Call Site : call void @_ZNSt7__cxx1112basic_stringIcSt11char_traitsIcESaIcEED1Ev(%"class.std::__cxx11::basic_string"* noundef nonnull align 8 dereferenceable(32) %conspicuous_x) #6, !psr.id !61 | ID: 57
[DEBUG] (N) Ret Site  : br label %eh.resume, !psr.id !62 | ID: 58
[DEBUG] (F) Callee's  : 
[DEBUG]   _ZNSt7__cxx1112basic_stringIcSt11char_traitsIcESaIcEED1Ev
[DEBUG] Flow function fetched from cache
[DEBUG] Call-to-Return edge function factory call
[DEBUG] (N) Call Site : call void @_ZNSt7__cxx1112basic_stringIcSt11char_traitsIcESaIcEED1Ev(%"class.std::__cxx11::basic_string"* noundef nonnull align 8 dereferenceable(32) %conspicuous_x) #6, !psr.id !61 | ID: 57
[DEBUG] (D) Call Node : call void @_Z11source_funcB5cxx11v(%"class.std::__cxx11::basic_string"* sret(%"class.std::__cxx11::basic_string") align 8 %conspicuous_x), !psr.id !50 | ID: 46
[DEBUG] (N) Ret Site  : br label %eh.resume, !psr.id !62 | ID: 58
[DEBUG] (D) Ret Node  : call void @_Z11source_funcB5cxx11v(%"class.std::__cxx11::basic_string"* sret(%"class.std::__cxx11::basic_string") align 8 %conspicuous_x), !psr.id !50 | ID: 46
[DEBUG] (F) Callee's  : 
[DEBUG]   _ZNSt7__cxx1112basic_stringIcSt11char_traitsIcESaIcEED1Ev
[DEBUG] Edge function constructed
[DEBUG] Provide Edge Function: psr::EdgeIdentity<psr::BinaryDomain>
[DEBUG] Queried Call-to-Return Edge Function: psr::EdgeIdentity<psr::BinaryDomain>
[DEBUG] Compose: psr::EdgeIdentity<psr::BinaryDomain> * psr::EdgeIdentity<psr::BinaryDomain> = psr::EdgeIdentity<psr::BinaryDomain>
[DEBUG] Propagate flow
[DEBUG] Source value  : @zero_value = constant i2 0, align 4 | ID: -1
[DEBUG] Target        : br label %eh.resume, !psr.id !62 | ID: 58
[DEBUG] Target value  : call void @_Z11source_funcB5cxx11v(%"class.std::__cxx11::basic_string"* sret(%"class.std::__cxx11::basic_string") align 8 %conspicuous_x), !psr.id !50 | ID: 46
[DEBUG] Edge function : psr::EdgeIdentity<psr::BinaryDomain> (result of previous compose)
[DEBUG] Join: psr::AllTop<psr::BinaryDomain> & psr::EdgeIdentity<psr::BinaryDomain> 
[DEBUG]     = psr::EdgeIdentity<psr::BinaryDomain> (new jump func)
[DEBUG]  
[DEBUG] Start adding new jump function
[DEBUG] Fact at source : @zero_value = constant i2 0, align 4 | ID: -1
[DEBUG] Fact at target : call void @_Z11source_funcB5cxx11v(%"class.std::__cxx11::basic_string"* sret(%"class.std::__cxx11::basic_string") align 8 %conspicuous_x), !psr.id !50 | ID: 46
[DEBUG] Destination    : br label %eh.resume, !psr.id !62 | ID: 58
[DEBUG] Edge Function  : psr::EdgeIdentity<psr::BinaryDomain>
[DEBUG] End adding new jump function
[DEBUG] -------------------------------------------- 173. Path Edge --------------------------------------------
[DEBUG]  
[DEBUG] Process 173. path edge:
[DEBUG] < D source: @zero_value = constant i2 0, align 4 | ID: -1 ;
[DEBUG]   N target: br label %eh.resume, !psr.id !62 | ID: 58 ;
[DEBUG]   D target: call void @_Z11source_funcB5cxx11v(%"class.std::__cxx11::basic_string"* sret(%"class.std::__cxx11::basic_string") align 8 %conspicuous_x), !psr.id !50 | ID: 46 >
[DEBUG]  
[DEBUG] Process normal at target: br label %eh.resume, !psr.id !62 | ID: 58
[DEBUG] JumpFunctions Forward-Lookup:
[DEBUG]    Source D: @zero_value = constant i2 0, align 4 | ID: -1
[DEBUG]    Target N: br label %eh.resume, !psr.id !62 | ID: 58
[DEBUG]    Target D: call void @_Z11source_funcB5cxx11v(%"class.std::__cxx11::basic_string"* sret(%"class.std::__cxx11::basic_string") align 8 %conspicuous_x), !psr.id !50 | ID: 46
[DEBUG]   => EdgeFn: psr::EdgeIdentity<psr::BinaryDomain>
[DEBUG] Normal flow function factory call
[DEBUG] (N) Curr Inst : br label %eh.resume, !psr.id !62 | ID: 58
[DEBUG] (N) Succ Inst : %exn = load i8*, i8** %exn.slot, align 8, !psr.id !63 | ID: 59
[DEBUG] Flow function fetched from cache
[DEBUG] Normal edge function factory call
[DEBUG] (N) Curr Inst : br label %eh.resume, !psr.id !62 | ID: 58
[DEBUG] (D) Curr Node : call void @_Z11source_funcB5cxx11v(%"class.std::__cxx11::basic_string"* sret(%"class.std::__cxx11::basic_string") align 8 %conspicuous_x), !psr.id !50 | ID: 46
[DEBUG] (N) Succ Inst : %exn = load i8*, i8** %exn.slot, align 8, !psr.id !63 | ID: 59
[DEBUG] (D) Succ Node : call void @_Z11source_funcB5cxx11v(%"class.std::__cxx11::basic_string"* sret(%"class.std::__cxx11::basic_string") align 8 %conspicuous_x), !psr.id !50 | ID: 46
[DEBUG] Edge function constructed
[DEBUG] Provide Edge Function: psr::EdgeIdentity<psr::BinaryDomain>
[DEBUG] Queried Normal Edge Function: psr::EdgeIdentity<psr::BinaryDomain>
[DEBUG] Compose: psr::EdgeIdentity<psr::BinaryDomain> * psr::EdgeIdentity<psr::BinaryDomain> = psr::EdgeIdentity<psr::BinaryDomain>
[DEBUG] Propagate flow
[DEBUG] Source value  : @zero_value = constant i2 0, align 4 | ID: -1
[DEBUG] Target        : %exn = load i8*, i8** %exn.slot, align 8, !psr.id !63 | ID: 59
[DEBUG] Target value  : call void @_Z11source_funcB5cxx11v(%"class.std::__cxx11::basic_string"* sret(%"class.std::__cxx11::basic_string") align 8 %conspicuous_x), !psr.id !50 | ID: 46
[DEBUG] Edge function : psr::EdgeIdentity<psr::BinaryDomain> (result of previous compose)
[DEBUG] Join: psr::AllTop<psr::BinaryDomain> & psr::EdgeIdentity<psr::BinaryDomain> 
[DEBUG]     = psr::EdgeIdentity<psr::BinaryDomain> (new jump func)
[DEBUG]  
[DEBUG] Start adding new jump function
[DEBUG] Fact at source : @zero_value = constant i2 0, align 4 | ID: -1
[DEBUG] Fact at target : call void @_Z11source_funcB5cxx11v(%"class.std::__cxx11::basic_string"* sret(%"class.std::__cxx11::basic_string") align 8 %conspicuous_x), !psr.id !50 | ID: 46
[DEBUG] Destination    : %exn = load i8*, i8** %exn.slot, align 8, !psr.id !63 | ID: 59
[DEBUG] Edge Function  : psr::EdgeIdentity<psr::BinaryDomain>
[DEBUG] End adding new jump function
[DEBUG] -------------------------------------------- 174. Path Edge --------------------------------------------
[DEBUG]  
[DEBUG] Process 174. path edge:
[DEBUG] < D source: @zero_value = constant i2 0, align 4 | ID: -1 ;
[DEBUG]   N target: %exn = load i8*, i8** %exn.slot, align 8, !psr.id !63 | ID: 59 ;
[DEBUG]   D target: call void @_Z11source_funcB5cxx11v(%"class.std::__cxx11::basic_string"* sret(%"class.std::__cxx11::basic_string") align 8 %conspicuous_x), !psr.id !50 | ID: 46 >
[DEBUG]  
[DEBUG] Process normal at target: %exn = load i8*, i8** %exn.slot, align 8, !psr.id !63 | ID: 59
[DEBUG] JumpFunctions Forward-Lookup:
[DEBUG]    Source D: @zero_value = constant i2 0, align 4 | ID: -1
[DEBUG]    Target N: %exn = load i8*, i8** %exn.slot, align 8, !psr.id !63 | ID: 59
[DEBUG]    Target D: call void @_Z11source_funcB5cxx11v(%"class.std::__cxx11::basic_string"* sret(%"class.std::__cxx11::basic_string") align 8 %conspicuous_x), !psr.id !50 | ID: 46
[DEBUG]   => EdgeFn: psr::EdgeIdentity<psr::BinaryDomain>
[DEBUG] Normal flow function factory call
[DEBUG] (N) Curr Inst : %exn = load i8*, i8** %exn.slot, align 8, !psr.id !63 | ID: 59
[DEBUG] (N) Succ Inst : %sel = load i32, i32* %ehselector.slot, align 4, !psr.id !64 | ID: 60
[DEBUG] Flow function fetched from cache
[DEBUG] Normal edge function factory call
[DEBUG] (N) Curr Inst : %exn = load i8*, i8** %exn.slot, align 8, !psr.id !63 | ID: 59
[DEBUG] (D) Curr Node : call void @_Z11source_funcB5cxx11v(%"class.std::__cxx11::basic_string"* sret(%"class.std::__cxx11::basic_string") align 8 %conspicuous_x), !psr.id !50 | ID: 46
[DEBUG] (N) Succ Inst : %sel = load i32, i32* %ehselector.slot, align 4, !psr.id !64 | ID: 60
[DEBUG] (D) Succ Node : call void @_Z11source_funcB5cxx11v(%"class.std::__cxx11::basic_string"* sret(%"class.std::__cxx11::basic_string") align 8 %conspicuous_x), !psr.id !50 | ID: 46
[DEBUG] Edge function constructed
[DEBUG] Provide Edge Function: psr::EdgeIdentity<psr::BinaryDomain>
[DEBUG] Queried Normal Edge Function: psr::EdgeIdentity<psr::BinaryDomain>
[DEBUG] Compose: psr::EdgeIdentity<psr::BinaryDomain> * psr::EdgeIdentity<psr::BinaryDomain> = psr::EdgeIdentity<psr::BinaryDomain>
[DEBUG] Propagate flow
[DEBUG] Source value  : @zero_value = constant i2 0, align 4 | ID: -1
[DEBUG] Target        : %sel = load i32, i32* %ehselector.slot, align 4, !psr.id !64 | ID: 60
[DEBUG] Target value  : call void @_Z11source_funcB5cxx11v(%"class.std::__cxx11::basic_string"* sret(%"class.std::__cxx11::basic_string") align 8 %conspicuous_x), !psr.id !50 | ID: 46
[DEBUG] Edge function : psr::EdgeIdentity<psr::BinaryDomain> (result of previous compose)
[DEBUG] Join: psr::AllTop<psr::BinaryDomain> & psr::EdgeIdentity<psr::BinaryDomain> 
[DEBUG]     = psr::EdgeIdentity<psr::BinaryDomain> (new jump func)
[DEBUG]  
[DEBUG] Start adding new jump function
[DEBUG] Fact at source : @zero_value = constant i2 0, align 4 | ID: -1
[DEBUG] Fact at target : call void @_Z11source_funcB5cxx11v(%"class.std::__cxx11::basic_string"* sret(%"class.std::__cxx11::basic_string") align 8 %conspicuous_x), !psr.id !50 | ID: 46
[DEBUG] Destination    : %sel = load i32, i32* %ehselector.slot, align 4, !psr.id !64 | ID: 60
[DEBUG] Edge Function  : psr::EdgeIdentity<psr::BinaryDomain>
[DEBUG] End adding new jump function
[DEBUG] -------------------------------------------- 175. Path Edge --------------------------------------------
[DEBUG]  
[DEBUG] Process 175. path edge:
[DEBUG] < D source: @zero_value = constant i2 0, align 4 | ID: -1 ;
[DEBUG]   N target: %sel = load i32, i32* %ehselector.slot, align 4, !psr.id !64 | ID: 60 ;
[DEBUG]   D target: call void @_Z11source_funcB5cxx11v(%"class.std::__cxx11::basic_string"* sret(%"class.std::__cxx11::basic_string") align 8 %conspicuous_x), !psr.id !50 | ID: 46 >
[DEBUG]  
[DEBUG] Process normal at target: %sel = load i32, i32* %ehselector.slot, align 4, !psr.id !64 | ID: 60
[DEBUG] JumpFunctions Forward-Lookup:
[DEBUG]    Source D: @zero_value = constant i2 0, align 4 | ID: -1
[DEBUG]    Target N: %sel = load i32, i32* %ehselector.slot, align 4, !psr.id !64 | ID: 60
[DEBUG]    Target D: call void @_Z11source_funcB5cxx11v(%"class.std::__cxx11::basic_string"* sret(%"class.std::__cxx11::basic_string") align 8 %conspicuous_x), !psr.id !50 | ID: 46
[DEBUG]   => EdgeFn: psr::EdgeIdentity<psr::BinaryDomain>
[DEBUG] Normal flow function factory call
[DEBUG] (N) Curr Inst : %sel = load i32, i32* %ehselector.slot, align 4, !psr.id !64 | ID: 60
[DEBUG] (N) Succ Inst : %lpad.val = insertvalue { i8*, i32 } undef, i8* %exn, 0, !psr.id !65 | ID: 61
[DEBUG] Flow function fetched from cache
[DEBUG] Normal edge function factory call
[DEBUG] (N) Curr Inst : %sel = load i32, i32* %ehselector.slot, align 4, !psr.id !64 | ID: 60
[DEBUG] (D) Curr Node : call void @_Z11source_funcB5cxx11v(%"class.std::__cxx11::basic_string"* sret(%"class.std::__cxx11::basic_string") align 8 %conspicuous_x), !psr.id !50 | ID: 46
[DEBUG] (N) Succ Inst : %lpad.val = insertvalue { i8*, i32 } undef, i8* %exn, 0, !psr.id !65 | ID: 61
[DEBUG] (D) Succ Node : call void @_Z11source_funcB5cxx11v(%"class.std::__cxx11::basic_string"* sret(%"class.std::__cxx11::basic_string") align 8 %conspicuous_x), !psr.id !50 | ID: 46
[DEBUG] Edge function constructed
[DEBUG] Provide Edge Function: psr::EdgeIdentity<psr::BinaryDomain>
[DEBUG] Queried Normal Edge Function: psr::EdgeIdentity<psr::BinaryDomain>
[DEBUG] Compose: psr::EdgeIdentity<psr::BinaryDomain> * psr::EdgeIdentity<psr::BinaryDomain> = psr::EdgeIdentity<psr::BinaryDomain>
[DEBUG] Propagate flow
[DEBUG] Source value  : @zero_value = constant i2 0, align 4 | ID: -1
[DEBUG] Target        : %lpad.val = insertvalue { i8*, i32 } undef, i8* %exn, 0, !psr.id !65 | ID: 61
[DEBUG] Target value  : call void @_Z11source_funcB5cxx11v(%"class.std::__cxx11::basic_string"* sret(%"class.std::__cxx11::basic_string") align 8 %conspicuous_x), !psr.id !50 | ID: 46
[DEBUG] Edge function : psr::EdgeIdentity<psr::BinaryDomain> (result of previous compose)
[DEBUG] Join: psr::AllTop<psr::BinaryDomain> & psr::EdgeIdentity<psr::BinaryDomain> 
[DEBUG]     = psr::EdgeIdentity<psr::BinaryDomain> (new jump func)
[DEBUG]  
[DEBUG] Start adding new jump function
[DEBUG] Fact at source : @zero_value = constant i2 0, align 4 | ID: -1
[DEBUG] Fact at target : call void @_Z11source_funcB5cxx11v(%"class.std::__cxx11::basic_string"* sret(%"class.std::__cxx11::basic_string") align 8 %conspicuous_x), !psr.id !50 | ID: 46
[DEBUG] Destination    : %lpad.val = insertvalue { i8*, i32 } undef, i8* %exn, 0, !psr.id !65 | ID: 61
[DEBUG] Edge Function  : psr::EdgeIdentity<psr::BinaryDomain>
[DEBUG] End adding new jump function
[DEBUG] -------------------------------------------- 176. Path Edge --------------------------------------------
[DEBUG]  
[DEBUG] Process 176. path edge:
[DEBUG] < D source: @zero_value = constant i2 0, align 4 | ID: -1 ;
[DEBUG]   N target: %lpad.val = insertvalue { i8*, i32 } undef, i8* %exn, 0, !psr.id !65 | ID: 61 ;
[DEBUG]   D target: call void @_Z11source_funcB5cxx11v(%"class.std::__cxx11::basic_string"* sret(%"class.std::__cxx11::basic_string") align 8 %conspicuous_x), !psr.id !50 | ID: 46 >
[DEBUG]  
[DEBUG] Process normal at target: %lpad.val = insertvalue { i8*, i32 } undef, i8* %exn, 0, !psr.id !65 | ID: 61
[DEBUG] JumpFunctions Forward-Lookup:
[DEBUG]    Source D: @zero_value = constant i2 0, align 4 | ID: -1
[DEBUG]    Target N: %lpad.val = insertvalue { i8*, i32 } undef, i8* %exn, 0, !psr.id !65 | ID: 61
[DEBUG]    Target D: call void @_Z11source_funcB5cxx11v(%"class.std::__cxx11::basic_string"* sret(%"class.std::__cxx11::basic_string") align 8 %conspicuous_x), !psr.id !50 | ID: 46
[DEBUG]   => EdgeFn: psr::EdgeIdentity<psr::BinaryDomain>
[DEBUG] Normal flow function factory call
[DEBUG] (N) Curr Inst : %lpad.val = insertvalue { i8*, i32 } undef, i8* %exn, 0, !psr.id !65 | ID: 61
[DEBUG] (N) Succ Inst : %lpad.val1 = insertvalue { i8*, i32 } %lpad.val, i32 %sel, 1, !psr.id !66 | ID: 62
[DEBUG] Flow function fetched from cache
[DEBUG] Normal edge function factory call
[DEBUG] (N) Curr Inst : %lpad.val = insertvalue { i8*, i32 } undef, i8* %exn, 0, !psr.id !65 | ID: 61
[DEBUG] (D) Curr Node : call void @_Z11source_funcB5cxx11v(%"class.std::__cxx11::basic_string"* sret(%"class.std::__cxx11::basic_string") align 8 %conspicuous_x), !psr.id !50 | ID: 46
[DEBUG] (N) Succ Inst : %lpad.val1 = insertvalue { i8*, i32 } %lpad.val, i32 %sel, 1, !psr.id !66 | ID: 62
[DEBUG] (D) Succ Node : call void @_Z11source_funcB5cxx11v(%"class.std::__cxx11::basic_string"* sret(%"class.std::__cxx11::basic_string") align 8 %conspicuous_x), !psr.id !50 | ID: 46
[DEBUG] Edge function constructed
[DEBUG] Provide Edge Function: psr::EdgeIdentity<psr::BinaryDomain>
[DEBUG] Queried Normal Edge Function: psr::EdgeIdentity<psr::BinaryDomain>
[DEBUG] Compose: psr::EdgeIdentity<psr::BinaryDomain> * psr::EdgeIdentity<psr::BinaryDomain> = psr::EdgeIdentity<psr::BinaryDomain>
[DEBUG] Propagate flow
[DEBUG] Source value  : @zero_value = constant i2 0, align 4 | ID: -1
[DEBUG] Target        : %lpad.val1 = insertvalue { i8*, i32 } %lpad.val, i32 %sel, 1, !psr.id !66 | ID: 62
[DEBUG] Target value  : call void @_Z11source_funcB5cxx11v(%"class.std::__cxx11::basic_string"* sret(%"class.std::__cxx11::basic_string") align 8 %conspicuous_x), !psr.id !50 | ID: 46
[DEBUG] Edge function : psr::EdgeIdentity<psr::BinaryDomain> (result of previous compose)
[DEBUG] Join: psr::AllTop<psr::BinaryDomain> & psr::EdgeIdentity<psr::BinaryDomain> 
[DEBUG]     = psr::EdgeIdentity<psr::BinaryDomain> (new jump func)
[DEBUG]  
[DEBUG] Start adding new jump function
[DEBUG] Fact at source : @zero_value = constant i2 0, align 4 | ID: -1
[DEBUG] Fact at target : call void @_Z11source_funcB5cxx11v(%"class.std::__cxx11::basic_string"* sret(%"class.std::__cxx11::basic_string") align 8 %conspicuous_x), !psr.id !50 | ID: 46
[DEBUG] Destination    : %lpad.val1 = insertvalue { i8*, i32 } %lpad.val, i32 %sel, 1, !psr.id !66 | ID: 62
[DEBUG] Edge Function  : psr::EdgeIdentity<psr::BinaryDomain>
[DEBUG] End adding new jump function
[DEBUG] -------------------------------------------- 177. Path Edge --------------------------------------------
[DEBUG]  
[DEBUG] Process 177. path edge:
[DEBUG] < D source: @zero_value = constant i2 0, align 4 | ID: -1 ;
[DEBUG]   N target: %lpad.val1 = insertvalue { i8*, i32 } %lpad.val, i32 %sel, 1, !psr.id !66 | ID: 62 ;
[DEBUG]   D target: call void @_Z11source_funcB5cxx11v(%"class.std::__cxx11::basic_string"* sret(%"class.std::__cxx11::basic_string") align 8 %conspicuous_x), !psr.id !50 | ID: 46 >
[DEBUG]  
[DEBUG] Process normal at target: %lpad.val1 = insertvalue { i8*, i32 } %lpad.val, i32 %sel, 1, !psr.id !66 | ID: 62
[DEBUG] JumpFunctions Forward-Lookup:
[DEBUG]    Source D: @zero_value = constant i2 0, align 4 | ID: -1
[DEBUG]    Target N: %lpad.val1 = insertvalue { i8*, i32 } %lpad.val, i32 %sel, 1, !psr.id !66 | ID: 62
[DEBUG]    Target D: call void @_Z11source_funcB5cxx11v(%"class.std::__cxx11::basic_string"* sret(%"class.std::__cxx11::basic_string") align 8 %conspicuous_x), !psr.id !50 | ID: 46
[DEBUG]   => EdgeFn: psr::EdgeIdentity<psr::BinaryDomain>
[DEBUG] Normal flow function factory call
[DEBUG] (N) Curr Inst : %lpad.val1 = insertvalue { i8*, i32 } %lpad.val, i32 %sel, 1, !psr.id !66 | ID: 62
[DEBUG] (N) Succ Inst : resume { i8*, i32 } %lpad.val1, !psr.id !67 | ID: 63
[DEBUG] Flow function fetched from cache
[DEBUG] Normal edge function factory call
[DEBUG] (N) Curr Inst : %lpad.val1 = insertvalue { i8*, i32 } %lpad.val, i32 %sel, 1, !psr.id !66 | ID: 62
[DEBUG] (D) Curr Node : call void @_Z11source_funcB5cxx11v(%"class.std::__cxx11::basic_string"* sret(%"class.std::__cxx11::basic_string") align 8 %conspicuous_x), !psr.id !50 | ID: 46
[DEBUG] (N) Succ Inst : resume { i8*, i32 } %lpad.val1, !psr.id !67 | ID: 63
[DEBUG] (D) Succ Node : call void @_Z11source_funcB5cxx11v(%"class.std::__cxx11::basic_string"* sret(%"class.std::__cxx11::basic_string") align 8 %conspicuous_x), !psr.id !50 | ID: 46
[DEBUG] Edge function constructed
[DEBUG] Provide Edge Function: psr::EdgeIdentity<psr::BinaryDomain>
[DEBUG] Queried Normal Edge Function: psr::EdgeIdentity<psr::BinaryDomain>
[DEBUG] Compose: psr::EdgeIdentity<psr::BinaryDomain> * psr::EdgeIdentity<psr::BinaryDomain> = psr::EdgeIdentity<psr::BinaryDomain>
[DEBUG] Propagate flow
[DEBUG] Source value  : @zero_value = constant i2 0, align 4 | ID: -1
[DEBUG] Target        : resume { i8*, i32 } %lpad.val1, !psr.id !67 | ID: 63
[DEBUG] Target value  : call void @_Z11source_funcB5cxx11v(%"class.std::__cxx11::basic_string"* sret(%"class.std::__cxx11::basic_string") align 8 %conspicuous_x), !psr.id !50 | ID: 46
[DEBUG] Edge function : psr::EdgeIdentity<psr::BinaryDomain> (result of previous compose)
[DEBUG] Join: psr::AllTop<psr::BinaryDomain> & psr::EdgeIdentity<psr::BinaryDomain> 
[DEBUG]     = psr::EdgeIdentity<psr::BinaryDomain> (new jump func)
[DEBUG]  
[DEBUG] Start adding new jump function
[DEBUG] Fact at source : @zero_value = constant i2 0, align 4 | ID: -1
[DEBUG] Fact at target : call void @_Z11source_funcB5cxx11v(%"class.std::__cxx11::basic_string"* sret(%"class.std::__cxx11::basic_string") align 8 %conspicuous_x), !psr.id !50 | ID: 46
[DEBUG] Destination    : resume { i8*, i32 } %lpad.val1, !psr.id !67 | ID: 63
[DEBUG] Edge Function  : psr::EdgeIdentity<psr::BinaryDomain>
[DEBUG] End adding new jump function
[DEBUG] -------------------------------------------- 178. Path Edge --------------------------------------------
[DEBUG]  
[DEBUG] Process 178. path edge:
[DEBUG] < D source: @zero_value = constant i2 0, align 4 | ID: -1 ;
[DEBUG]   N target: resume { i8*, i32 } %lpad.val1, !psr.id !67 | ID: 63 ;
[DEBUG]   D target: call void @_Z11source_funcB5cxx11v(%"class.std::__cxx11::basic_string"* sret(%"class.std::__cxx11::basic_string") align 8 %conspicuous_x), !psr.id !50 | ID: 46 >
[DEBUG]  
[DEBUG] EDGE: <F: main, D: @zero_value = constant i2 0, align 4 | ID: -1>
[DEBUG]  ---> <N: resume { i8*, i32 } %lpad.val1, !psr.id !67 | ID: 63,
[DEBUG]        D: call void @_Z11source_funcB5cxx11v(%"class.std::__cxx11::basic_string"* sret(%"class.std::__cxx11::basic_string") align 8 %conspicuous_x), !psr.id !50 | ID: 46,
[DEBUG]       EF: psr::EdgeIdentity<psr::BinaryDomain>>
[DEBUG]  
[DEBUG] EDGE: <F: main, D: @zero_value = constant i2 0, align 4 | ID: -1>
[DEBUG]  ---> <N: %lpad.val1 = insertvalue { i8*, i32 } %lpad.val, i32 %sel, 1, !psr.id !66 | ID: 62,
[DEBUG]        D: call void @_Z11source_funcB5cxx11v(%"class.std::__cxx11::basic_string"* sret(%"class.std::__cxx11::basic_string") align 8 %conspicuous_x), !psr.id !50 | ID: 46,
[DEBUG]       EF: psr::EdgeIdentity<psr::BinaryDomain>>
[DEBUG]  
[DEBUG] EDGE: <F: main, D: @zero_value = constant i2 0, align 4 | ID: -1>
[DEBUG]  ---> <N: %lpad.val = insertvalue { i8*, i32 } undef, i8* %exn, 0, !psr.id !65 | ID: 61,
[DEBUG]        D: call void @_Z11source_funcB5cxx11v(%"class.std::__cxx11::basic_string"* sret(%"class.std::__cxx11::basic_string") align 8 %conspicuous_x), !psr.id !50 | ID: 46,
[DEBUG]       EF: psr::EdgeIdentity<psr::BinaryDomain>>
[DEBUG]  
[DEBUG] EDGE: <F: main, D: @zero_value = constant i2 0, align 4 | ID: -1>
[DEBUG]  ---> <N: %sel = load i32, i32* %ehselector.slot, align 4, !psr.id !64 | ID: 60,
[DEBUG]        D: call void @_Z11source_funcB5cxx11v(%"class.std::__cxx11::basic_string"* sret(%"class.std::__cxx11::basic_string") align 8 %conspicuous_x), !psr.id !50 | ID: 46,
[DEBUG]       EF: psr::EdgeIdentity<psr::BinaryDomain>>
[DEBUG]  
[DEBUG] EDGE: <F: main, D: @zero_value = constant i2 0, align 4 | ID: -1>
[DEBUG]  ---> <N: %exn = load i8*, i8** %exn.slot, align 8, !psr.id !63 | ID: 59,
[DEBUG]        D: call void @_Z11source_funcB5cxx11v(%"class.std::__cxx11::basic_string"* sret(%"class.std::__cxx11::basic_string") align 8 %conspicuous_x), !psr.id !50 | ID: 46,
[DEBUG]       EF: psr::EdgeIdentity<psr::BinaryDomain>>
[DEBUG]  
[DEBUG] EDGE: <F: main, D: @zero_value = constant i2 0, align 4 | ID: -1>
[DEBUG]  ---> <N: br label %eh.resume, !psr.id !62 | ID: 58,
[DEBUG]        D: call void @_Z11source_funcB5cxx11v(%"class.std::__cxx11::basic_string"* sret(%"class.std::__cxx11::basic_string") align 8 %conspicuous_x), !psr.id !50 | ID: 46,
[DEBUG]       EF: psr::EdgeIdentity<psr::BinaryDomain>>
[DEBUG]  
[DEBUG] EDGE: <F: main, D: @zero_value = constant i2 0, align 4 | ID: -1>
[DEBUG]  ---> <N: call void @_ZNSt7__cxx1112basic_stringIcSt11char_traitsIcESaIcEED1Ev(%"class.std::__cxx11::basic_string"* noundef nonnull align 8 dereferenceable(32) %conspicuous_x) #6, !psr.id !61 | ID: 57,
[DEBUG]        D: call void @_Z11source_funcB5cxx11v(%"class.std::__cxx11::basic_string"* sret(%"class.std::__cxx11::basic_string") align 8 %conspicuous_x), !psr.id !50 | ID: 46,
[DEBUG]       EF: psr::EdgeIdentity<psr::BinaryDomain>>
[DEBUG]  
[DEBUG] EDGE: <F: main, D: @zero_value = constant i2 0, align 4 | ID: -1>
[DEBUG]  ---> <N: store i32 %2, i32* %ehselector.slot, align 4, !psr.id !60 | ID: 56,
[DEBUG]        D: call void @_Z11source_funcB5cxx11v(%"class.std::__cxx11::basic_string"* sret(%"class.std::__cxx11::basic_string") align 8 %conspicuous_x), !psr.id !50 | ID: 46,
[DEBUG]       EF: psr::EdgeIdentity<psr::BinaryDomain>>
[DEBUG]  
[DEBUG] EDGE: <F: main, D: @zero_value = constant i2 0, align 4 | ID: -1>
[DEBUG]  ---> <N: %2 = extractvalue { i8*, i32 } %0, 1, !psr.id !59 | ID: 55,
[DEBUG]        D: call void @_Z11source_funcB5cxx11v(%"class.std::__cxx11::basic_string"* sret(%"class.std::__cxx11::basic_string") align 8 %conspicuous_x), !psr.id !50 | ID: 46,
[DEBUG]       EF: psr::EdgeIdentity<psr::BinaryDomain>>
[DEBUG]  
[DEBUG] EDGE: <F: main, D: @zero_value = constant i2 0, align 4 | ID: -1>
[DEBUG]  ---> <N: store i8* %1, i8** %exn.slot, align 8, !psr.id !58 | ID: 54,
[DEBUG]        D: call void @_Z11source_funcB5cxx11v(%"class.std::__cxx11::basic_string"* sret(%"class.std::__cxx11::basic_string") align 8 %conspicuous_x), !psr.id !50 | ID: 46,
[DEBUG]       EF: psr::EdgeIdentity<psr::BinaryDomain>>
[DEBUG]  
[DEBUG] EDGE: <F: main, D: @zero_value = constant i2 0, align 4 | ID: -1>
[DEBUG]  ---> <N: %1 = extractvalue { i8*, i32 } %0, 0, !psr.id !57 | ID: 53,
[DEBUG]        D: call void @_Z11source_funcB5cxx11v(%"class.std::__cxx11::basic_string"* sret(%"class.std::__cxx11::basic_string") align 8 %conspicuous_x), !psr.id !50 | ID: 46,
[DEBUG]       EF: psr::EdgeIdentity<psr::BinaryDomain>>
[DEBUG]  
[DEBUG] EDGE: <F: main, D: @zero_value = constant i2 0, align 4 | ID: -1>
[DEBUG]  ---> <N: %0 = landingpad { i8*, i32 }
          cleanup, !psr.id !56 | ID: 52,
[DEBUG]        D: call void @_Z11source_funcB5cxx11v(%"class.std::__cxx11::basic_string"* sret(%"class.std::__cxx11::basic_string") align 8 %conspicuous_x), !psr.id !50 | ID: 46,
[DEBUG]       EF: psr::EdgeIdentity<psr::BinaryDomain>>
[DEBUG]  
[DEBUG] EDGE: <F: main, D: @zero_value = constant i2 0, align 4 | ID: -1>
[DEBUG]  ---> <N: invoke void @_ZNSt7__cxx1112basic_stringIcSt11char_traitsIcESaIcEEC1ERKS4_(%"class.std::__cxx11::basic_string"* noundef nonnull align 8 dereferenceable(32) %agg.tmp, %"class.std::__cxx11::basic_string"* noundef nonnull align 8 dereferenceable(32) %conspicuous_x)
          to label %invoke.cont unwind label %lpad, !psr.id !51 | ID: 47,
[DEBUG]        D: call void @_Z11source_funcB5cxx11v(%"class.std::__cxx11::basic_string"* sret(%"class.std::__cxx11::basic_string") align 8 %conspicuous_x), !psr.id !50 | ID: 46,
[DEBUG]       EF: psr::EdgeIdentity<psr::BinaryDomain>>
[DEBUG]  
[DEBUG] Call-to-Return edge function factory call
[DEBUG] (N) Call Site : call void @_Z11source_funcB5cxx11v(%"class.std::__cxx11::basic_string"* sret(%"class.std::__cxx11::basic_string") align 8 %conspicuous_x), !psr.id !50 | ID: 46
[DEBUG] (D) Call Node : @zero_value = constant i2 0, align 4 | ID: -1
[DEBUG] (N) Ret Site  : invoke void @_ZNSt7__cxx1112basic_stringIcSt11char_traitsIcESaIcEEC1ERKS4_(%"class.std::__cxx11::basic_string"* noundef nonnull align 8 dereferenceable(32) %agg.tmp, %"class.std::__cxx11::basic_string"* noundef nonnull align 8 dereferenceable(32) %conspicuous_x)
          to label %invoke.cont unwind label %lpad, !psr.id !51 | ID: 47
[DEBUG] (D) Ret Node  : @zero_value = constant i2 0, align 4 | ID: -1
[DEBUG] (F) Callee's  : 
[DEBUG]   _Z11source_funcB5cxx11v
[DEBUG] Edge function constructed
[DEBUG] Provide Edge Function: psr::EdgeIdentity<psr::BinaryDomain>
[DEBUG] Queried Call-to-Return Edge Function: psr::EdgeIdentity<psr::BinaryDomain>
[DEBUG] Compose: psr::EdgeIdentity<psr::BinaryDomain> * psr::EdgeIdentity<psr::BinaryDomain> = psr::EdgeIdentity<psr::BinaryDomain>
[DEBUG] Propagate flow
[DEBUG] Source value  : @zero_value = constant i2 0, align 4 | ID: -1
[DEBUG] Target        : invoke void @_ZNSt7__cxx1112basic_stringIcSt11char_traitsIcESaIcEEC1ERKS4_(%"class.std::__cxx11::basic_string"* noundef nonnull align 8 dereferenceable(32) %agg.tmp, %"class.std::__cxx11::basic_string"* noundef nonnull align 8 dereferenceable(32) %conspicuous_x)
          to label %invoke.cont unwind label %lpad, !psr.id !51 | ID: 47
[DEBUG] Target value  : @zero_value = constant i2 0, align 4 | ID: -1
[DEBUG] Edge function : psr::EdgeIdentity<psr::BinaryDomain> (result of previous compose)
[DEBUG] Join: psr::EdgeIdentity<psr::BinaryDomain> & psr::EdgeIdentity<psr::BinaryDomain> (EF's are equal)
[DEBUG]     = psr::EdgeIdentity<psr::BinaryDomain> 
[DEBUG]  
[DEBUG] PROPAGATE: No new function!
[DEBUG] Start adding new jump function
[DEBUG] Fact at source : @zero_value = constant i2 0, align 4 | ID: -1
[DEBUG] Fact at target : @zero_value = constant i2 0, align 4 | ID: -1
[DEBUG] Destination    : %argc.addr = alloca i32, align 4, !psr.id !42 | ID: 38
[DEBUG] Edge Function  : psr::EdgeIdentity<psr::BinaryDomain>
[DEBUG] End adding new jump function
[INFO] Compute the final values according to the edge functions
[DEBUG] Start computing values
[DEBUG] set initial seed at: %argc.addr = alloca i32, align 4, !psr.id !42 | ID: 38, fact: i32 %argc | ID: main.0, value: TOP
[DEBUG] Function : main
[DEBUG] Inst.    : %argc.addr = alloca i32, align 4, !psr.id !42 | ID: 38
[DEBUG] Fact     : i32 %argc | ID: main.0
[DEBUG] Value    : TOP
[DEBUG]  
[DEBUG] set initial seed at: %argc.addr = alloca i32, align 4, !psr.id !42 | ID: 38, fact: i8** %argv | ID: main.1, value: TOP
[DEBUG] Function : main
[DEBUG] Inst.    : %argc.addr = alloca i32, align 4, !psr.id !42 | ID: 38
[DEBUG] Fact     : i8** %argv | ID: main.1
[DEBUG] Value    : TOP
[DEBUG]  
[DEBUG] set initial seed at: %argc.addr = alloca i32, align 4, !psr.id !42 | ID: 38, fact: @zero_value = constant i2 0, align 4 | ID: -1, value: TOP
[DEBUG] Function : main
[DEBUG] Inst.    : %argc.addr = alloca i32, align 4, !psr.id !42 | ID: 38
[DEBUG] Fact     : @zero_value = constant i2 0, align 4 | ID: -1
[DEBUG] Value    : TOP
[DEBUG]  
[DEBUG] Function : _Z11source_funcB5cxx11v
[DEBUG] Inst.    : %this.addr.i4 = alloca %"class.std::allocator"*, align 8, !psr.id !6 | ID: 2
[DEBUG] Fact     : @zero_value = constant i2 0, align 4 | ID: -1
[DEBUG] Value    : TOP
[DEBUG]  
[DEBUG] Function : _Z11source_funcB5cxx11v
[DEBUG] Inst.    : %this.addr.i2 = alloca %"class.std::allocator"*, align 8, !psr.id !7 | ID: 3
[DEBUG] Fact     : @zero_value = constant i2 0, align 4 | ID: -1
[DEBUG] Value    : TOP
[DEBUG]  
[DEBUG] Function : _Z11source_funcB5cxx11v
[DEBUG] Inst.    : %this.addr.i = alloca %"class.std::allocator"*, align 8, !psr.id !8 | ID: 4
[DEBUG] Fact     : @zero_value = constant i2 0, align 4 | ID: -1
[DEBUG] Value    : TOP
[DEBUG]  
[DEBUG] Function : _Z11source_funcB5cxx11v
[DEBUG] Inst.    : %result.ptr = alloca i8*, align 8, !psr.id !9 | ID: 5
[DEBUG] Fact     : @zero_value = constant i2 0, align 4 | ID: -1
[DEBUG] Value    : TOP
[DEBUG]  
[DEBUG] Function : _Z11source_funcB5cxx11v
[DEBUG] Inst.    : %ref.tmp = alloca %"class.std::allocator", align 1, !psr.id !10 | ID: 6
[DEBUG] Fact     : @zero_value = constant i2 0, align 4 | ID: -1
[DEBUG] Value    : TOP
[DEBUG]  
[DEBUG] Function : _Z11source_funcB5cxx11v
[DEBUG] Inst.    : %exn.slot = alloca i8*, align 8, !psr.id !11 | ID: 7
[DEBUG] Fact     : @zero_value = constant i2 0, align 4 | ID: -1
[DEBUG] Value    : TOP
[DEBUG]  
[DEBUG] Function : _Z11source_funcB5cxx11v
[DEBUG] Inst.    : %ehselector.slot = alloca i32, align 4, !psr.id !12 | ID: 8
[DEBUG] Fact     : @zero_value = constant i2 0, align 4 | ID: -1
[DEBUG] Value    : TOP
[DEBUG]  
[DEBUG] Function : _Z11source_funcB5cxx11v
[DEBUG] Inst.    : %0 = bitcast %"class.std::__cxx11::basic_string"* %agg.result to i8*, !psr.id !13 | ID: 9
[DEBUG] Fact     : @zero_value = constant i2 0, align 4 | ID: -1
[DEBUG] Value    : TOP
[DEBUG]  
[DEBUG] Function : _Z11source_funcB5cxx11v
[DEBUG] Inst.    : store i8* %0, i8** %result.ptr, align 8, !psr.id !14 | ID: 10
[DEBUG] Fact     : @zero_value = constant i2 0, align 4 | ID: -1
[DEBUG] Value    : TOP
[DEBUG]  
[DEBUG] Function : _Z11source_funcB5cxx11v
[DEBUG] Inst.    : store %"class.std::allocator"* %ref.tmp, %"class.std::allocator"** %this.addr.i, align 8, !psr.id !15 | ID: 11
[DEBUG] Fact     : @zero_value = constant i2 0, align 4 | ID: -1
[DEBUG] Value    : TOP
[DEBUG]  
[DEBUG] Function : _Z11source_funcB5cxx11v
[DEBUG] Inst.    : %this1.i = load %"class.std::allocator"*, %"class.std::allocator"** %this.addr.i, align 8, !psr.id !16 | ID: 12
[DEBUG] Fact     : @zero_value = constant i2 0, align 4 | ID: -1
[DEBUG] Value    : TOP
[DEBUG]  
[DEBUG] Function : _Z11source_funcB5cxx11v
[DEBUG] Inst.    : %1 = bitcast %"class.std::allocator"* %this1.i to %"class.std::__new_allocator"*, !psr.id !17 | ID: 13
[DEBUG] Fact     : @zero_value = constant i2 0, align 4 | ID: -1
[DEBUG] Value    : TOP
[DEBUG]  
[DEBUG] Function : _Z11source_funcB5cxx11v
[DEBUG] Inst.    : store %"class.std::__new_allocator"* %1, %"class.std::__new_allocator"** %this.addr.i6, align 8, !psr.id !18 | ID: 14
[DEBUG] Fact     : @zero_value = constant i2 0, align 4 | ID: -1
[DEBUG] Value    : TOP
[DEBUG]  
[DEBUG] Function : _Z11source_funcB5cxx11v
[DEBUG] Inst.    : %this1.i7 = load %"class.std::__new_allocator"*, %"class.std::__new_allocator"** %this.addr.i6, align 8, !psr.id !19 | ID: 15
[DEBUG] Fact     : @zero_value = constant i2 0, align 4 | ID: -1
[DEBUG] Value    : TOP
[DEBUG]  
[DEBUG] Function : _Z11source_funcB5cxx11v
[DEBUG] Inst.    : store %"class.std::allocator"* %ref.tmp, %"class.std::allocator"** %this.addr.i2, align 8, !psr.id !21 | ID: 17
[DEBUG] Fact     : @zero_value = constant i2 0, align 4 | ID: -1
[DEBUG] Value    : TOP
[DEBUG]  
[DEBUG] Function : _Z11source_funcB5cxx11v
[DEBUG] Inst.    : %this1.i3 = load %"class.std::allocator"*, %"class.std::allocator"** %this.addr.i2, align 8, !psr.id !22 | ID: 18
[DEBUG] Fact     : @zero_value = constant i2 0, align 4 | ID: -1
[DEBUG] Value    : TOP
[DEBUG]  
[DEBUG] Function : _Z11source_funcB5cxx11v
[DEBUG] Inst.    : %2 = bitcast %"class.std::allocator"* %this1.i3 to %"class.std::__new_allocator"*, !psr.id !23 | ID: 19
[DEBUG] Fact     : @zero_value = constant i2 0, align 4 | ID: -1
[DEBUG] Value    : TOP
[DEBUG]  
[DEBUG] Function : _Z11source_funcB5cxx11v
[DEBUG] Inst.    : ret void, !psr.id !25 | ID: 21
[DEBUG] Fact     : @zero_value = constant i2 0, align 4 | ID: -1
[DEBUG] Value    : TOP
[DEBUG]  
[DEBUG] Function : _Z11source_funcB5cxx11v
[DEBUG] Inst.    : %3 = landingpad { i8*, i32 }
          cleanup, !psr.id !26 | ID: 22
[DEBUG] Fact     : @zero_value = constant i2 0, align 4 | ID: -1
[DEBUG] Value    : TOP
[DEBUG]  
[DEBUG] Function : _Z11source_funcB5cxx11v
[DEBUG] Inst.    : %4 = extractvalue { i8*, i32 } %3, 0, !psr.id !27 | ID: 23
[DEBUG] Fact     : @zero_value = constant i2 0, align 4 | ID: -1
[DEBUG] Value    : TOP
[DEBUG]  
[DEBUG] Function : _Z11source_funcB5cxx11v
[DEBUG] Inst.    : store i8* %4, i8** %exn.slot, align 8, !psr.id !28 | ID: 24
[DEBUG] Fact     : @zero_value = constant i2 0, align 4 | ID: -1
[DEBUG] Value    : TOP
[DEBUG]  
[DEBUG] Function : _Z11source_funcB5cxx11v
[DEBUG] Inst.    : %5 = extractvalue { i8*, i32 } %3, 1, !psr.id !29 | ID: 25
[DEBUG] Fact     : @zero_value = constant i2 0, align 4 | ID: -1
[DEBUG] Value    : TOP
[DEBUG]  
[DEBUG] Function : _Z11source_funcB5cxx11v
[DEBUG] Inst.    : store i32 %5, i32* %ehselector.slot, align 4, !psr.id !30 | ID: 26
[DEBUG] Fact     : @zero_value = constant i2 0, align 4 | ID: -1
[DEBUG] Value    : TOP
[DEBUG]  
[DEBUG] Function : _Z11source_funcB5cxx11v
[DEBUG] Inst.    : store %"class.std::allocator"* %ref.tmp, %"class.std::allocator"** %this.addr.i4, align 8, !psr.id !31 | ID: 27
[DEBUG] Fact     : @zero_value = constant i2 0, align 4 | ID: -1
[DEBUG] Value    : TOP
[DEBUG]  
[DEBUG] Function : _Z11source_funcB5cxx11v
[DEBUG] Inst.    : %this1.i5 = load %"class.std::allocator"*, %"class.std::allocator"** %this.addr.i4, align 8, !psr.id !32 | ID: 28
[DEBUG] Fact     : @zero_value = constant i2 0, align 4 | ID: -1
[DEBUG] Value    : TOP
[DEBUG]  
[DEBUG] Function : _Z11source_funcB5cxx11v
[DEBUG] Inst.    : %6 = bitcast %"class.std::allocator"* %this1.i5 to %"class.std::__new_allocator"*, !psr.id !33 | ID: 29
[DEBUG] Fact     : @zero_value = constant i2 0, align 4 | ID: -1
[DEBUG] Value    : TOP
[DEBUG]  
[DEBUG] Function : _Z11source_funcB5cxx11v
[DEBUG] Inst.    : br label %eh.resume, !psr.id !35 | ID: 31
[DEBUG] Fact     : @zero_value = constant i2 0, align 4 | ID: -1
[DEBUG] Value    : TOP
[DEBUG]  
[DEBUG] Function : _Z11source_funcB5cxx11v
[DEBUG] Inst.    : %exn = load i8*, i8** %exn.slot, align 8, !psr.id !36 | ID: 32
[DEBUG] Fact     : @zero_value = constant i2 0, align 4 | ID: -1
[DEBUG] Value    : TOP
[DEBUG]  
[DEBUG] Function : _Z11source_funcB5cxx11v
[DEBUG] Inst.    : %sel = load i32, i32* %ehselector.slot, align 4, !psr.id !37 | ID: 33
[DEBUG] Fact     : @zero_value = constant i2 0, align 4 | ID: -1
[DEBUG] Value    : TOP
[DEBUG]  
[DEBUG] Function : _Z11source_funcB5cxx11v
[DEBUG] Inst.    : %lpad.val = insertvalue { i8*, i32 } undef, i8* %exn, 0, !psr.id !38 | ID: 34
[DEBUG] Fact     : @zero_value = constant i2 0, align 4 | ID: -1
[DEBUG] Value    : TOP
[DEBUG]  
[DEBUG] Function : _Z11source_funcB5cxx11v
[DEBUG] Inst.    : %lpad.val1 = insertvalue { i8*, i32 } %lpad.val, i32 %sel, 1, !psr.id !39 | ID: 35
[DEBUG] Fact     : @zero_value = constant i2 0, align 4 | ID: -1
[DEBUG] Value    : TOP
[DEBUG]  
[DEBUG] Function : _Z11source_funcB5cxx11v
[DEBUG] Inst.    : resume { i8*, i32 } %lpad.val1, !psr.id !40 | ID: 36
[DEBUG] Fact     : @zero_value = constant i2 0, align 4 | ID: -1
[DEBUG] Value    : TOP
[DEBUG]  
[DEBUG] Function : main
[DEBUG] Inst.    : %argv.addr = alloca i8**, align 8, !psr.id !43 | ID: 39
[DEBUG] Fact     : i32 %argc | ID: main.0
[DEBUG] Value    : TOP
[DEBUG]  
[DEBUG] Function : main
[DEBUG] Inst.    : %argv.addr = alloca i8**, align 8, !psr.id !43 | ID: 39
[DEBUG] Fact     : i8** %argv | ID: main.1
[DEBUG] Value    : TOP
[DEBUG]  
[DEBUG] Function : main
[DEBUG] Inst.    : %argv.addr = alloca i8**, align 8, !psr.id !43 | ID: 39
[DEBUG] Fact     : @zero_value = constant i2 0, align 4 | ID: -1
[DEBUG] Value    : TOP
[DEBUG]  
[DEBUG] Function : main
[DEBUG] Inst.    : %conspicuous_x = alloca %"class.std::__cxx11::basic_string", align 8, !psr.id !44 | ID: 40
[DEBUG] Fact     : i32 %argc | ID: main.0
[DEBUG] Value    : TOP
[DEBUG]  
[DEBUG] Function : main
[DEBUG] Inst.    : %conspicuous_x = alloca %"class.std::__cxx11::basic_string", align 8, !psr.id !44 | ID: 40
[DEBUG] Fact     : i8** %argv | ID: main.1
[DEBUG] Value    : TOP
[DEBUG]  
[DEBUG] Function : main
[DEBUG] Inst.    : %conspicuous_x = alloca %"class.std::__cxx11::basic_string", align 8, !psr.id !44 | ID: 40
[DEBUG] Fact     : @zero_value = constant i2 0, align 4 | ID: -1
[DEBUG] Value    : TOP
[DEBUG]  
[DEBUG] Function : main
[DEBUG] Inst.    : %agg.tmp = alloca %"class.std::__cxx11::basic_string", align 8, !psr.id !45 | ID: 41
[DEBUG] Fact     : i32 %argc | ID: main.0
[DEBUG] Value    : TOP
[DEBUG]  
[DEBUG] Function : main
[DEBUG] Inst.    : %agg.tmp = alloca %"class.std::__cxx11::basic_string", align 8, !psr.id !45 | ID: 41
[DEBUG] Fact     : i8** %argv | ID: main.1
[DEBUG] Value    : TOP
[DEBUG]  
[DEBUG] Function : main
[DEBUG] Inst.    : %agg.tmp = alloca %"class.std::__cxx11::basic_string", align 8, !psr.id !45 | ID: 41
[DEBUG] Fact     : @zero_value = constant i2 0, align 4 | ID: -1
[DEBUG] Value    : TOP
[DEBUG]  
[DEBUG] Function : main
[DEBUG] Inst.    : %exn.slot = alloca i8*, align 8, !psr.id !46 | ID: 42
[DEBUG] Fact     : i32 %argc | ID: main.0
[DEBUG] Value    : TOP
[DEBUG]  
[DEBUG] Function : main
[DEBUG] Inst.    : %exn.slot = alloca i8*, align 8, !psr.id !46 | ID: 42
[DEBUG] Fact     : i8** %argv | ID: main.1
[DEBUG] Value    : TOP
[DEBUG]  
[DEBUG] Function : main
[DEBUG] Inst.    : %exn.slot = alloca i8*, align 8, !psr.id !46 | ID: 42
[DEBUG] Fact     : @zero_value = constant i2 0, align 4 | ID: -1
[DEBUG] Value    : TOP
[DEBUG]  
[DEBUG] Function : main
[DEBUG] Inst.    : %ehselector.slot = alloca i32, align 4, !psr.id !47 | ID: 43
[DEBUG] Fact     : i32 %argc | ID: main.0
[DEBUG] Value    : TOP
[DEBUG]  
[DEBUG] Function : main
[DEBUG] Inst.    : %ehselector.slot = alloca i32, align 4, !psr.id !47 | ID: 43
[DEBUG] Fact     : i8** %argv | ID: main.1
[DEBUG] Value    : TOP
[DEBUG]  
[DEBUG] Function : main
[DEBUG] Inst.    : %ehselector.slot = alloca i32, align 4, !psr.id !47 | ID: 43
[DEBUG] Fact     : @zero_value = constant i2 0, align 4 | ID: -1
[DEBUG] Value    : TOP
[DEBUG]  
[DEBUG] Function : main
[DEBUG] Inst.    : store i32 %argc, i32* %argc.addr, align 4, !psr.id !48 | ID: 44
[DEBUG] Fact     : i32 %argc | ID: main.0
[DEBUG] Value    : TOP
[DEBUG]  
[DEBUG] Function : main
[DEBUG] Inst.    : store i32 %argc, i32* %argc.addr, align 4, !psr.id !48 | ID: 44
[DEBUG] Fact     : i8** %argv | ID: main.1
[DEBUG] Value    : TOP
[DEBUG]  
[DEBUG] Function : main
[DEBUG] Inst.    : store i32 %argc, i32* %argc.addr, align 4, !psr.id !48 | ID: 44
[DEBUG] Fact     : @zero_value = constant i2 0, align 4 | ID: -1
[DEBUG] Value    : TOP
[DEBUG]  
[DEBUG] Function : main
[DEBUG] Inst.    : store i8** %argv, i8*** %argv.addr, align 8, !psr.id !49 | ID: 45
[DEBUG] Fact     : i32 %argc | ID: main.0
[DEBUG] Value    : TOP
[DEBUG]  
[DEBUG] Function : main
[DEBUG] Inst.    : store i8** %argv, i8*** %argv.addr, align 8, !psr.id !49 | ID: 45
[DEBUG] Fact     : %argc.addr = alloca i32, align 4, !psr.id !42 | ID: 38
[DEBUG] Value    : TOP
[DEBUG]  
[DEBUG] Function : main
[DEBUG] Inst.    : store i8** %argv, i8*** %argv.addr, align 8, !psr.id !49 | ID: 45
[DEBUG] Fact     : i8** %argv | ID: main.1
[DEBUG] Value    : TOP
[DEBUG]  
[DEBUG] Function : main
[DEBUG] Inst.    : store i8** %argv, i8*** %argv.addr, align 8, !psr.id !49 | ID: 45
[DEBUG] Fact     : @zero_value = constant i2 0, align 4 | ID: -1
[DEBUG] Value    : TOP
[DEBUG]  
[DEBUG] Function : main
[DEBUG] Inst.    : ret i32 0, !psr.id !55 | ID: 51
[DEBUG] Fact     : i32 %argc | ID: main.0
[DEBUG] Value    : TOP
[DEBUG]  
[DEBUG] Function : main
[DEBUG] Inst.    : ret i32 0, !psr.id !55 | ID: 51
[DEBUG] Fact     : %argc.addr = alloca i32, align 4, !psr.id !42 | ID: 38
[DEBUG] Value    : TOP
[DEBUG]  
[DEBUG] Function : main
[DEBUG] Inst.    : ret i32 0, !psr.id !55 | ID: 51
[DEBUG] Fact     : i8** %argv | ID: main.1
[DEBUG] Value    : TOP
[DEBUG]  
[DEBUG] Function : main
[DEBUG] Inst.    : ret i32 0, !psr.id !55 | ID: 51
[DEBUG] Fact     : %argv.addr = alloca i8**, align 8, !psr.id !43 | ID: 39
[DEBUG] Value    : TOP
[DEBUG]  
[DEBUG] Function : main
[DEBUG] Inst.    : ret i32 0, !psr.id !55 | ID: 51
[DEBUG] Fact     : call void @_Z11source_funcB5cxx11v(%"class.std::__cxx11::basic_string"* sret(%"class.std::__cxx11::basic_string") align 8 %conspicuous_x), !psr.id !50 | ID: 46
[DEBUG] Value    : TOP
[DEBUG]  
[DEBUG] Function : main
[DEBUG] Inst.    : ret i32 0, !psr.id !55 | ID: 51
[DEBUG] Fact     : @zero_value = constant i2 0, align 4 | ID: -1
[DEBUG] Value    : TOP
[DEBUG]  
[DEBUG] Function : main
[DEBUG] Inst.    : %0 = landingpad { i8*, i32 }
          cleanup, !psr.id !56 | ID: 52
[DEBUG] Fact     : i32 %argc | ID: main.0
[DEBUG] Value    : TOP
[DEBUG]  
[DEBUG] Function : main
[DEBUG] Inst.    : %0 = landingpad { i8*, i32 }
          cleanup, !psr.id !56 | ID: 52
[DEBUG] Fact     : %argc.addr = alloca i32, align 4, !psr.id !42 | ID: 38
[DEBUG] Value    : TOP
[DEBUG]  
[DEBUG] Function : main
[DEBUG] Inst.    : %0 = landingpad { i8*, i32 }
          cleanup, !psr.id !56 | ID: 52
[DEBUG] Fact     : i8** %argv | ID: main.1
[DEBUG] Value    : TOP
[DEBUG]  
[DEBUG] Function : main
[DEBUG] Inst.    : %0 = landingpad { i8*, i32 }
          cleanup, !psr.id !56 | ID: 52
[DEBUG] Fact     : %argv.addr = alloca i8**, align 8, !psr.id !43 | ID: 39
[DEBUG] Value    : TOP
[DEBUG]  
[DEBUG] Function : main
[DEBUG] Inst.    : %0 = landingpad { i8*, i32 }
          cleanup, !psr.id !56 | ID: 52
[DEBUG] Fact     : call void @_Z11source_funcB5cxx11v(%"class.std::__cxx11::basic_string"* sret(%"class.std::__cxx11::basic_string") align 8 %conspicuous_x), !psr.id !50 | ID: 46
[DEBUG] Value    : TOP
[DEBUG]  
[DEBUG] Function : main
[DEBUG] Inst.    : %0 = landingpad { i8*, i32 }
          cleanup, !psr.id !56 | ID: 52
[DEBUG] Fact     : @zero_value = constant i2 0, align 4 | ID: -1
[DEBUG] Value    : TOP
[DEBUG]  
[DEBUG] Function : main
[DEBUG] Inst.    : %1 = extractvalue { i8*, i32 } %0, 0, !psr.id !57 | ID: 53
[DEBUG] Fact     : i32 %argc | ID: main.0
[DEBUG] Value    : TOP
[DEBUG]  
[DEBUG] Function : main
[DEBUG] Inst.    : %1 = extractvalue { i8*, i32 } %0, 0, !psr.id !57 | ID: 53
[DEBUG] Fact     : %argc.addr = alloca i32, align 4, !psr.id !42 | ID: 38
[DEBUG] Value    : TOP
[DEBUG]  
[DEBUG] Function : main
[DEBUG] Inst.    : %1 = extractvalue { i8*, i32 } %0, 0, !psr.id !57 | ID: 53
[DEBUG] Fact     : i8** %argv | ID: main.1
[DEBUG] Value    : TOP
[DEBUG]  
[DEBUG] Function : main
[DEBUG] Inst.    : %1 = extractvalue { i8*, i32 } %0, 0, !psr.id !57 | ID: 53
[DEBUG] Fact     : %argv.addr = alloca i8**, align 8, !psr.id !43 | ID: 39
[DEBUG] Value    : TOP
[DEBUG]  
[DEBUG] Function : main
[DEBUG] Inst.    : %1 = extractvalue { i8*, i32 } %0, 0, !psr.id !57 | ID: 53
[DEBUG] Fact     : call void @_Z11source_funcB5cxx11v(%"class.std::__cxx11::basic_string"* sret(%"class.std::__cxx11::basic_string") align 8 %conspicuous_x), !psr.id !50 | ID: 46
[DEBUG] Value    : TOP
[DEBUG]  
[DEBUG] Function : main
[DEBUG] Inst.    : %1 = extractvalue { i8*, i32 } %0, 0, !psr.id !57 | ID: 53
[DEBUG] Fact     : @zero_value = constant i2 0, align 4 | ID: -1
[DEBUG] Value    : TOP
[DEBUG]  
[DEBUG] Function : main
[DEBUG] Inst.    : store i8* %1, i8** %exn.slot, align 8, !psr.id !58 | ID: 54
[DEBUG] Fact     : i32 %argc | ID: main.0
[DEBUG] Value    : TOP
[DEBUG]  
[DEBUG] Function : main
[DEBUG] Inst.    : store i8* %1, i8** %exn.slot, align 8, !psr.id !58 | ID: 54
[DEBUG] Fact     : %argc.addr = alloca i32, align 4, !psr.id !42 | ID: 38
[DEBUG] Value    : TOP
[DEBUG]  
[DEBUG] Function : main
[DEBUG] Inst.    : store i8* %1, i8** %exn.slot, align 8, !psr.id !58 | ID: 54
[DEBUG] Fact     : i8** %argv | ID: main.1
[DEBUG] Value    : TOP
[DEBUG]  
[DEBUG] Function : main
[DEBUG] Inst.    : store i8* %1, i8** %exn.slot, align 8, !psr.id !58 | ID: 54
[DEBUG] Fact     : %argv.addr = alloca i8**, align 8, !psr.id !43 | ID: 39
[DEBUG] Value    : TOP
[DEBUG]  
[DEBUG] Function : main
[DEBUG] Inst.    : store i8* %1, i8** %exn.slot, align 8, !psr.id !58 | ID: 54
[DEBUG] Fact     : call void @_Z11source_funcB5cxx11v(%"class.std::__cxx11::basic_string"* sret(%"class.std::__cxx11::basic_string") align 8 %conspicuous_x), !psr.id !50 | ID: 46
[DEBUG] Value    : TOP
[DEBUG]  
[DEBUG] Function : main
[DEBUG] Inst.    : store i8* %1, i8** %exn.slot, align 8, !psr.id !58 | ID: 54
[DEBUG] Fact     : @zero_value = constant i2 0, align 4 | ID: -1
[DEBUG] Value    : TOP
[DEBUG]  
[DEBUG] Function : main
[DEBUG] Inst.    : %2 = extractvalue { i8*, i32 } %0, 1, !psr.id !59 | ID: 55
[DEBUG] Fact     : i32 %argc | ID: main.0
[DEBUG] Value    : TOP
[DEBUG]  
[DEBUG] Function : main
[DEBUG] Inst.    : %2 = extractvalue { i8*, i32 } %0, 1, !psr.id !59 | ID: 55
[DEBUG] Fact     : %argc.addr = alloca i32, align 4, !psr.id !42 | ID: 38
[DEBUG] Value    : TOP
[DEBUG]  
[DEBUG] Function : main
[DEBUG] Inst.    : %2 = extractvalue { i8*, i32 } %0, 1, !psr.id !59 | ID: 55
[DEBUG] Fact     : i8** %argv | ID: main.1
[DEBUG] Value    : TOP
[DEBUG]  
[DEBUG] Function : main
[DEBUG] Inst.    : %2 = extractvalue { i8*, i32 } %0, 1, !psr.id !59 | ID: 55
[DEBUG] Fact     : %argv.addr = alloca i8**, align 8, !psr.id !43 | ID: 39
[DEBUG] Value    : TOP
[DEBUG]  
[DEBUG] Function : main
[DEBUG] Inst.    : %2 = extractvalue { i8*, i32 } %0, 1, !psr.id !59 | ID: 55
[DEBUG] Fact     : call void @_Z11source_funcB5cxx11v(%"class.std::__cxx11::basic_string"* sret(%"class.std::__cxx11::basic_string") align 8 %conspicuous_x), !psr.id !50 | ID: 46
[DEBUG] Value    : TOP
[DEBUG]  
[DEBUG] Function : main
[DEBUG] Inst.    : %2 = extractvalue { i8*, i32 } %0, 1, !psr.id !59 | ID: 55
[DEBUG] Fact     : @zero_value = constant i2 0, align 4 | ID: -1
[DEBUG] Value    : TOP
[DEBUG]  
[DEBUG] Function : main
[DEBUG] Inst.    : store i32 %2, i32* %ehselector.slot, align 4, !psr.id !60 | ID: 56
[DEBUG] Fact     : i32 %argc | ID: main.0
[DEBUG] Value    : TOP
[DEBUG]  
[DEBUG] Function : main
[DEBUG] Inst.    : store i32 %2, i32* %ehselector.slot, align 4, !psr.id !60 | ID: 56
[DEBUG] Fact     : %argc.addr = alloca i32, align 4, !psr.id !42 | ID: 38
[DEBUG] Value    : TOP
[DEBUG]  
[DEBUG] Function : main
[DEBUG] Inst.    : store i32 %2, i32* %ehselector.slot, align 4, !psr.id !60 | ID: 56
[DEBUG] Fact     : i8** %argv | ID: main.1
[DEBUG] Value    : TOP
[DEBUG]  
[DEBUG] Function : main
[DEBUG] Inst.    : store i32 %2, i32* %ehselector.slot, align 4, !psr.id !60 | ID: 56
[DEBUG] Fact     : %argv.addr = alloca i8**, align 8, !psr.id !43 | ID: 39
[DEBUG] Value    : TOP
[DEBUG]  
[DEBUG] Function : main
[DEBUG] Inst.    : store i32 %2, i32* %ehselector.slot, align 4, !psr.id !60 | ID: 56
[DEBUG] Fact     : call void @_Z11source_funcB5cxx11v(%"class.std::__cxx11::basic_string"* sret(%"class.std::__cxx11::basic_string") align 8 %conspicuous_x), !psr.id !50 | ID: 46
[DEBUG] Value    : TOP
[DEBUG]  
[DEBUG] Function : main
[DEBUG] Inst.    : store i32 %2, i32* %ehselector.slot, align 4, !psr.id !60 | ID: 56
[DEBUG] Fact     : @zero_value = constant i2 0, align 4 | ID: -1
[DEBUG] Value    : TOP
[DEBUG]  
[DEBUG] Function : main
[DEBUG] Inst.    : br label %eh.resume, !psr.id !62 | ID: 58
[DEBUG] Fact     : i32 %argc | ID: main.0
[DEBUG] Value    : TOP
[DEBUG]  
[DEBUG] Function : main
[DEBUG] Inst.    : br label %eh.resume, !psr.id !62 | ID: 58
[DEBUG] Fact     : %argc.addr = alloca i32, align 4, !psr.id !42 | ID: 38
[DEBUG] Value    : TOP
[DEBUG]  
[DEBUG] Function : main
[DEBUG] Inst.    : br label %eh.resume, !psr.id !62 | ID: 58
[DEBUG] Fact     : i8** %argv | ID: main.1
[DEBUG] Value    : TOP
[DEBUG]  
[DEBUG] Function : main
[DEBUG] Inst.    : br label %eh.resume, !psr.id !62 | ID: 58
[DEBUG] Fact     : %argv.addr = alloca i8**, align 8, !psr.id !43 | ID: 39
[DEBUG] Value    : TOP
[DEBUG]  
[DEBUG] Function : main
[DEBUG] Inst.    : br label %eh.resume, !psr.id !62 | ID: 58
[DEBUG] Fact     : call void @_Z11source_funcB5cxx11v(%"class.std::__cxx11::basic_string"* sret(%"class.std::__cxx11::basic_string") align 8 %conspicuous_x), !psr.id !50 | ID: 46
[DEBUG] Value    : TOP
[DEBUG]  
[DEBUG] Function : main
[DEBUG] Inst.    : br label %eh.resume, !psr.id !62 | ID: 58
[DEBUG] Fact     : @zero_value = constant i2 0, align 4 | ID: -1
[DEBUG] Value    : TOP
[DEBUG]  
[DEBUG] Function : main
[DEBUG] Inst.    : %exn = load i8*, i8** %exn.slot, align 8, !psr.id !63 | ID: 59
[DEBUG] Fact     : i32 %argc | ID: main.0
[DEBUG] Value    : TOP
[DEBUG]  
[DEBUG] Function : main
[DEBUG] Inst.    : %exn = load i8*, i8** %exn.slot, align 8, !psr.id !63 | ID: 59
[DEBUG] Fact     : %argc.addr = alloca i32, align 4, !psr.id !42 | ID: 38
[DEBUG] Value    : TOP
[DEBUG]  
[DEBUG] Function : main
[DEBUG] Inst.    : %exn = load i8*, i8** %exn.slot, align 8, !psr.id !63 | ID: 59
[DEBUG] Fact     : i8** %argv | ID: main.1
[DEBUG] Value    : TOP
[DEBUG]  
[DEBUG] Function : main
[DEBUG] Inst.    : %exn = load i8*, i8** %exn.slot, align 8, !psr.id !63 | ID: 59
[DEBUG] Fact     : %argv.addr = alloca i8**, align 8, !psr.id !43 | ID: 39
[DEBUG] Value    : TOP
[DEBUG]  
[DEBUG] Function : main
[DEBUG] Inst.    : %exn = load i8*, i8** %exn.slot, align 8, !psr.id !63 | ID: 59
[DEBUG] Fact     : call void @_Z11source_funcB5cxx11v(%"class.std::__cxx11::basic_string"* sret(%"class.std::__cxx11::basic_string") align 8 %conspicuous_x), !psr.id !50 | ID: 46
[DEBUG] Value    : TOP
[DEBUG]  
[DEBUG] Function : main
[DEBUG] Inst.    : %exn = load i8*, i8** %exn.slot, align 8, !psr.id !63 | ID: 59
[DEBUG] Fact     : @zero_value = constant i2 0, align 4 | ID: -1
[DEBUG] Value    : TOP
[DEBUG]  
[DEBUG] Function : main
[DEBUG] Inst.    : %sel = load i32, i32* %ehselector.slot, align 4, !psr.id !64 | ID: 60
[DEBUG] Fact     : i32 %argc | ID: main.0
[DEBUG] Value    : TOP
[DEBUG]  
[DEBUG] Function : main
[DEBUG] Inst.    : %sel = load i32, i32* %ehselector.slot, align 4, !psr.id !64 | ID: 60
[DEBUG] Fact     : %argc.addr = alloca i32, align 4, !psr.id !42 | ID: 38
[DEBUG] Value    : TOP
[DEBUG]  
[DEBUG] Function : main
[DEBUG] Inst.    : %sel = load i32, i32* %ehselector.slot, align 4, !psr.id !64 | ID: 60
[DEBUG] Fact     : i8** %argv | ID: main.1
[DEBUG] Value    : TOP
[DEBUG]  
[DEBUG] Function : main
[DEBUG] Inst.    : %sel = load i32, i32* %ehselector.slot, align 4, !psr.id !64 | ID: 60
[DEBUG] Fact     : %argv.addr = alloca i8**, align 8, !psr.id !43 | ID: 39
[DEBUG] Value    : TOP
[DEBUG]  
[DEBUG] Function : main
[DEBUG] Inst.    : %sel = load i32, i32* %ehselector.slot, align 4, !psr.id !64 | ID: 60
[DEBUG] Fact     : call void @_Z11source_funcB5cxx11v(%"class.std::__cxx11::basic_string"* sret(%"class.std::__cxx11::basic_string") align 8 %conspicuous_x), !psr.id !50 | ID: 46
[DEBUG] Value    : TOP
[DEBUG]  
[DEBUG] Function : main
[DEBUG] Inst.    : %sel = load i32, i32* %ehselector.slot, align 4, !psr.id !64 | ID: 60
[DEBUG] Fact     : @zero_value = constant i2 0, align 4 | ID: -1
[DEBUG] Value    : TOP
[DEBUG]  
[DEBUG] Function : main
[DEBUG] Inst.    : %lpad.val = insertvalue { i8*, i32 } undef, i8* %exn, 0, !psr.id !65 | ID: 61
[DEBUG] Fact     : i32 %argc | ID: main.0
[DEBUG] Value    : TOP
[DEBUG]  
[DEBUG] Function : main
[DEBUG] Inst.    : %lpad.val = insertvalue { i8*, i32 } undef, i8* %exn, 0, !psr.id !65 | ID: 61
[DEBUG] Fact     : %argc.addr = alloca i32, align 4, !psr.id !42 | ID: 38
[DEBUG] Value    : TOP
[DEBUG]  
[DEBUG] Function : main
[DEBUG] Inst.    : %lpad.val = insertvalue { i8*, i32 } undef, i8* %exn, 0, !psr.id !65 | ID: 61
[DEBUG] Fact     : i8** %argv | ID: main.1
[DEBUG] Value    : TOP
[DEBUG]  
[DEBUG] Function : main
[DEBUG] Inst.    : %lpad.val = insertvalue { i8*, i32 } undef, i8* %exn, 0, !psr.id !65 | ID: 61
[DEBUG] Fact     : %argv.addr = alloca i8**, align 8, !psr.id !43 | ID: 39
[DEBUG] Value    : TOP
[DEBUG]  
[DEBUG] Function : main
[DEBUG] Inst.    : %lpad.val = insertvalue { i8*, i32 } undef, i8* %exn, 0, !psr.id !65 | ID: 61
[DEBUG] Fact     : call void @_Z11source_funcB5cxx11v(%"class.std::__cxx11::basic_string"* sret(%"class.std::__cxx11::basic_string") align 8 %conspicuous_x), !psr.id !50 | ID: 46
[DEBUG] Value    : TOP
[DEBUG]  
[DEBUG] Function : main
[DEBUG] Inst.    : %lpad.val = insertvalue { i8*, i32 } undef, i8* %exn, 0, !psr.id !65 | ID: 61
[DEBUG] Fact     : @zero_value = constant i2 0, align 4 | ID: -1
[DEBUG] Value    : TOP
[DEBUG]  
[DEBUG] Function : main
[DEBUG] Inst.    : %lpad.val1 = insertvalue { i8*, i32 } %lpad.val, i32 %sel, 1, !psr.id !66 | ID: 62
[DEBUG] Fact     : i32 %argc | ID: main.0
[DEBUG] Value    : TOP
[DEBUG]  
[DEBUG] Function : main
[DEBUG] Inst.    : %lpad.val1 = insertvalue { i8*, i32 } %lpad.val, i32 %sel, 1, !psr.id !66 | ID: 62
[DEBUG] Fact     : %argc.addr = alloca i32, align 4, !psr.id !42 | ID: 38
[DEBUG] Value    : TOP
[DEBUG]  
[DEBUG] Function : main
[DEBUG] Inst.    : %lpad.val1 = insertvalue { i8*, i32 } %lpad.val, i32 %sel, 1, !psr.id !66 | ID: 62
[DEBUG] Fact     : i8** %argv | ID: main.1
[DEBUG] Value    : TOP
[DEBUG]  
[DEBUG] Function : main
[DEBUG] Inst.    : %lpad.val1 = insertvalue { i8*, i32 } %lpad.val, i32 %sel, 1, !psr.id !66 | ID: 62
[DEBUG] Fact     : %argv.addr = alloca i8**, align 8, !psr.id !43 | ID: 39
[DEBUG] Value    : TOP
[DEBUG]  
[DEBUG] Function : main
[DEBUG] Inst.    : %lpad.val1 = insertvalue { i8*, i32 } %lpad.val, i32 %sel, 1, !psr.id !66 | ID: 62
[DEBUG] Fact     : call void @_Z11source_funcB5cxx11v(%"class.std::__cxx11::basic_string"* sret(%"class.std::__cxx11::basic_string") align 8 %conspicuous_x), !psr.id !50 | ID: 46
[DEBUG] Value    : TOP
[DEBUG]  
[DEBUG] Function : main
[DEBUG] Inst.    : %lpad.val1 = insertvalue { i8*, i32 } %lpad.val, i32 %sel, 1, !psr.id !66 | ID: 62
[DEBUG] Fact     : @zero_value = constant i2 0, align 4 | ID: -1
[DEBUG] Value    : TOP
[DEBUG]  
[DEBUG] Function : main
[DEBUG] Inst.    : resume { i8*, i32 } %lpad.val1, !psr.id !67 | ID: 63
[DEBUG] Fact     : i32 %argc | ID: main.0
[DEBUG] Value    : TOP
[DEBUG]  
[DEBUG] Function : main
[DEBUG] Inst.    : resume { i8*, i32 } %lpad.val1, !psr.id !67 | ID: 63
[DEBUG] Fact     : %argc.addr = alloca i32, align 4, !psr.id !42 | ID: 38
[DEBUG] Value    : TOP
[DEBUG]  
[DEBUG] Function : main
[DEBUG] Inst.    : resume { i8*, i32 } %lpad.val1, !psr.id !67 | ID: 63
[DEBUG] Fact     : i8** %argv | ID: main.1
[DEBUG] Value    : TOP
[DEBUG]  
[DEBUG] Function : main
[DEBUG] Inst.    : resume { i8*, i32 } %lpad.val1, !psr.id !67 | ID: 63
[DEBUG] Fact     : %argv.addr = alloca i8**, align 8, !psr.id !43 | ID: 39
[DEBUG] Value    : TOP
[DEBUG]  
[DEBUG] Function : main
[DEBUG] Inst.    : resume { i8*, i32 } %lpad.val1, !psr.id !67 | ID: 63
[DEBUG] Fact     : call void @_Z11source_funcB5cxx11v(%"class.std::__cxx11::basic_string"* sret(%"class.std::__cxx11::basic_string") align 8 %conspicuous_x), !psr.id !50 | ID: 46
[DEBUG] Value    : TOP
[DEBUG]  
[DEBUG] Function : main
[DEBUG] Inst.    : resume { i8*, i32 } %lpad.val1, !psr.id !67 | ID: 63
[DEBUG] Fact     : @zero_value = constant i2 0, align 4 | ID: -1
[DEBUG] Value    : TOP
[DEBUG]  
[DEBUG] Function : _ZNSt15__new_allocatorIcED2Ev
[DEBUG] Inst.    : store %"class.std::__new_allocator"* %this, %"class.std::__new_allocator"** %this.addr, align 8, !psr.id !69 | ID: 65
[DEBUG] Fact     : @zero_value = constant i2 0, align 4 | ID: -1
[DEBUG] Value    : TOP
[DEBUG]  
[DEBUG] Function : _ZNSt15__new_allocatorIcED2Ev
[DEBUG] Inst.    : %this1 = load %"class.std::__new_allocator"*, %"class.std::__new_allocator"** %this.addr, align 8, !psr.id !70 | ID: 66
[DEBUG] Fact     : @zero_value = constant i2 0, align 4 | ID: -1
[DEBUG] Value    : TOP
[DEBUG]  
[DEBUG] Function : _ZNSt15__new_allocatorIcED2Ev
[DEBUG] Inst.    : ret void, !psr.id !71 | ID: 67
[DEBUG] Fact     : @zero_value = constant i2 0, align 4 | ID: -1
[DEBUG] Value    : TOP
[DEBUG]  
[INFO] Problem solved
PhASAR v0323
A LLVM-based static analysis framework


----- Found the following leaks -----
No leaks found!
